data,ano,mes_num,mes,dia,coleta,grupo,produto,unidade,preco,mercado,arquivo
2026-01-05,2026,1,Janeiro,5,"01 Jan (5,7)",Origem animal,ACEM C/ OSSO,Kg,25.0,Mercado Maria Virginia Leite Franco,PRECOS-DE-VAREJO_MERCADO-CENTRAL-DE-ARACAJU_SEMANAL_5-E-7-JAN-2026-1.pdf
2026-01-05,2026,1,Janeiro,5,"01 Jan (5,7)",Origem animal,ACEM S/ OSSO,Kg,34.0,Mercado Maria Virginia Leite Franco,PRECOS-DE-VAREJO_MERCADO-CENTRAL-DE-ARACAJU_SEMANAL_5-E-7-JAN-2026-1.pdf
2026-01-05,2026,1,Janeiro,5,"01 Jan (5,7)",Origem animal,ALCATRA,Kg,40.0,Mercado Maria Virginia Leite Franco,PRECOS-DE-VAREJO_MERCADO-CENTRAL-DE-ARACAJU_SEMANAL_5-E-7-JAN-2026-1.pdf
2026-01-05,2026,1,Janeiro,5,"01 Jan (5,7)",Origem animal,CARNE SUINA TRASEIRA,Kg,23.0,Mercado Maria Virginia Leite Franco,PRECOS-DE-VAREJO_MERCADO-CENTRAL-DE-ARACAJU_SEMANAL_5-E-7-JAN-2026-1.pdf
2026-01-05,2026,1,Janeiro,5,"01 Jan (5,7)",Origem animal,CHA DE DENTRO (COXAO MOLE),Kg,40.0,Mercado Maria Virginia Leite Franco,PRECOS-DE-VAREJO_MERCADO-CENTRAL-DE-ARACAJU_SEMANAL_5-E-7-JAN-2026-1.pdf
2026-01-05,2026,1,Janeiro,5,"01 Jan (5,7)",Origem animal,CHA DE FORA (COXAO DURO),Kg,38.0,Mercado Maria Virginia Leite Franco,PRECOS-DE-VAREJO_MERCADO-CENTRAL-DE-ARACAJU_SEMANAL_5-E-7-JAN-2026-1.pdf
2026-01-05,2026,1,Janeiro,5,"01 Jan (5,7)",Origem animal,CONTRA FILE,Kg,40.0,Mercado Maria Virginia Leite Franco,PRECOS-DE-VAREJO_MERCADO-CENTRAL-DE-ARACAJU_SEMANAL_5-E-7-JAN-2026-1.pdf
2026-01-05,2026,1,Janeiro,5,"01 Jan (5,7)",Origem animal,COSTELA,Kg,22.0,Mercado Maria Virginia Leite Franco,PRECOS-DE-VAREJO_MERCADO-CENTRAL-DE-ARACAJU_SEMANAL_5-E-7-JAN-2026-1.pdf
2026-01-05,2026,1,Janeiro,5,"01 Jan (5,7)",Origem animal,FILE MIGNION,Kg,52.0,Mercado Maria Virginia Leite Franco,PRECOS-DE-VAREJO_MERCADO-CENTRAL-DE-ARACAJU_SEMANAL_5-E-7-JAN-2026-1.pdf
2026-01-05,2026,1,Janeiro,5,"01 Jan (5,7)",Origem animal,FRANGO DE GRANJA,Kg,16.0,Mercado Maria Virginia Leite Franco,PRECOS-DE-VAREJO_MERCADO-CENTRAL-DE-ARACAJU_SEMANAL_5-E-7-JAN-2026-1.pdf
2026-01-05,2026,1,Janeiro,5,"01 Jan (5,7)",Origem animal,MANTEIGA,Kg,38.0,Mercado Maria Virginia Leite Franco,PRECOS-DE-VAREJO_MERCADO-CENTRAL-DE-ARACAJU_SEMANAL_5-E-7-JAN-2026-1.pdf
2026-01-05,2026,1,Janeiro,5,"01 Jan (5,7)",Origem animal,MUSCULO,Kg,27.0,Mercado Maria Virginia Leite Franco,PRECOS-DE-VAREJO_MERCADO-CENTRAL-DE-ARACAJU_SEMANAL_5-E-7-JAN-2026-1.pdf
2026-01-05,2026,1,Janeiro,5,"01 Jan (5,7)",Origem animal,OVO BRANCO GRANDE,Dz,8.0,Mercado Maria Virginia Leite Franco,PRECOS-DE-VAREJO_MERCADO-CENTRAL-DE-ARACAJU_SEMANAL_5-E-7-JAN-2026-1.pdf
2026-01-05,2026,1,Janeiro,5,"01 Jan (5,7)",Origem animal,OVO VERMELHO GRANDE,Dz,9.0,Mercado Maria Virginia Leite Franco,PRECOS-DE-VAREJO_MERCADO-CENTRAL-DE-ARACAJU_SEMANAL_5-E-7-JAN-2026-1.pdf
2026-01-05,2026,1,Janeiro,5,"01 Jan (5,7)",Origem animal,PALETA C/ OSSO,Kg,24.0,Mercado Maria Virginia Leite Franco,PRECOS-DE-VAREJO_MERCADO-CENTRAL-DE-ARACAJU_SEMANAL_5-E-7-JAN-2026-1.pdf
2026-01-05,2026,1,Janeiro,5,"01 Jan (5,7)",Origem animal,PATINHO,Kg,37.0,Mercado Maria Virginia Leite Franco,PRECOS-DE-VAREJO_MERCADO-CENTRAL-DE-ARACAJU_SEMANAL_5-E-7-JAN-2026-1.pdf
2026-01-05,2026,1,Janeiro,5,"01 Jan (5,7)",Origem animal,PEITO C/ OSSO,Kg,22.0,Mercado Maria Virginia Leite Franco,PRECOS-DE-VAREJO_MERCADO-CENTRAL-DE-ARACAJU_SEMANAL_5-E-7-JAN-2026-1.pdf
2026-01-05,2026,1,Janeiro,5,"01 Jan (5,7)",Origem animal,QUEIJO COALHO,Kg,28.0,Mercado Maria Virginia Leite Franco,PRECOS-DE-VAREJO_MERCADO-CENTRAL-DE-ARACAJU_SEMANAL_5-E-7-JAN-2026-1.pdf
2026-01-05,2026,1,Janeiro,5,"01 Jan (5,7)",Origem vegetal,ABACAXI GRANDE,Um,6.0,Mercado Maria Virginia Leite Franco,PRECOS-DE-VAREJO_MERCADO-CENTRAL-DE-ARACAJU_SEMANAL_5-E-7-JAN-2026-1.pdf
2026-01-05,2026,1,Janeiro,5,"01 Jan (5,7)",Origem vegetal,ABOBORA,Kg,5.0,Mercado Maria Virginia Leite Franco,PRECOS-DE-VAREJO_MERCADO-CENTRAL-DE-ARACAJU_SEMANAL_5-E-7-JAN-2026-1.pdf
2026-01-05,2026,1,Janeiro,5,"01 Jan (5,7)",Origem vegetal,ABOBRINHA,Kg,4.0,Mercado Maria Virginia Leite Franco,PRECOS-DE-VAREJO_MERCADO-CENTRAL-DE-ARACAJU_SEMANAL_5-E-7-JAN-2026-1.pdf
2026-01-05,2026,1,Janeiro,5,"01 Jan (5,7)",Origem vegetal,ACEROLA,Kg,10.0,Mercado Maria Virginia Leite Franco,PRECOS-DE-VAREJO_MERCADO-CENTRAL-DE-ARACAJU_SEMANAL_5-E-7-JAN-2026-1.pdf
2026-01-05,2026,1,Janeiro,5,"01 Jan (5,7)",Origem vegetal,ALFACE,Pe,2.0,Mercado Maria Virginia Leite Franco,PRECOS-DE-VAREJO_MERCADO-CENTRAL-DE-ARACAJU_SEMANAL_5-E-7-JAN-2026-1.pdf
2026-01-05,2026,1,Janeiro,5,"01 Jan (5,7)",Origem vegetal,ALHO,Cab.,2.5,Mercado Maria Virginia Leite Franco,PRECOS-DE-VAREJO_MERCADO-CENTRAL-DE-ARACAJU_SEMANAL_5-E-7-JAN-2026-1.pdf
2026-01-05,2026,1,Janeiro,5,"01 Jan (5,7)",Origem vegetal,AMENDOIM C/CASCA COZIDO,Lata,10.0,Mercado Maria Virginia Leite Franco,PRECOS-DE-VAREJO_MERCADO-CENTRAL-DE-ARACAJU_SEMANAL_5-E-7-JAN-2026-1.pdf
2026-01-05,2026,1,Janeiro,5,"01 Jan (5,7)",Origem vegetal,ARROZ AGULHA T 1,Kg,6.5,Mercado Maria Virginia Leite Franco,PRECOS-DE-VAREJO_MERCADO-CENTRAL-DE-ARACAJU_SEMANAL_5-E-7-JAN-2026-1.pdf
2026-01-05,2026,1,Janeiro,5,"01 Jan (5,7)",Origem vegetal,BANANA PRATA,Dz,5.0,Mercado Maria Virginia Leite Franco,PRECOS-DE-VAREJO_MERCADO-CENTRAL-DE-ARACAJU_SEMANAL_5-E-7-JAN-2026-1.pdf
2026-01-05,2026,1,Janeiro,5,"01 Jan (5,7)",Origem vegetal,BATATA DOCE,Kg,4.0,Mercado Maria Virginia Leite Franco,PRECOS-DE-VAREJO_MERCADO-CENTRAL-DE-ARACAJU_SEMANAL_5-E-7-JAN-2026-1.pdf
2026-01-05,2026,1,Janeiro,5,"01 Jan (5,7)",Origem vegetal,BATATA LISA,Kg,4.0,Mercado Maria Virginia Leite Franco,PRECOS-DE-VAREJO_MERCADO-CENTRAL-DE-ARACAJU_SEMANAL_5-E-7-JAN-2026-1.pdf
2026-01-05,2026,1,Janeiro,5,"01 Jan (5,7)",Origem vegetal,BETERRABA,Kg,4.0,Mercado Maria Virginia Leite Franco,PRECOS-DE-VAREJO_MERCADO-CENTRAL-DE-ARACAJU_SEMANAL_5-E-7-JAN-2026-1.pdf
2026-01-05,2026,1,Janeiro,5,"01 Jan (5,7)",Origem vegetal,CAJU,Um,1.0,Mercado Maria Virginia Leite Franco,PRECOS-DE-VAREJO_MERCADO-CENTRAL-DE-ARACAJU_SEMANAL_5-E-7-JAN-2026-1.pdf
2026-01-05,2026,1,Janeiro,5,"01 Jan (5,7)",Origem vegetal,CEBOLA BRANCA,Kg,3.0,Mercado Maria Virginia Leite Franco,PRECOS-DE-VAREJO_MERCADO-CENTRAL-DE-ARACAJU_SEMANAL_5-E-7-JAN-2026-1.pdf
2026-01-05,2026,1,Janeiro,5,"01 Jan (5,7)",Origem vegetal,CEBOLA ROXA,Kg,4.0,Mercado Maria Virginia Leite Franco,PRECOS-DE-VAREJO_MERCADO-CENTRAL-DE-ARACAJU_SEMANAL_5-E-7-JAN-2026-1.pdf
2026-01-05,2026,1,Janeiro,5,"01 Jan (5,7)",Origem vegetal,CEBOLINHA,Molho,2.0,Mercado Maria Virginia Leite Franco,PRECOS-DE-VAREJO_MERCADO-CENTRAL-DE-ARACAJU_SEMANAL_5-E-7-JAN-2026-1.pdf
2026-01-05,2026,1,Janeiro,5,"01 Jan (5,7)",Origem vegetal,CENOURA,Kg,4.0,Mercado Maria Virginia Leite Franco,PRECOS-DE-VAREJO_MERCADO-CENTRAL-DE-ARACAJU_SEMANAL_5-E-7-JAN-2026-1.pdf
2026-01-05,2026,1,Janeiro,5,"01 Jan (5,7)",Origem vegetal,CHUCHU,Um,2.0,Mercado Maria Virginia Leite Franco,PRECOS-DE-VAREJO_MERCADO-CENTRAL-DE-ARACAJU_SEMANAL_5-E-7-JAN-2026-1.pdf
2026-01-05,2026,1,Janeiro,5,"01 Jan (5,7)",Origem vegetal,COCO SECO,Um,7.0,Mercado Maria Virginia Leite Franco,PRECOS-DE-VAREJO_MERCADO-CENTRAL-DE-ARACAJU_SEMANAL_5-E-7-JAN-2026-1.pdf
2026-01-05,2026,1,Janeiro,5,"01 Jan (5,7)",Origem vegetal,COCO VERDE,Um,5.0,Mercado Maria Virginia Leite Franco,PRECOS-DE-VAREJO_MERCADO-CENTRAL-DE-ARACAJU_SEMANAL_5-E-7-JAN-2026-1.pdf
2026-01-05,2026,1,Janeiro,5,"01 Jan (5,7)",Origem vegetal,COENTRO,Molho,2.0,Mercado Maria Virginia Leite Franco,PRECOS-DE-VAREJO_MERCADO-CENTRAL-DE-ARACAJU_SEMANAL_5-E-7-JAN-2026-1.pdf
2026-01-05,2026,1,Janeiro,5,"01 Jan (5,7)",Origem vegetal,COUVE,Molho,2.0,Mercado Maria Virginia Leite Franco,PRECOS-DE-VAREJO_MERCADO-CENTRAL-DE-ARACAJU_SEMANAL_5-E-7-JAN-2026-1.pdf
2026-01-05,2026,1,Janeiro,5,"01 Jan (5,7)",Origem vegetal,COUVE-FLOR,Kg,13.0,Mercado Maria Virginia Leite Franco,PRECOS-DE-VAREJO_MERCADO-CENTRAL-DE-ARACAJU_SEMANAL_5-E-7-JAN-2026-1.pdf
2026-01-05,2026,1,Janeiro,5,"01 Jan (5,7)",Origem vegetal,FARINHA DE MANDIOCA,Kg,6.0,Mercado Maria Virginia Leite Franco,PRECOS-DE-VAREJO_MERCADO-CENTRAL-DE-ARACAJU_SEMANAL_5-E-7-JAN-2026-1.pdf
2026-01-05,2026,1,Janeiro,5,"01 Jan (5,7)",Origem vegetal,FEIJAO CARIOQUINHA,Kg,6.5,Mercado Maria Virginia Leite Franco,PRECOS-DE-VAREJO_MERCADO-CENTRAL-DE-ARACAJU_SEMANAL_5-E-7-JAN-2026-1.pdf
2026-01-05,2026,1,Janeiro,5,"01 Jan (5,7)",Origem vegetal,GOIABA VERMELHA,Kg,4.0,Mercado Maria Virginia Leite Franco,PRECOS-DE-VAREJO_MERCADO-CENTRAL-DE-ARACAJU_SEMANAL_5-E-7-JAN-2026-1.pdf
2026-01-05,2026,1,Janeiro,5,"01 Jan (5,7)",Origem vegetal,INHAME DA COSTA,Kg,15.0,Mercado Maria Virginia Leite Franco,PRECOS-DE-VAREJO_MERCADO-CENTRAL-DE-ARACAJU_SEMANAL_5-E-7-JAN-2026-1.pdf
2026-01-05,2026,1,Janeiro,5,"01 Jan (5,7)",Origem vegetal,LARANJA PERA,Uma,0.7,Mercado Maria Virginia Leite Franco,PRECOS-DE-VAREJO_MERCADO-CENTRAL-DE-ARACAJU_SEMANAL_5-E-7-JAN-2026-1.pdf
2026-01-05,2026,1,Janeiro,5,"01 Jan (5,7)",Origem vegetal,LIMAO TAITI,Kg,4.0,Mercado Maria Virginia Leite Franco,PRECOS-DE-VAREJO_MERCADO-CENTRAL-DE-ARACAJU_SEMANAL_5-E-7-JAN-2026-1.pdf
2026-01-05,2026,1,Janeiro,5,"01 Jan (5,7)",Origem vegetal,MACA NACIONAL,Kg,12.0,Mercado Maria Virginia Leite Franco,PRECOS-DE-VAREJO_MERCADO-CENTRAL-DE-ARACAJU_SEMANAL_5-E-7-JAN-2026-1.pdf
2026-01-05,2026,1,Janeiro,5,"01 Jan (5,7)",Origem vegetal,MACAXEIRA (AIPIM),Kg,3.0,Mercado Maria Virginia Leite Franco,PRECOS-DE-VAREJO_MERCADO-CENTRAL-DE-ARACAJU_SEMANAL_5-E-7-JAN-2026-1.pdf
2026-01-05,2026,1,Janeiro,5,"01 Jan (5,7)",Origem vegetal,MAMAO FORMOSA,Kg,4.0,Mercado Maria Virginia Leite Franco,PRECOS-DE-VAREJO_MERCADO-CENTRAL-DE-ARACAJU_SEMANAL_5-E-7-JAN-2026-1.pdf
2026-01-05,2026,1,Janeiro,5,"01 Jan (5,7)",Origem vegetal,MAMAO HAWAY,Kg,5.0,Mercado Maria Virginia Leite Franco,PRECOS-DE-VAREJO_MERCADO-CENTRAL-DE-ARACAJU_SEMANAL_5-E-7-JAN-2026-1.pdf
2026-01-05,2026,1,Janeiro,5,"01 Jan (5,7)",Origem vegetal,MANGA TOMMY,Kg,4.0,Mercado Maria Virginia Leite Franco,PRECOS-DE-VAREJO_MERCADO-CENTRAL-DE-ARACAJU_SEMANAL_5-E-7-JAN-2026-1.pdf
2026-01-05,2026,1,Janeiro,5,"01 Jan (5,7)",Origem vegetal,MARACUJA,Kg,9.0,Mercado Maria Virginia Leite Franco,PRECOS-DE-VAREJO_MERCADO-CENTRAL-DE-ARACAJU_SEMANAL_5-E-7-JAN-2026-1.pdf
2026-01-05,2026,1,Janeiro,5,"01 Jan (5,7)",Origem vegetal,MAXIXE,Kg,6.0,Mercado Maria Virginia Leite Franco,PRECOS-DE-VAREJO_MERCADO-CENTRAL-DE-ARACAJU_SEMANAL_5-E-7-JAN-2026-1.pdf
2026-01-05,2026,1,Janeiro,5,"01 Jan (5,7)",Origem vegetal,MELANCIA,Kg,1.5,Mercado Maria Virginia Leite Franco,PRECOS-DE-VAREJO_MERCADO-CENTRAL-DE-ARACAJU_SEMANAL_5-E-7-JAN-2026-1.pdf
2026-01-05,2026,1,Janeiro,5,"01 Jan (5,7)",Origem vegetal,MELAO ESPANHOL,Kg,4.0,Mercado Maria Virginia Leite Franco,PRECOS-DE-VAREJO_MERCADO-CENTRAL-DE-ARACAJU_SEMANAL_5-E-7-JAN-2026-1.pdf
2026-01-05,2026,1,Janeiro,5,"01 Jan (5,7)",Origem vegetal,MILHO EM GRAO,Kg,2.0,Mercado Maria Virginia Leite Franco,PRECOS-DE-VAREJO_MERCADO-CENTRAL-DE-ARACAJU_SEMANAL_5-E-7-JAN-2026-1.pdf
2026-01-05,2026,1,Janeiro,5,"01 Jan (5,7)",Origem vegetal,MILHO VERDE,Espiga,1.0,Mercado Maria Virginia Leite Franco,PRECOS-DE-VAREJO_MERCADO-CENTRAL-DE-ARACAJU_SEMANAL_5-E-7-JAN-2026-1.pdf
2026-01-05,2026,1,Janeiro,5,"01 Jan (5,7)",Origem vegetal,MORANGO,"Cx 0,3Kg",7.0,Mercado Maria Virginia Leite Franco,PRECOS-DE-VAREJO_MERCADO-CENTRAL-DE-ARACAJU_SEMANAL_5-E-7-JAN-2026-1.pdf
2026-01-05,2026,1,Janeiro,5,"01 Jan (5,7)",Origem vegetal,PIMENTAO VERDE,Um,1.5,Mercado Maria Virginia Leite Franco,PRECOS-DE-VAREJO_MERCADO-CENTRAL-DE-ARACAJU_SEMANAL_5-E-7-JAN-2026-1.pdf
2026-01-05,2026,1,Janeiro,5,"01 Jan (5,7)",Origem vegetal,QUIABO,Cento,20.0,Mercado Maria Virginia Leite Franco,PRECOS-DE-VAREJO_MERCADO-CENTRAL-DE-ARACAJU_SEMANAL_5-E-7-JAN-2026-1.pdf
2026-01-05,2026,1,Janeiro,5,"01 Jan (5,7)",Origem vegetal,REPOLHO VERDE,Kg,5.0,Mercado Maria Virginia Leite Franco,PRECOS-DE-VAREJO_MERCADO-CENTRAL-DE-ARACAJU_SEMANAL_5-E-7-JAN-2026-1.pdf
2026-01-05,2026,1,Janeiro,5,"01 Jan (5,7)",Origem vegetal,TOMATE,Kg,3.0,Mercado Maria Virginia Leite Franco,PRECOS-DE-VAREJO_MERCADO-CENTRAL-DE-ARACAJU_SEMANAL_5-E-7-JAN-2026-1.pdf
2026-01-05,2026,1,Janeiro,5,"01 Jan (5,7)",Origem vegetal,UVA SEM SEMENTE,Kg,12.0,Mercado Maria Virginia Leite Franco,PRECOS-DE-VAREJO_MERCADO-CENTRAL-DE-ARACAJU_SEMANAL_5-E-7-JAN-2026-1.pdf
2026-01-05,2026,1,Janeiro,5,"01 Jan (5,7)",Origem vegetal,VAGEM,Kg,15.0,Mercado Maria Virginia Leite Franco,PRECOS-DE-VAREJO_MERCADO-CENTRAL-DE-ARACAJU_SEMANAL_5-E-7-JAN-2026-1.pdf
2026-01-07,2026,1,Janeiro,7,"01 Jan (5,7)",Origem animal,ACEM C/ OSSO,Kg,25.0,Mercado Maria Virginia Leite Franco,PRECOS-DE-VAREJO_MERCADO-CENTRAL-DE-ARACAJU_SEMANAL_5-E-7-JAN-2026-1.pdf
2026-01-07,2026,1,Janeiro,7,"01 Jan (5,7)",Origem animal,ACEM S/ OSSO,Kg,34.0,Mercado Maria Virginia Leite Franco,PRECOS-DE-VAREJO_MERCADO-CENTRAL-DE-ARACAJU_SEMANAL_5-E-7-JAN-2026-1.pdf
2026-01-07,2026,1,Janeiro,7,"01 Jan (5,7)",Origem animal,ALCATRA,Kg,40.0,Mercado Maria Virginia Leite Franco,PRECOS-DE-VAREJO_MERCADO-CENTRAL-DE-ARACAJU_SEMANAL_5-E-7-JAN-2026-1.pdf
2026-01-07,2026,1,Janeiro,7,"01 Jan (5,7)",Origem animal,CARNE SUINA TRASEIRA,Kg,23.0,Mercado Maria Virginia Leite Franco,PRECOS-DE-VAREJO_MERCADO-CENTRAL-DE-ARACAJU_SEMANAL_5-E-7-JAN-2026-1.pdf
2026-01-07,2026,1,Janeiro,7,"01 Jan (5,7)",Origem animal,CHA DE DENTRO (COXAO MOLE),Kg,40.0,Mercado Maria Virginia Leite Franco,PRECOS-DE-VAREJO_MERCADO-CENTRAL-DE-ARACAJU_SEMANAL_5-E-7-JAN-2026-1.pdf
2026-01-07,2026,1,Janeiro,7,"01 Jan (5,7)",Origem animal,CHA DE FORA (COXAO DURO),Kg,38.0,Mercado Maria Virginia Leite Franco,PRECOS-DE-VAREJO_MERCADO-CENTRAL-DE-ARACAJU_SEMANAL_5-E-7-JAN-2026-1.pdf
2026-01-07,2026,1,Janeiro,7,"01 Jan (5,7)",Origem animal,CONTRA FILE,Kg,40.0,Mercado Maria Virginia Leite Franco,PRECOS-DE-VAREJO_MERCADO-CENTRAL-DE-ARACAJU_SEMANAL_5-E-7-JAN-2026-1.pdf
2026-01-07,2026,1,Janeiro,7,"01 Jan (5,7)",Origem animal,COSTELA,Kg,22.0,Mercado Maria Virginia Leite Franco,PRECOS-DE-VAREJO_MERCADO-CENTRAL-DE-ARACAJU_SEMANAL_5-E-7-JAN-2026-1.pdf
2026-01-07,2026,1,Janeiro,7,"01 Jan (5,7)",Origem animal,FILE MIGNION,Kg,52.0,Mercado Maria Virginia Leite Franco,PRECOS-DE-VAREJO_MERCADO-CENTRAL-DE-ARACAJU_SEMANAL_5-E-7-JAN-2026-1.pdf
2026-01-07,2026,1,Janeiro,7,"01 Jan (5,7)",Origem animal,FRANGO DE GRANJA,Kg,16.0,Mercado Maria Virginia Leite Franco,PRECOS-DE-VAREJO_MERCADO-CENTRAL-DE-ARACAJU_SEMANAL_5-E-7-JAN-2026-1.pdf
2026-01-07,2026,1,Janeiro,7,"01 Jan (5,7)",Origem animal,MANTEIGA,Kg,38.0,Mercado Maria Virginia Leite Franco,PRECOS-DE-VAREJO_MERCADO-CENTRAL-DE-ARACAJU_SEMANAL_5-E-7-JAN-2026-1.pdf
2026-01-07,2026,1,Janeiro,7,"01 Jan (5,7)",Origem animal,MUSCULO,Kg,27.0,Mercado Maria Virginia Leite Franco,PRECOS-DE-VAREJO_MERCADO-CENTRAL-DE-ARACAJU_SEMANAL_5-E-7-JAN-2026-1.pdf
2026-01-07,2026,1,Janeiro,7,"01 Jan (5,7)",Origem animal,OVO BRANCO GRANDE,Dz,8.0,Mercado Maria Virginia Leite Franco,PRECOS-DE-VAREJO_MERCADO-CENTRAL-DE-ARACAJU_SEMANAL_5-E-7-JAN-2026-1.pdf
2026-01-07,2026,1,Janeiro,7,"01 Jan (5,7)",Origem animal,OVO VERMELHO GRANDE,Dz,9.0,Mercado Maria Virginia Leite Franco,PRECOS-DE-VAREJO_MERCADO-CENTRAL-DE-ARACAJU_SEMANAL_5-E-7-JAN-2026-1.pdf
2026-01-07,2026,1,Janeiro,7,"01 Jan (5,7)",Origem animal,PALETA C/ OSSO,Kg,24.0,Mercado Maria Virginia Leite Franco,PRECOS-DE-VAREJO_MERCADO-CENTRAL-DE-ARACAJU_SEMANAL_5-E-7-JAN-2026-1.pdf
2026-01-07,2026,1,Janeiro,7,"01 Jan (5,7)",Origem animal,PATINHO,Kg,37.0,Mercado Maria Virginia Leite Franco,PRECOS-DE-VAREJO_MERCADO-CENTRAL-DE-ARACAJU_SEMANAL_5-E-7-JAN-2026-1.pdf
2026-01-07,2026,1,Janeiro,7,"01 Jan (5,7)",Origem animal,PEITO C/ OSSO,Kg,22.0,Mercado Maria Virginia Leite Franco,PRECOS-DE-VAREJO_MERCADO-CENTRAL-DE-ARACAJU_SEMANAL_5-E-7-JAN-2026-1.pdf
2026-01-07,2026,1,Janeiro,7,"01 Jan (5,7)",Origem animal,QUEIJO COALHO,Kg,28.0,Mercado Maria Virginia Leite Franco,PRECOS-DE-VAREJO_MERCADO-CENTRAL-DE-ARACAJU_SEMANAL_5-E-7-JAN-2026-1.pdf
2026-01-07,2026,1,Janeiro,7,"01 Jan (5,7)",Origem vegetal,ABACAXI GRANDE,Um,6.0,Mercado Maria Virginia Leite Franco,PRECOS-DE-VAREJO_MERCADO-CENTRAL-DE-ARACAJU_SEMANAL_5-E-7-JAN-2026-1.pdf
2026-01-07,2026,1,Janeiro,7,"01 Jan (5,7)",Origem vegetal,ABOBORA,Kg,5.0,Mercado Maria Virginia Leite Franco,PRECOS-DE-VAREJO_MERCADO-CENTRAL-DE-ARACAJU_SEMANAL_5-E-7-JAN-2026-1.pdf
2026-01-07,2026,1,Janeiro,7,"01 Jan (5,7)",Origem vegetal,ABOBRINHA,Kg,4.0,Mercado Maria Virginia Leite Franco,PRECOS-DE-VAREJO_MERCADO-CENTRAL-DE-ARACAJU_SEMANAL_5-E-7-JAN-2026-1.pdf
2026-01-07,2026,1,Janeiro,7,"01 Jan (5,7)",Origem vegetal,ACEROLA,Kg,10.0,Mercado Maria Virginia Leite Franco,PRECOS-DE-VAREJO_MERCADO-CENTRAL-DE-ARACAJU_SEMANAL_5-E-7-JAN-2026-1.pdf
2026-01-07,2026,1,Janeiro,7,"01 Jan (5,7)",Origem vegetal,ALFACE,Pe,2.0,Mercado Maria Virginia Leite Franco,PRECOS-DE-VAREJO_MERCADO-CENTRAL-DE-ARACAJU_SEMANAL_5-E-7-JAN-2026-1.pdf
2026-01-07,2026,1,Janeiro,7,"01 Jan (5,7)",Origem vegetal,ALHO,Cab.,2.5,Mercado Maria Virginia Leite Franco,PRECOS-DE-VAREJO_MERCADO-CENTRAL-DE-ARACAJU_SEMANAL_5-E-7-JAN-2026-1.pdf
2026-01-07,2026,1,Janeiro,7,"01 Jan (5,7)",Origem vegetal,AMENDOIM C/CASCA COZIDO,Lata,10.0,Mercado Maria Virginia Leite Franco,PRECOS-DE-VAREJO_MERCADO-CENTRAL-DE-ARACAJU_SEMANAL_5-E-7-JAN-2026-1.pdf
2026-01-07,2026,1,Janeiro,7,"01 Jan (5,7)",Origem vegetal,ARROZ AGULHA T 1,Kg,6.5,Mercado Maria Virginia Leite Franco,PRECOS-DE-VAREJO_MERCADO-CENTRAL-DE-ARACAJU_SEMANAL_5-E-7-JAN-2026-1.pdf
2026-01-07,2026,1,Janeiro,7,"01 Jan (5,7)",Origem vegetal,BANANA PRATA,Dz,5.0,Mercado Maria Virginia Leite Franco,PRECOS-DE-VAREJO_MERCADO-CENTRAL-DE-ARACAJU_SEMANAL_5-E-7-JAN-2026-1.pdf
2026-01-07,2026,1,Janeiro,7,"01 Jan (5,7)",Origem vegetal,BATATA DOCE,Kg,4.0,Mercado Maria Virginia Leite Franco,PRECOS-DE-VAREJO_MERCADO-CENTRAL-DE-ARACAJU_SEMANAL_5-E-7-JAN-2026-1.pdf
2026-01-07,2026,1,Janeiro,7,"01 Jan (5,7)",Origem vegetal,BATATA LISA,Kg,4.0,Mercado Maria Virginia Leite Franco,PRECOS-DE-VAREJO_MERCADO-CENTRAL-DE-ARACAJU_SEMANAL_5-E-7-JAN-2026-1.pdf
2026-01-07,2026,1,Janeiro,7,"01 Jan (5,7)",Origem vegetal,BETERRABA,Kg,4.0,Mercado Maria Virginia Leite Franco,PRECOS-DE-VAREJO_MERCADO-CENTRAL-DE-ARACAJU_SEMANAL_5-E-7-JAN-2026-1.pdf
2026-01-07,2026,1,Janeiro,7,"01 Jan (5,7)",Origem vegetal,CAJU,Um,1.0,Mercado Maria Virginia Leite Franco,PRECOS-DE-VAREJO_MERCADO-CENTRAL-DE-ARACAJU_SEMANAL_5-E-7-JAN-2026-1.pdf
2026-01-07,2026,1,Janeiro,7,"01 Jan (5,7)",Origem vegetal,CEBOLA BRANCA,Kg,3.0,Mercado Maria Virginia Leite Franco,PRECOS-DE-VAREJO_MERCADO-CENTRAL-DE-ARACAJU_SEMANAL_5-E-7-JAN-2026-1.pdf
2026-01-07,2026,1,Janeiro,7,"01 Jan (5,7)",Origem vegetal,CEBOLA ROXA,Kg,4.0,Mercado Maria Virginia Leite Franco,PRECOS-DE-VAREJO_MERCADO-CENTRAL-DE-ARACAJU_SEMANAL_5-E-7-JAN-2026-1.pdf
2026-01-07,2026,1,Janeiro,7,"01 Jan (5,7)",Origem vegetal,CEBOLINHA,Molho,2.0,Mercado Maria Virginia Leite Franco,PRECOS-DE-VAREJO_MERCADO-CENTRAL-DE-ARACAJU_SEMANAL_5-E-7-JAN-2026-1.pdf
2026-01-07,2026,1,Janeiro,7,"01 Jan (5,7)",Origem vegetal,CENOURA,Kg,4.0,Mercado Maria Virginia Leite Franco,PRECOS-DE-VAREJO_MERCADO-CENTRAL-DE-ARACAJU_SEMANAL_5-E-7-JAN-2026-1.pdf
2026-01-07,2026,1,Janeiro,7,"01 Jan (5,7)",Origem vegetal,CHUCHU,Um,2.0,Mercado Maria Virginia Leite Franco,PRECOS-DE-VAREJO_MERCADO-CENTRAL-DE-ARACAJU_SEMANAL_5-E-7-JAN-2026-1.pdf
2026-01-07,2026,1,Janeiro,7,"01 Jan (5,7)",Origem vegetal,COCO SECO,Um,7.0,Mercado Maria Virginia Leite Franco,PRECOS-DE-VAREJO_MERCADO-CENTRAL-DE-ARACAJU_SEMANAL_5-E-7-JAN-2026-1.pdf
2026-01-07,2026,1,Janeiro,7,"01 Jan (5,7)",Origem vegetal,COCO VERDE,Um,5.0,Mercado Maria Virginia Leite Franco,PRECOS-DE-VAREJO_MERCADO-CENTRAL-DE-ARACAJU_SEMANAL_5-E-7-JAN-2026-1.pdf
2026-01-07,2026,1,Janeiro,7,"01 Jan (5,7)",Origem vegetal,COENTRO,Molho,2.0,Mercado Maria Virginia Leite Franco,PRECOS-DE-VAREJO_MERCADO-CENTRAL-DE-ARACAJU_SEMANAL_5-E-7-JAN-2026-1.pdf
2026-01-07,2026,1,Janeiro,7,"01 Jan (5,7)",Origem vegetal,COUVE,Molho,2.0,Mercado Maria Virginia Leite Franco,PRECOS-DE-VAREJO_MERCADO-CENTRAL-DE-ARACAJU_SEMANAL_5-E-7-JAN-2026-1.pdf
2026-01-07,2026,1,Janeiro,7,"01 Jan (5,7)",Origem vegetal,COUVE-FLOR,Kg,13.0,Mercado Maria Virginia Leite Franco,PRECOS-DE-VAREJO_MERCADO-CENTRAL-DE-ARACAJU_SEMANAL_5-E-7-JAN-2026-1.pdf
2026-01-07,2026,1,Janeiro,7,"01 Jan (5,7)",Origem vegetal,FARINHA DE MANDIOCA,Kg,6.0,Mercado Maria Virginia Leite Franco,PRECOS-DE-VAREJO_MERCADO-CENTRAL-DE-ARACAJU_SEMANAL_5-E-7-JAN-2026-1.pdf
2026-01-07,2026,1,Janeiro,7,"01 Jan (5,7)",Origem vegetal,FEIJAO CARIOQUINHA,Kg,6.5,Mercado Maria Virginia Leite Franco,PRECOS-DE-VAREJO_MERCADO-CENTRAL-DE-ARACAJU_SEMANAL_5-E-7-JAN-2026-1.pdf
2026-01-07,2026,1,Janeiro,7,"01 Jan (5,7)",Origem vegetal,GOIABA VERMELHA,Kg,4.0,Mercado Maria Virginia Leite Franco,PRECOS-DE-VAREJO_MERCADO-CENTRAL-DE-ARACAJU_SEMANAL_5-E-7-JAN-2026-1.pdf
2026-01-07,2026,1,Janeiro,7,"01 Jan (5,7)",Origem vegetal,INHAME DA COSTA,Kg,15.0,Mercado Maria Virginia Leite Franco,PRECOS-DE-VAREJO_MERCADO-CENTRAL-DE-ARACAJU_SEMANAL_5-E-7-JAN-2026-1.pdf
2026-01-07,2026,1,Janeiro,7,"01 Jan (5,7)",Origem vegetal,LARANJA PERA,Uma,0.7,Mercado Maria Virginia Leite Franco,PRECOS-DE-VAREJO_MERCADO-CENTRAL-DE-ARACAJU_SEMANAL_5-E-7-JAN-2026-1.pdf
2026-01-07,2026,1,Janeiro,7,"01 Jan (5,7)",Origem vegetal,LIMAO TAITI,Kg,4.0,Mercado Maria Virginia Leite Franco,PRECOS-DE-VAREJO_MERCADO-CENTRAL-DE-ARACAJU_SEMANAL_5-E-7-JAN-2026-1.pdf
2026-01-07,2026,1,Janeiro,7,"01 Jan (5,7)",Origem vegetal,MACA NACIONAL,Kg,12.0,Mercado Maria Virginia Leite Franco,PRECOS-DE-VAREJO_MERCADO-CENTRAL-DE-ARACAJU_SEMANAL_5-E-7-JAN-2026-1.pdf
2026-01-07,2026,1,Janeiro,7,"01 Jan (5,7)",Origem vegetal,MACAXEIRA (AIPIM),Kg,3.0,Mercado Maria Virginia Leite Franco,PRECOS-DE-VAREJO_MERCADO-CENTRAL-DE-ARACAJU_SEMANAL_5-E-7-JAN-2026-1.pdf
2026-01-07,2026,1,Janeiro,7,"01 Jan (5,7)",Origem vegetal,MAMAO FORMOSA,Kg,4.0,Mercado Maria Virginia Leite Franco,PRECOS-DE-VAREJO_MERCADO-CENTRAL-DE-ARACAJU_SEMANAL_5-E-7-JAN-2026-1.pdf
2026-01-07,2026,1,Janeiro,7,"01 Jan (5,7)",Origem vegetal,MAMAO HAWAY,Kg,5.0,Mercado Maria Virginia Leite Franco,PRECOS-DE-VAREJO_MERCADO-CENTRAL-DE-ARACAJU_SEMANAL_5-E-7-JAN-2026-1.pdf
2026-01-07,2026,1,Janeiro,7,"01 Jan (5,7)",Origem vegetal,MANGA TOMMY,Kg,4.0,Mercado Maria Virginia Leite Franco,PRECOS-DE-VAREJO_MERCADO-CENTRAL-DE-ARACAJU_SEMANAL_5-E-7-JAN-2026-1.pdf
2026-01-07,2026,1,Janeiro,7,"01 Jan (5,7)",Origem vegetal,MARACUJA,Kg,9.0,Mercado Maria Virginia Leite Franco,PRECOS-DE-VAREJO_MERCADO-CENTRAL-DE-ARACAJU_SEMANAL_5-E-7-JAN-2026-1.pdf
2026-01-07,2026,1,Janeiro,7,"01 Jan (5,7)",Origem vegetal,MAXIXE,Kg,6.0,Mercado Maria Virginia Leite Franco,PRECOS-DE-VAREJO_MERCADO-CENTRAL-DE-ARACAJU_SEMANAL_5-E-7-JAN-2026-1.pdf
2026-01-07,2026,1,Janeiro,7,"01 Jan (5,7)",Origem vegetal,MELANCIA,Kg,1.5,Mercado Maria Virginia Leite Franco,PRECOS-DE-VAREJO_MERCADO-CENTRAL-DE-ARACAJU_SEMANAL_5-E-7-JAN-2026-1.pdf
2026-01-07,2026,1,Janeiro,7,"01 Jan (5,7)",Origem vegetal,MELAO ESPANHOL,Kg,4.0,Mercado Maria Virginia Leite Franco,PRECOS-DE-VAREJO_MERCADO-CENTRAL-DE-ARACAJU_SEMANAL_5-E-7-JAN-2026-1.pdf
2026-01-07,2026,1,Janeiro,7,"01 Jan (5,7)",Origem vegetal,MILHO EM GRAO,Kg,2.0,Mercado Maria Virginia Leite Franco,PRECOS-DE-VAREJO_MERCADO-CENTRAL-DE-ARACAJU_SEMANAL_5-E-7-JAN-2026-1.pdf
2026-01-07,2026,1,Janeiro,7,"01 Jan (5,7)",Origem vegetal,MILHO VERDE,Espiga,1.0,Mercado Maria Virginia Leite Franco,PRECOS-DE-VAREJO_MERCADO-CENTRAL-DE-ARACAJU_SEMANAL_5-E-7-JAN-2026-1.pdf
2026-01-07,2026,1,Janeiro,7,"01 Jan (5,7)",Origem vegetal,MORANGO,"Cx 0,3Kg",7.0,Mercado Maria Virginia Leite Franco,PRECOS-DE-VAREJO_MERCADO-CENTRAL-DE-ARACAJU_SEMANAL_5-E-7-JAN-2026-1.pdf
2026-01-07,2026,1,Janeiro,7,"01 Jan (5,7)",Origem vegetal,PIMENTAO VERDE,Um,1.5,Mercado Maria Virginia Leite Franco,PRECOS-DE-VAREJO_MERCADO-CENTRAL-DE-ARACAJU_SEMANAL_5-E-7-JAN-2026-1.pdf
2026-01-07,2026,1,Janeiro,7,"01 Jan (5,7)",Origem vegetal,QUIABO,Cento,20.0,Mercado Maria Virginia Leite Franco,PRECOS-DE-VAREJO_MERCADO-CENTRAL-DE-ARACAJU_SEMANAL_5-E-7-JAN-2026-1.pdf
2026-01-07,2026,1,Janeiro,7,"01 Jan (5,7)",Origem vegetal,REPOLHO VERDE,Kg,5.0,Mercado Maria Virginia Leite Franco,PRECOS-DE-VAREJO_MERCADO-CENTRAL-DE-ARACAJU_SEMANAL_5-E-7-JAN-2026-1.pdf
2026-01-07,2026,1,Janeiro,7,"01 Jan (5,7)",Origem vegetal,TOMATE,Kg,3.0,Mercado Maria Virginia Leite Franco,PRECOS-DE-VAREJO_MERCADO-CENTRAL-DE-ARACAJU_SEMANAL_5-E-7-JAN-2026-1.pdf
2026-01-07,2026,1,Janeiro,7,"01 Jan (5,7)",Origem vegetal,UVA SEM SEMENTE,Kg,12.0,Mercado Maria Virginia Leite Franco,PRECOS-DE-VAREJO_MERCADO-CENTRAL-DE-ARACAJU_SEMANAL_5-E-7-JAN-2026-1.pdf
2026-01-07,2026,1,Janeiro,7,"01 Jan (5,7)",Origem vegetal,VAGEM,Kg,15.0,Mercado Maria Virginia Leite Franco,PRECOS-DE-VAREJO_MERCADO-CENTRAL-DE-ARACAJU_SEMANAL_5-E-7-JAN-2026-1.pdf
2026-01-12,2026,1,Janeiro,12,"01 Jan (12,14)",Origem animal,ACEM C/ OSSO,Kg,25.0,Mercado Maria Virginia Leite Franco,PRECOS-DE-VAREJO_MERCADO-CENTRAL-DE-ARACAJU_SEMANAL_12-E-14-JAN-2026-2.pdf
2026-01-12,2026,1,Janeiro,12,"01 Jan (12,14)",Origem animal,ACEM S/ OSSO,Kg,34.0,Mercado Maria Virginia Leite Franco,PRECOS-DE-VAREJO_MERCADO-CENTRAL-DE-ARACAJU_SEMANAL_12-E-14-JAN-2026-2.pdf
2026-01-12,2026,1,Janeiro,12,"01 Jan (12,14)",Origem animal,ALCATRA,Kg,40.0,Mercado Maria Virginia Leite Franco,PRECOS-DE-VAREJO_MERCADO-CENTRAL-DE-ARACAJU_SEMANAL_12-E-14-JAN-2026-2.pdf
2026-01-12,2026,1,Janeiro,12,"01 Jan (12,14)",Origem animal,CARNE SUINA TRASEIRA,Kg,23.0,Mercado Maria Virginia Leite Franco,PRECOS-DE-VAREJO_MERCADO-CENTRAL-DE-ARACAJU_SEMANAL_12-E-14-JAN-2026-2.pdf
2026-01-12,2026,1,Janeiro,12,"01 Jan (12,14)",Origem animal,CHA DE DENTRO (COXAO MOLE),Kg,40.0,Mercado Maria Virginia Leite Franco,PRECOS-DE-VAREJO_MERCADO-CENTRAL-DE-ARACAJU_SEMANAL_12-E-14-JAN-2026-2.pdf
2026-01-12,2026,1,Janeiro,12,"01 Jan (12,14)",Origem animal,CHA DE FORA (COXAO DURO),Kg,38.0,Mercado Maria Virginia Leite Franco,PRECOS-DE-VAREJO_MERCADO-CENTRAL-DE-ARACAJU_SEMANAL_12-E-14-JAN-2026-2.pdf
2026-01-12,2026,1,Janeiro,12,"01 Jan (12,14)",Origem animal,CONTRA FILE,Kg,40.0,Mercado Maria Virginia Leite Franco,PRECOS-DE-VAREJO_MERCADO-CENTRAL-DE-ARACAJU_SEMANAL_12-E-14-JAN-2026-2.pdf
2026-01-12,2026,1,Janeiro,12,"01 Jan (12,14)",Origem animal,COSTELA,Kg,22.0,Mercado Maria Virginia Leite Franco,PRECOS-DE-VAREJO_MERCADO-CENTRAL-DE-ARACAJU_SEMANAL_12-E-14-JAN-2026-2.pdf
2026-01-12,2026,1,Janeiro,12,"01 Jan (12,14)",Origem animal,FILE MIGNION,Kg,52.0,Mercado Maria Virginia Leite Franco,PRECOS-DE-VAREJO_MERCADO-CENTRAL-DE-ARACAJU_SEMANAL_12-E-14-JAN-2026-2.pdf
2026-01-12,2026,1,Janeiro,12,"01 Jan (12,14)",Origem animal,FRANGO DE GRANJA,Kg,16.0,Mercado Maria Virginia Leite Franco,PRECOS-DE-VAREJO_MERCADO-CENTRAL-DE-ARACAJU_SEMANAL_12-E-14-JAN-2026-2.pdf
2026-01-12,2026,1,Janeiro,12,"01 Jan (12,14)",Origem animal,MANTEIGA,Kg,38.0,Mercado Maria Virginia Leite Franco,PRECOS-DE-VAREJO_MERCADO-CENTRAL-DE-ARACAJU_SEMANAL_12-E-14-JAN-2026-2.pdf
2026-01-12,2026,1,Janeiro,12,"01 Jan (12,14)",Origem animal,MUSCULO,Kg,27.0,Mercado Maria Virginia Leite Franco,PRECOS-DE-VAREJO_MERCADO-CENTRAL-DE-ARACAJU_SEMANAL_12-E-14-JAN-2026-2.pdf
2026-01-12,2026,1,Janeiro,12,"01 Jan (12,14)",Origem animal,OVO BRANCO GRANDE,Dz,8.0,Mercado Maria Virginia Leite Franco,PRECOS-DE-VAREJO_MERCADO-CENTRAL-DE-ARACAJU_SEMANAL_12-E-14-JAN-2026-2.pdf
2026-01-12,2026,1,Janeiro,12,"01 Jan (12,14)",Origem animal,OVO VERMELHO GRANDE,Dz,9.0,Mercado Maria Virginia Leite Franco,PRECOS-DE-VAREJO_MERCADO-CENTRAL-DE-ARACAJU_SEMANAL_12-E-14-JAN-2026-2.pdf
2026-01-12,2026,1,Janeiro,12,"01 Jan (12,14)",Origem animal,PALETA C/ OSSO,Kg,24.0,Mercado Maria Virginia Leite Franco,PRECOS-DE-VAREJO_MERCADO-CENTRAL-DE-ARACAJU_SEMANAL_12-E-14-JAN-2026-2.pdf
2026-01-12,2026,1,Janeiro,12,"01 Jan (12,14)",Origem animal,PATINHO,Kg,37.0,Mercado Maria Virginia Leite Franco,PRECOS-DE-VAREJO_MERCADO-CENTRAL-DE-ARACAJU_SEMANAL_12-E-14-JAN-2026-2.pdf
2026-01-12,2026,1,Janeiro,12,"01 Jan (12,14)",Origem animal,PEITO C/ OSSO,Kg,22.0,Mercado Maria Virginia Leite Franco,PRECOS-DE-VAREJO_MERCADO-CENTRAL-DE-ARACAJU_SEMANAL_12-E-14-JAN-2026-2.pdf
2026-01-12,2026,1,Janeiro,12,"01 Jan (12,14)",Origem animal,QUEIJO COALHO,Kg,28.0,Mercado Maria Virginia Leite Franco,PRECOS-DE-VAREJO_MERCADO-CENTRAL-DE-ARACAJU_SEMANAL_12-E-14-JAN-2026-2.pdf
2026-01-12,2026,1,Janeiro,12,"01 Jan (12,14)",Origem vegetal,ABACAXI GRANDE,Um,6.0,Mercado Maria Virginia Leite Franco,PRECOS-DE-VAREJO_MERCADO-CENTRAL-DE-ARACAJU_SEMANAL_12-E-14-JAN-2026-2.pdf
2026-01-12,2026,1,Janeiro,12,"01 Jan (12,14)",Origem vegetal,ABOBORA,Kg,5.0,Mercado Maria Virginia Leite Franco,PRECOS-DE-VAREJO_MERCADO-CENTRAL-DE-ARACAJU_SEMANAL_12-E-14-JAN-2026-2.pdf
2026-01-12,2026,1,Janeiro,12,"01 Jan (12,14)",Origem vegetal,ABOBRINHA,Kg,4.0,Mercado Maria Virginia Leite Franco,PRECOS-DE-VAREJO_MERCADO-CENTRAL-DE-ARACAJU_SEMANAL_12-E-14-JAN-2026-2.pdf
2026-01-12,2026,1,Janeiro,12,"01 Jan (12,14)",Origem vegetal,ACEROLA,Kg,10.0,Mercado Maria Virginia Leite Franco,PRECOS-DE-VAREJO_MERCADO-CENTRAL-DE-ARACAJU_SEMANAL_12-E-14-JAN-2026-2.pdf
2026-01-12,2026,1,Janeiro,12,"01 Jan (12,14)",Origem vegetal,ALFACE,Pe,2.0,Mercado Maria Virginia Leite Franco,PRECOS-DE-VAREJO_MERCADO-CENTRAL-DE-ARACAJU_SEMANAL_12-E-14-JAN-2026-2.pdf
2026-01-12,2026,1,Janeiro,12,"01 Jan (12,14)",Origem vegetal,ALHO,Cab.,2.5,Mercado Maria Virginia Leite Franco,PRECOS-DE-VAREJO_MERCADO-CENTRAL-DE-ARACAJU_SEMANAL_12-E-14-JAN-2026-2.pdf
2026-01-12,2026,1,Janeiro,12,"01 Jan (12,14)",Origem vegetal,AMENDOIM C/CASCA COZIDO,Lata,10.0,Mercado Maria Virginia Leite Franco,PRECOS-DE-VAREJO_MERCADO-CENTRAL-DE-ARACAJU_SEMANAL_12-E-14-JAN-2026-2.pdf
2026-01-12,2026,1,Janeiro,12,"01 Jan (12,14)",Origem vegetal,ARROZ AGULHA T 1,Kg,6.5,Mercado Maria Virginia Leite Franco,PRECOS-DE-VAREJO_MERCADO-CENTRAL-DE-ARACAJU_SEMANAL_12-E-14-JAN-2026-2.pdf
2026-01-12,2026,1,Janeiro,12,"01 Jan (12,14)",Origem vegetal,BANANA PRATA,Dz,5.0,Mercado Maria Virginia Leite Franco,PRECOS-DE-VAREJO_MERCADO-CENTRAL-DE-ARACAJU_SEMANAL_12-E-14-JAN-2026-2.pdf
2026-01-12,2026,1,Janeiro,12,"01 Jan (12,14)",Origem vegetal,BATATA DOCE,Kg,4.0,Mercado Maria Virginia Leite Franco,PRECOS-DE-VAREJO_MERCADO-CENTRAL-DE-ARACAJU_SEMANAL_12-E-14-JAN-2026-2.pdf
2026-01-12,2026,1,Janeiro,12,"01 Jan (12,14)",Origem vegetal,BATATA LISA,Kg,4.0,Mercado Maria Virginia Leite Franco,PRECOS-DE-VAREJO_MERCADO-CENTRAL-DE-ARACAJU_SEMANAL_12-E-14-JAN-2026-2.pdf
2026-01-12,2026,1,Janeiro,12,"01 Jan (12,14)",Origem vegetal,BETERRABA,Kg,4.0,Mercado Maria Virginia Leite Franco,PRECOS-DE-VAREJO_MERCADO-CENTRAL-DE-ARACAJU_SEMANAL_12-E-14-JAN-2026-2.pdf
2026-01-12,2026,1,Janeiro,12,"01 Jan (12,14)",Origem vegetal,CAJU,Um,1.0,Mercado Maria Virginia Leite Franco,PRECOS-DE-VAREJO_MERCADO-CENTRAL-DE-ARACAJU_SEMANAL_12-E-14-JAN-2026-2.pdf
2026-01-12,2026,1,Janeiro,12,"01 Jan (12,14)",Origem vegetal,CEBOLA BRANCA,Kg,3.0,Mercado Maria Virginia Leite Franco,PRECOS-DE-VAREJO_MERCADO-CENTRAL-DE-ARACAJU_SEMANAL_12-E-14-JAN-2026-2.pdf
2026-01-12,2026,1,Janeiro,12,"01 Jan (12,14)",Origem vegetal,CEBOLA ROXA,Kg,4.0,Mercado Maria Virginia Leite Franco,PRECOS-DE-VAREJO_MERCADO-CENTRAL-DE-ARACAJU_SEMANAL_12-E-14-JAN-2026-2.pdf
2026-01-12,2026,1,Janeiro,12,"01 Jan (12,14)",Origem vegetal,CEBOLINHA,Molho,2.0,Mercado Maria Virginia Leite Franco,PRECOS-DE-VAREJO_MERCADO-CENTRAL-DE-ARACAJU_SEMANAL_12-E-14-JAN-2026-2.pdf
2026-01-12,2026,1,Janeiro,12,"01 Jan (12,14)",Origem vegetal,CENOURA,Kg,4.0,Mercado Maria Virginia Leite Franco,PRECOS-DE-VAREJO_MERCADO-CENTRAL-DE-ARACAJU_SEMANAL_12-E-14-JAN-2026-2.pdf
2026-01-12,2026,1,Janeiro,12,"01 Jan (12,14)",Origem vegetal,CHUCHU,Um,2.0,Mercado Maria Virginia Leite Franco,PRECOS-DE-VAREJO_MERCADO-CENTRAL-DE-ARACAJU_SEMANAL_12-E-14-JAN-2026-2.pdf
2026-01-12,2026,1,Janeiro,12,"01 Jan (12,14)",Origem vegetal,COCO SECO,Um,7.0,Mercado Maria Virginia Leite Franco,PRECOS-DE-VAREJO_MERCADO-CENTRAL-DE-ARACAJU_SEMANAL_12-E-14-JAN-2026-2.pdf
2026-01-12,2026,1,Janeiro,12,"01 Jan (12,14)",Origem vegetal,COCO VERDE,Um,5.0,Mercado Maria Virginia Leite Franco,PRECOS-DE-VAREJO_MERCADO-CENTRAL-DE-ARACAJU_SEMANAL_12-E-14-JAN-2026-2.pdf
2026-01-12,2026,1,Janeiro,12,"01 Jan (12,14)",Origem vegetal,COENTRO,Molho,2.0,Mercado Maria Virginia Leite Franco,PRECOS-DE-VAREJO_MERCADO-CENTRAL-DE-ARACAJU_SEMANAL_12-E-14-JAN-2026-2.pdf
2026-01-12,2026,1,Janeiro,12,"01 Jan (12,14)",Origem vegetal,COUVE,Molho,2.0,Mercado Maria Virginia Leite Franco,PRECOS-DE-VAREJO_MERCADO-CENTRAL-DE-ARACAJU_SEMANAL_12-E-14-JAN-2026-2.pdf
2026-01-12,2026,1,Janeiro,12,"01 Jan (12,14)",Origem vegetal,COUVE-FLOR,Kg,13.0,Mercado Maria Virginia Leite Franco,PRECOS-DE-VAREJO_MERCADO-CENTRAL-DE-ARACAJU_SEMANAL_12-E-14-JAN-2026-2.pdf
2026-01-12,2026,1,Janeiro,12,"01 Jan (12,14)",Origem vegetal,FARINHA DE MANDIOCA,Kg,6.0,Mercado Maria Virginia Leite Franco,PRECOS-DE-VAREJO_MERCADO-CENTRAL-DE-ARACAJU_SEMANAL_12-E-14-JAN-2026-2.pdf
2026-01-12,2026,1,Janeiro,12,"01 Jan (12,14)",Origem vegetal,FEIJAO CARIOQUINHA,Kg,6.5,Mercado Maria Virginia Leite Franco,PRECOS-DE-VAREJO_MERCADO-CENTRAL-DE-ARACAJU_SEMANAL_12-E-14-JAN-2026-2.pdf
2026-01-12,2026,1,Janeiro,12,"01 Jan (12,14)",Origem vegetal,GOIABA VERMELHA,Kg,4.0,Mercado Maria Virginia Leite Franco,PRECOS-DE-VAREJO_MERCADO-CENTRAL-DE-ARACAJU_SEMANAL_12-E-14-JAN-2026-2.pdf
2026-01-12,2026,1,Janeiro,12,"01 Jan (12,14)",Origem vegetal,INHAME DA COSTA,Kg,15.0,Mercado Maria Virginia Leite Franco,PRECOS-DE-VAREJO_MERCADO-CENTRAL-DE-ARACAJU_SEMANAL_12-E-14-JAN-2026-2.pdf
2026-01-12,2026,1,Janeiro,12,"01 Jan (12,14)",Origem vegetal,LARANJA PERA,Uma,0.7,Mercado Maria Virginia Leite Franco,PRECOS-DE-VAREJO_MERCADO-CENTRAL-DE-ARACAJU_SEMANAL_12-E-14-JAN-2026-2.pdf
2026-01-12,2026,1,Janeiro,12,"01 Jan (12,14)",Origem vegetal,LIMAO TAITI,Kg,4.0,Mercado Maria Virginia Leite Franco,PRECOS-DE-VAREJO_MERCADO-CENTRAL-DE-ARACAJU_SEMANAL_12-E-14-JAN-2026-2.pdf
2026-01-12,2026,1,Janeiro,12,"01 Jan (12,14)",Origem vegetal,MACA NACIONAL,Kg,12.0,Mercado Maria Virginia Leite Franco,PRECOS-DE-VAREJO_MERCADO-CENTRAL-DE-ARACAJU_SEMANAL_12-E-14-JAN-2026-2.pdf
2026-01-12,2026,1,Janeiro,12,"01 Jan (12,14)",Origem vegetal,MACAXEIRA (AIPIM),Kg,3.0,Mercado Maria Virginia Leite Franco,PRECOS-DE-VAREJO_MERCADO-CENTRAL-DE-ARACAJU_SEMANAL_12-E-14-JAN-2026-2.pdf
2026-01-12,2026,1,Janeiro,12,"01 Jan (12,14)",Origem vegetal,MAMAO FORMOSA,Kg,4.0,Mercado Maria Virginia Leite Franco,PRECOS-DE-VAREJO_MERCADO-CENTRAL-DE-ARACAJU_SEMANAL_12-E-14-JAN-2026-2.pdf
2026-01-12,2026,1,Janeiro,12,"01 Jan (12,14)",Origem vegetal,MAMAO HAWAY,Kg,5.0,Mercado Maria Virginia Leite Franco,PRECOS-DE-VAREJO_MERCADO-CENTRAL-DE-ARACAJU_SEMANAL_12-E-14-JAN-2026-2.pdf
2026-01-12,2026,1,Janeiro,12,"01 Jan (12,14)",Origem vegetal,MANGA TOMMY,Kg,4.0,Mercado Maria Virginia Leite Franco,PRECOS-DE-VAREJO_MERCADO-CENTRAL-DE-ARACAJU_SEMANAL_12-E-14-JAN-2026-2.pdf
2026-01-12,2026,1,Janeiro,12,"01 Jan (12,14)",Origem vegetal,MARACUJA,Kg,9.0,Mercado Maria Virginia Leite Franco,PRECOS-DE-VAREJO_MERCADO-CENTRAL-DE-ARACAJU_SEMANAL_12-E-14-JAN-2026-2.pdf
2026-01-12,2026,1,Janeiro,12,"01 Jan (12,14)",Origem vegetal,MAXIXE,Kg,6.0,Mercado Maria Virginia Leite Franco,PRECOS-DE-VAREJO_MERCADO-CENTRAL-DE-ARACAJU_SEMANAL_12-E-14-JAN-2026-2.pdf
2026-01-12,2026,1,Janeiro,12,"01 Jan (12,14)",Origem vegetal,MELANCIA,Kg,1.5,Mercado Maria Virginia Leite Franco,PRECOS-DE-VAREJO_MERCADO-CENTRAL-DE-ARACAJU_SEMANAL_12-E-14-JAN-2026-2.pdf
2026-01-12,2026,1,Janeiro,12,"01 Jan (12,14)",Origem vegetal,MELAO ESPANHOL,Kg,4.0,Mercado Maria Virginia Leite Franco,PRECOS-DE-VAREJO_MERCADO-CENTRAL-DE-ARACAJU_SEMANAL_12-E-14-JAN-2026-2.pdf
2026-01-12,2026,1,Janeiro,12,"01 Jan (12,14)",Origem vegetal,MILHO EM GRAO,Kg,2.0,Mercado Maria Virginia Leite Franco,PRECOS-DE-VAREJO_MERCADO-CENTRAL-DE-ARACAJU_SEMANAL_12-E-14-JAN-2026-2.pdf
2026-01-12,2026,1,Janeiro,12,"01 Jan (12,14)",Origem vegetal,MILHO VERDE,Espiga,1.0,Mercado Maria Virginia Leite Franco,PRECOS-DE-VAREJO_MERCADO-CENTRAL-DE-ARACAJU_SEMANAL_12-E-14-JAN-2026-2.pdf
2026-01-12,2026,1,Janeiro,12,"01 Jan (12,14)",Origem vegetal,MORANGO,"Cx 0,3Kg",6.0,Mercado Maria Virginia Leite Franco,PRECOS-DE-VAREJO_MERCADO-CENTRAL-DE-ARACAJU_SEMANAL_12-E-14-JAN-2026-2.pdf
2026-01-12,2026,1,Janeiro,12,"01 Jan (12,14)",Origem vegetal,PIMENTAO VERDE,Um,1.5,Mercado Maria Virginia Leite Franco,PRECOS-DE-VAREJO_MERCADO-CENTRAL-DE-ARACAJU_SEMANAL_12-E-14-JAN-2026-2.pdf
2026-01-12,2026,1,Janeiro,12,"01 Jan (12,14)",Origem vegetal,QUIABO,Cento,20.0,Mercado Maria Virginia Leite Franco,PRECOS-DE-VAREJO_MERCADO-CENTRAL-DE-ARACAJU_SEMANAL_12-E-14-JAN-2026-2.pdf
2026-01-12,2026,1,Janeiro,12,"01 Jan (12,14)",Origem vegetal,REPOLHO VERDE,Kg,5.0,Mercado Maria Virginia Leite Franco,PRECOS-DE-VAREJO_MERCADO-CENTRAL-DE-ARACAJU_SEMANAL_12-E-14-JAN-2026-2.pdf
2026-01-12,2026,1,Janeiro,12,"01 Jan (12,14)",Origem vegetal,TOMATE,Kg,3.0,Mercado Maria Virginia Leite Franco,PRECOS-DE-VAREJO_MERCADO-CENTRAL-DE-ARACAJU_SEMANAL_12-E-14-JAN-2026-2.pdf
2026-01-12,2026,1,Janeiro,12,"01 Jan (12,14)",Origem vegetal,UVA SEM SEMENTE,Kg,10.0,Mercado Maria Virginia Leite Franco,PRECOS-DE-VAREJO_MERCADO-CENTRAL-DE-ARACAJU_SEMANAL_12-E-14-JAN-2026-2.pdf
2026-01-12,2026,1,Janeiro,12,"01 Jan (12,14)",Origem vegetal,VAGEM,Kg,15.0,Mercado Maria Virginia Leite Franco,PRECOS-DE-VAREJO_MERCADO-CENTRAL-DE-ARACAJU_SEMANAL_12-E-14-JAN-2026-2.pdf
2026-01-14,2026,1,Janeiro,14,"01 Jan (12,14)",Origem animal,ACEM C/ OSSO,Kg,25.0,Mercado Maria Virginia Leite Franco,PRECOS-DE-VAREJO_MERCADO-CENTRAL-DE-ARACAJU_SEMANAL_12-E-14-JAN-2026-2.pdf
2026-01-14,2026,1,Janeiro,14,"01 Jan (12,14)",Origem animal,ACEM S/ OSSO,Kg,34.0,Mercado Maria Virginia Leite Franco,PRECOS-DE-VAREJO_MERCADO-CENTRAL-DE-ARACAJU_SEMANAL_12-E-14-JAN-2026-2.pdf
2026-01-14,2026,1,Janeiro,14,"01 Jan (12,14)",Origem animal,ALCATRA,Kg,40.0,Mercado Maria Virginia Leite Franco,PRECOS-DE-VAREJO_MERCADO-CENTRAL-DE-ARACAJU_SEMANAL_12-E-14-JAN-2026-2.pdf
2026-01-14,2026,1,Janeiro,14,"01 Jan (12,14)",Origem animal,CARNE SUINA TRASEIRA,Kg,23.0,Mercado Maria Virginia Leite Franco,PRECOS-DE-VAREJO_MERCADO-CENTRAL-DE-ARACAJU_SEMANAL_12-E-14-JAN-2026-2.pdf
2026-01-14,2026,1,Janeiro,14,"01 Jan (12,14)",Origem animal,CHA DE DENTRO (COXAO MOLE),Kg,40.0,Mercado Maria Virginia Leite Franco,PRECOS-DE-VAREJO_MERCADO-CENTRAL-DE-ARACAJU_SEMANAL_12-E-14-JAN-2026-2.pdf
2026-01-14,2026,1,Janeiro,14,"01 Jan (12,14)",Origem animal,CHA DE FORA (COXAO DURO),Kg,38.0,Mercado Maria Virginia Leite Franco,PRECOS-DE-VAREJO_MERCADO-CENTRAL-DE-ARACAJU_SEMANAL_12-E-14-JAN-2026-2.pdf
2026-01-14,2026,1,Janeiro,14,"01 Jan (12,14)",Origem animal,CONTRA FILE,Kg,40.0,Mercado Maria Virginia Leite Franco,PRECOS-DE-VAREJO_MERCADO-CENTRAL-DE-ARACAJU_SEMANAL_12-E-14-JAN-2026-2.pdf
2026-01-14,2026,1,Janeiro,14,"01 Jan (12,14)",Origem animal,COSTELA,Kg,22.0,Mercado Maria Virginia Leite Franco,PRECOS-DE-VAREJO_MERCADO-CENTRAL-DE-ARACAJU_SEMANAL_12-E-14-JAN-2026-2.pdf
2026-01-14,2026,1,Janeiro,14,"01 Jan (12,14)",Origem animal,FILE MIGNION,Kg,52.0,Mercado Maria Virginia Leite Franco,PRECOS-DE-VAREJO_MERCADO-CENTRAL-DE-ARACAJU_SEMANAL_12-E-14-JAN-2026-2.pdf
2026-01-14,2026,1,Janeiro,14,"01 Jan (12,14)",Origem animal,FRANGO DE GRANJA,Kg,16.0,Mercado Maria Virginia Leite Franco,PRECOS-DE-VAREJO_MERCADO-CENTRAL-DE-ARACAJU_SEMANAL_12-E-14-JAN-2026-2.pdf
2026-01-14,2026,1,Janeiro,14,"01 Jan (12,14)",Origem animal,MANTEIGA,Kg,38.0,Mercado Maria Virginia Leite Franco,PRECOS-DE-VAREJO_MERCADO-CENTRAL-DE-ARACAJU_SEMANAL_12-E-14-JAN-2026-2.pdf
2026-01-14,2026,1,Janeiro,14,"01 Jan (12,14)",Origem animal,MUSCULO,Kg,27.0,Mercado Maria Virginia Leite Franco,PRECOS-DE-VAREJO_MERCADO-CENTRAL-DE-ARACAJU_SEMANAL_12-E-14-JAN-2026-2.pdf
2026-01-14,2026,1,Janeiro,14,"01 Jan (12,14)",Origem animal,OVO BRANCO GRANDE,Dz,8.0,Mercado Maria Virginia Leite Franco,PRECOS-DE-VAREJO_MERCADO-CENTRAL-DE-ARACAJU_SEMANAL_12-E-14-JAN-2026-2.pdf
2026-01-14,2026,1,Janeiro,14,"01 Jan (12,14)",Origem animal,OVO VERMELHO GRANDE,Dz,9.0,Mercado Maria Virginia Leite Franco,PRECOS-DE-VAREJO_MERCADO-CENTRAL-DE-ARACAJU_SEMANAL_12-E-14-JAN-2026-2.pdf
2026-01-14,2026,1,Janeiro,14,"01 Jan (12,14)",Origem animal,PALETA C/ OSSO,Kg,24.0,Mercado Maria Virginia Leite Franco,PRECOS-DE-VAREJO_MERCADO-CENTRAL-DE-ARACAJU_SEMANAL_12-E-14-JAN-2026-2.pdf
2026-01-14,2026,1,Janeiro,14,"01 Jan (12,14)",Origem animal,PATINHO,Kg,37.0,Mercado Maria Virginia Leite Franco,PRECOS-DE-VAREJO_MERCADO-CENTRAL-DE-ARACAJU_SEMANAL_12-E-14-JAN-2026-2.pdf
2026-01-14,2026,1,Janeiro,14,"01 Jan (12,14)",Origem animal,PEITO C/ OSSO,Kg,22.0,Mercado Maria Virginia Leite Franco,PRECOS-DE-VAREJO_MERCADO-CENTRAL-DE-ARACAJU_SEMANAL_12-E-14-JAN-2026-2.pdf
2026-01-14,2026,1,Janeiro,14,"01 Jan (12,14)",Origem animal,QUEIJO COALHO,Kg,28.0,Mercado Maria Virginia Leite Franco,PRECOS-DE-VAREJO_MERCADO-CENTRAL-DE-ARACAJU_SEMANAL_12-E-14-JAN-2026-2.pdf
2026-01-14,2026,1,Janeiro,14,"01 Jan (12,14)",Origem vegetal,ABACAXI GRANDE,Um,6.0,Mercado Maria Virginia Leite Franco,PRECOS-DE-VAREJO_MERCADO-CENTRAL-DE-ARACAJU_SEMANAL_12-E-14-JAN-2026-2.pdf
2026-01-14,2026,1,Janeiro,14,"01 Jan (12,14)",Origem vegetal,ABOBORA,Kg,5.0,Mercado Maria Virginia Leite Franco,PRECOS-DE-VAREJO_MERCADO-CENTRAL-DE-ARACAJU_SEMANAL_12-E-14-JAN-2026-2.pdf
2026-01-14,2026,1,Janeiro,14,"01 Jan (12,14)",Origem vegetal,ABOBRINHA,Kg,4.0,Mercado Maria Virginia Leite Franco,PRECOS-DE-VAREJO_MERCADO-CENTRAL-DE-ARACAJU_SEMANAL_12-E-14-JAN-2026-2.pdf
2026-01-14,2026,1,Janeiro,14,"01 Jan (12,14)",Origem vegetal,ACEROLA,Kg,10.0,Mercado Maria Virginia Leite Franco,PRECOS-DE-VAREJO_MERCADO-CENTRAL-DE-ARACAJU_SEMANAL_12-E-14-JAN-2026-2.pdf
2026-01-14,2026,1,Janeiro,14,"01 Jan (12,14)",Origem vegetal,ALFACE,Pe,2.0,Mercado Maria Virginia Leite Franco,PRECOS-DE-VAREJO_MERCADO-CENTRAL-DE-ARACAJU_SEMANAL_12-E-14-JAN-2026-2.pdf
2026-01-14,2026,1,Janeiro,14,"01 Jan (12,14)",Origem vegetal,ALHO,Cab.,2.5,Mercado Maria Virginia Leite Franco,PRECOS-DE-VAREJO_MERCADO-CENTRAL-DE-ARACAJU_SEMANAL_12-E-14-JAN-2026-2.pdf
2026-01-14,2026,1,Janeiro,14,"01 Jan (12,14)",Origem vegetal,AMENDOIM C/CASCA COZIDO,Lata,10.0,Mercado Maria Virginia Leite Franco,PRECOS-DE-VAREJO_MERCADO-CENTRAL-DE-ARACAJU_SEMANAL_12-E-14-JAN-2026-2.pdf
2026-01-14,2026,1,Janeiro,14,"01 Jan (12,14)",Origem vegetal,ARROZ AGULHA T 1,Kg,6.5,Mercado Maria Virginia Leite Franco,PRECOS-DE-VAREJO_MERCADO-CENTRAL-DE-ARACAJU_SEMANAL_12-E-14-JAN-2026-2.pdf
2026-01-14,2026,1,Janeiro,14,"01 Jan (12,14)",Origem vegetal,BANANA PRATA,Dz,5.0,Mercado Maria Virginia Leite Franco,PRECOS-DE-VAREJO_MERCADO-CENTRAL-DE-ARACAJU_SEMANAL_12-E-14-JAN-2026-2.pdf
2026-01-14,2026,1,Janeiro,14,"01 Jan (12,14)",Origem vegetal,BATATA DOCE,Kg,4.0,Mercado Maria Virginia Leite Franco,PRECOS-DE-VAREJO_MERCADO-CENTRAL-DE-ARACAJU_SEMANAL_12-E-14-JAN-2026-2.pdf
2026-01-14,2026,1,Janeiro,14,"01 Jan (12,14)",Origem vegetal,BATATA LISA,Kg,4.0,Mercado Maria Virginia Leite Franco,PRECOS-DE-VAREJO_MERCADO-CENTRAL-DE-ARACAJU_SEMANAL_12-E-14-JAN-2026-2.pdf
2026-01-14,2026,1,Janeiro,14,"01 Jan (12,14)",Origem vegetal,BETERRABA,Kg,4.0,Mercado Maria Virginia Leite Franco,PRECOS-DE-VAREJO_MERCADO-CENTRAL-DE-ARACAJU_SEMANAL_12-E-14-JAN-2026-2.pdf
2026-01-14,2026,1,Janeiro,14,"01 Jan (12,14)",Origem vegetal,CAJU,Um,1.0,Mercado Maria Virginia Leite Franco,PRECOS-DE-VAREJO_MERCADO-CENTRAL-DE-ARACAJU_SEMANAL_12-E-14-JAN-2026-2.pdf
2026-01-14,2026,1,Janeiro,14,"01 Jan (12,14)",Origem vegetal,CEBOLA BRANCA,Kg,3.0,Mercado Maria Virginia Leite Franco,PRECOS-DE-VAREJO_MERCADO-CENTRAL-DE-ARACAJU_SEMANAL_12-E-14-JAN-2026-2.pdf
2026-01-14,2026,1,Janeiro,14,"01 Jan (12,14)",Origem vegetal,CEBOLA ROXA,Kg,4.0,Mercado Maria Virginia Leite Franco,PRECOS-DE-VAREJO_MERCADO-CENTRAL-DE-ARACAJU_SEMANAL_12-E-14-JAN-2026-2.pdf
2026-01-14,2026,1,Janeiro,14,"01 Jan (12,14)",Origem vegetal,CEBOLINHA,Molho,2.0,Mercado Maria Virginia Leite Franco,PRECOS-DE-VAREJO_MERCADO-CENTRAL-DE-ARACAJU_SEMANAL_12-E-14-JAN-2026-2.pdf
2026-01-14,2026,1,Janeiro,14,"01 Jan (12,14)",Origem vegetal,CENOURA,Kg,4.0,Mercado Maria Virginia Leite Franco,PRECOS-DE-VAREJO_MERCADO-CENTRAL-DE-ARACAJU_SEMANAL_12-E-14-JAN-2026-2.pdf
2026-01-14,2026,1,Janeiro,14,"01 Jan (12,14)",Origem vegetal,CHUCHU,Um,2.0,Mercado Maria Virginia Leite Franco,PRECOS-DE-VAREJO_MERCADO-CENTRAL-DE-ARACAJU_SEMANAL_12-E-14-JAN-2026-2.pdf
2026-01-14,2026,1,Janeiro,14,"01 Jan (12,14)",Origem vegetal,COCO SECO,Um,7.0,Mercado Maria Virginia Leite Franco,PRECOS-DE-VAREJO_MERCADO-CENTRAL-DE-ARACAJU_SEMANAL_12-E-14-JAN-2026-2.pdf
2026-01-14,2026,1,Janeiro,14,"01 Jan (12,14)",Origem vegetal,COCO VERDE,Um,5.0,Mercado Maria Virginia Leite Franco,PRECOS-DE-VAREJO_MERCADO-CENTRAL-DE-ARACAJU_SEMANAL_12-E-14-JAN-2026-2.pdf
2026-01-14,2026,1,Janeiro,14,"01 Jan (12,14)",Origem vegetal,COENTRO,Molho,2.0,Mercado Maria Virginia Leite Franco,PRECOS-DE-VAREJO_MERCADO-CENTRAL-DE-ARACAJU_SEMANAL_12-E-14-JAN-2026-2.pdf
2026-01-14,2026,1,Janeiro,14,"01 Jan (12,14)",Origem vegetal,COUVE,Molho,2.0,Mercado Maria Virginia Leite Franco,PRECOS-DE-VAREJO_MERCADO-CENTRAL-DE-ARACAJU_SEMANAL_12-E-14-JAN-2026-2.pdf
2026-01-14,2026,1,Janeiro,14,"01 Jan (12,14)",Origem vegetal,COUVE-FLOR,Kg,13.0,Mercado Maria Virginia Leite Franco,PRECOS-DE-VAREJO_MERCADO-CENTRAL-DE-ARACAJU_SEMANAL_12-E-14-JAN-2026-2.pdf
2026-01-14,2026,1,Janeiro,14,"01 Jan (12,14)",Origem vegetal,FARINHA DE MANDIOCA,Kg,6.0,Mercado Maria Virginia Leite Franco,PRECOS-DE-VAREJO_MERCADO-CENTRAL-DE-ARACAJU_SEMANAL_12-E-14-JAN-2026-2.pdf
2026-01-14,2026,1,Janeiro,14,"01 Jan (12,14)",Origem vegetal,FEIJAO CARIOQUINHA,Kg,6.5,Mercado Maria Virginia Leite Franco,PRECOS-DE-VAREJO_MERCADO-CENTRAL-DE-ARACAJU_SEMANAL_12-E-14-JAN-2026-2.pdf
2026-01-14,2026,1,Janeiro,14,"01 Jan (12,14)",Origem vegetal,GOIABA VERMELHA,Kg,4.0,Mercado Maria Virginia Leite Franco,PRECOS-DE-VAREJO_MERCADO-CENTRAL-DE-ARACAJU_SEMANAL_12-E-14-JAN-2026-2.pdf
2026-01-14,2026,1,Janeiro,14,"01 Jan (12,14)",Origem vegetal,INHAME DA COSTA,Kg,15.0,Mercado Maria Virginia Leite Franco,PRECOS-DE-VAREJO_MERCADO-CENTRAL-DE-ARACAJU_SEMANAL_12-E-14-JAN-2026-2.pdf
2026-01-14,2026,1,Janeiro,14,"01 Jan (12,14)",Origem vegetal,LARANJA PERA,Uma,0.7,Mercado Maria Virginia Leite Franco,PRECOS-DE-VAREJO_MERCADO-CENTRAL-DE-ARACAJU_SEMANAL_12-E-14-JAN-2026-2.pdf
2026-01-14,2026,1,Janeiro,14,"01 Jan (12,14)",Origem vegetal,LIMAO TAITI,Kg,4.0,Mercado Maria Virginia Leite Franco,PRECOS-DE-VAREJO_MERCADO-CENTRAL-DE-ARACAJU_SEMANAL_12-E-14-JAN-2026-2.pdf
2026-01-14,2026,1,Janeiro,14,"01 Jan (12,14)",Origem vegetal,MACA NACIONAL,Kg,12.0,Mercado Maria Virginia Leite Franco,PRECOS-DE-VAREJO_MERCADO-CENTRAL-DE-ARACAJU_SEMANAL_12-E-14-JAN-2026-2.pdf
2026-01-14,2026,1,Janeiro,14,"01 Jan (12,14)",Origem vegetal,MACAXEIRA (AIPIM),Kg,3.0,Mercado Maria Virginia Leite Franco,PRECOS-DE-VAREJO_MERCADO-CENTRAL-DE-ARACAJU_SEMANAL_12-E-14-JAN-2026-2.pdf
2026-01-14,2026,1,Janeiro,14,"01 Jan (12,14)",Origem vegetal,MAMAO FORMOSA,Kg,4.0,Mercado Maria Virginia Leite Franco,PRECOS-DE-VAREJO_MERCADO-CENTRAL-DE-ARACAJU_SEMANAL_12-E-14-JAN-2026-2.pdf
2026-01-14,2026,1,Janeiro,14,"01 Jan (12,14)",Origem vegetal,MAMAO HAWAY,Kg,5.0,Mercado Maria Virginia Leite Franco,PRECOS-DE-VAREJO_MERCADO-CENTRAL-DE-ARACAJU_SEMANAL_12-E-14-JAN-2026-2.pdf
2026-01-14,2026,1,Janeiro,14,"01 Jan (12,14)",Origem vegetal,MANGA TOMMY,Kg,4.0,Mercado Maria Virginia Leite Franco,PRECOS-DE-VAREJO_MERCADO-CENTRAL-DE-ARACAJU_SEMANAL_12-E-14-JAN-2026-2.pdf
2026-01-14,2026,1,Janeiro,14,"01 Jan (12,14)",Origem vegetal,MARACUJA,Kg,9.0,Mercado Maria Virginia Leite Franco,PRECOS-DE-VAREJO_MERCADO-CENTRAL-DE-ARACAJU_SEMANAL_12-E-14-JAN-2026-2.pdf
2026-01-14,2026,1,Janeiro,14,"01 Jan (12,14)",Origem vegetal,MAXIXE,Kg,6.0,Mercado Maria Virginia Leite Franco,PRECOS-DE-VAREJO_MERCADO-CENTRAL-DE-ARACAJU_SEMANAL_12-E-14-JAN-2026-2.pdf
2026-01-14,2026,1,Janeiro,14,"01 Jan (12,14)",Origem vegetal,MELANCIA,Kg,1.5,Mercado Maria Virginia Leite Franco,PRECOS-DE-VAREJO_MERCADO-CENTRAL-DE-ARACAJU_SEMANAL_12-E-14-JAN-2026-2.pdf
2026-01-14,2026,1,Janeiro,14,"01 Jan (12,14)",Origem vegetal,MELAO ESPANHOL,Kg,4.0,Mercado Maria Virginia Leite Franco,PRECOS-DE-VAREJO_MERCADO-CENTRAL-DE-ARACAJU_SEMANAL_12-E-14-JAN-2026-2.pdf
2026-01-14,2026,1,Janeiro,14,"01 Jan (12,14)",Origem vegetal,MILHO EM GRAO,Kg,2.0,Mercado Maria Virginia Leite Franco,PRECOS-DE-VAREJO_MERCADO-CENTRAL-DE-ARACAJU_SEMANAL_12-E-14-JAN-2026-2.pdf
2026-01-14,2026,1,Janeiro,14,"01 Jan (12,14)",Origem vegetal,MILHO VERDE,Espiga,1.0,Mercado Maria Virginia Leite Franco,PRECOS-DE-VAREJO_MERCADO-CENTRAL-DE-ARACAJU_SEMANAL_12-E-14-JAN-2026-2.pdf
2026-01-14,2026,1,Janeiro,14,"01 Jan (12,14)",Origem vegetal,MORANGO,"Cx 0,3Kg",6.0,Mercado Maria Virginia Leite Franco,PRECOS-DE-VAREJO_MERCADO-CENTRAL-DE-ARACAJU_SEMANAL_12-E-14-JAN-2026-2.pdf
2026-01-14,2026,1,Janeiro,14,"01 Jan (12,14)",Origem vegetal,PIMENTAO VERDE,Um,1.5,Mercado Maria Virginia Leite Franco,PRECOS-DE-VAREJO_MERCADO-CENTRAL-DE-ARACAJU_SEMANAL_12-E-14-JAN-2026-2.pdf
2026-01-14,2026,1,Janeiro,14,"01 Jan (12,14)",Origem vegetal,QUIABO,Cento,20.0,Mercado Maria Virginia Leite Franco,PRECOS-DE-VAREJO_MERCADO-CENTRAL-DE-ARACAJU_SEMANAL_12-E-14-JAN-2026-2.pdf
2026-01-14,2026,1,Janeiro,14,"01 Jan (12,14)",Origem vegetal,REPOLHO VERDE,Kg,5.0,Mercado Maria Virginia Leite Franco,PRECOS-DE-VAREJO_MERCADO-CENTRAL-DE-ARACAJU_SEMANAL_12-E-14-JAN-2026-2.pdf
2026-01-14,2026,1,Janeiro,14,"01 Jan (12,14)",Origem vegetal,TOMATE,Kg,3.0,Mercado Maria Virginia Leite Franco,PRECOS-DE-VAREJO_MERCADO-CENTRAL-DE-ARACAJU_SEMANAL_12-E-14-JAN-2026-2.pdf
2026-01-14,2026,1,Janeiro,14,"01 Jan (12,14)",Origem vegetal,UVA SEM SEMENTE,Kg,10.0,Mercado Maria Virginia Leite Franco,PRECOS-DE-VAREJO_MERCADO-CENTRAL-DE-ARACAJU_SEMANAL_12-E-14-JAN-2026-2.pdf
2026-01-14,2026,1,Janeiro,14,"01 Jan (12,14)",Origem vegetal,VAGEM,Kg,15.0,Mercado Maria Virginia Leite Franco,PRECOS-DE-VAREJO_MERCADO-CENTRAL-DE-ARACAJU_SEMANAL_12-E-14-JAN-2026-2.pdf
2026-01-19,2026,1,Janeiro,19,"01 Jan (19,21)",Origem animal,ACEM C/ OSSO,Kg,25.0,Mercado Maria Virginia Leite Franco,PRECOS-DE-VAREJO_MERCADO-CENTRAL-DE-ARACAJU_SEMANAL_19-E-21-JAN-2026-3.pdf
2026-01-19,2026,1,Janeiro,19,"01 Jan (19,21)",Origem animal,ACEM S/ OSSO,Kg,34.0,Mercado Maria Virginia Leite Franco,PRECOS-DE-VAREJO_MERCADO-CENTRAL-DE-ARACAJU_SEMANAL_19-E-21-JAN-2026-3.pdf
2026-01-19,2026,1,Janeiro,19,"01 Jan (19,21)",Origem animal,ALCATRA,Kg,40.0,Mercado Maria Virginia Leite Franco,PRECOS-DE-VAREJO_MERCADO-CENTRAL-DE-ARACAJU_SEMANAL_19-E-21-JAN-2026-3.pdf
2026-01-19,2026,1,Janeiro,19,"01 Jan (19,21)",Origem animal,CARNE SUINA TRASEIRA,Kg,23.0,Mercado Maria Virginia Leite Franco,PRECOS-DE-VAREJO_MERCADO-CENTRAL-DE-ARACAJU_SEMANAL_19-E-21-JAN-2026-3.pdf
2026-01-19,2026,1,Janeiro,19,"01 Jan (19,21)",Origem animal,CHA DE DENTRO (COXAO MOLE),Kg,40.0,Mercado Maria Virginia Leite Franco,PRECOS-DE-VAREJO_MERCADO-CENTRAL-DE-ARACAJU_SEMANAL_19-E-21-JAN-2026-3.pdf
2026-01-19,2026,1,Janeiro,19,"01 Jan (19,21)",Origem animal,CHA DE FORA (COXAO DURO),Kg,38.0,Mercado Maria Virginia Leite Franco,PRECOS-DE-VAREJO_MERCADO-CENTRAL-DE-ARACAJU_SEMANAL_19-E-21-JAN-2026-3.pdf
2026-01-19,2026,1,Janeiro,19,"01 Jan (19,21)",Origem animal,CONTRA FILE,Kg,40.0,Mercado Maria Virginia Leite Franco,PRECOS-DE-VAREJO_MERCADO-CENTRAL-DE-ARACAJU_SEMANAL_19-E-21-JAN-2026-3.pdf
2026-01-19,2026,1,Janeiro,19,"01 Jan (19,21)",Origem animal,COSTELA,Kg,22.0,Mercado Maria Virginia Leite Franco,PRECOS-DE-VAREJO_MERCADO-CENTRAL-DE-ARACAJU_SEMANAL_19-E-21-JAN-2026-3.pdf
2026-01-19,2026,1,Janeiro,19,"01 Jan (19,21)",Origem animal,FILE MIGNION,Kg,52.0,Mercado Maria Virginia Leite Franco,PRECOS-DE-VAREJO_MERCADO-CENTRAL-DE-ARACAJU_SEMANAL_19-E-21-JAN-2026-3.pdf
2026-01-19,2026,1,Janeiro,19,"01 Jan (19,21)",Origem animal,FRANGO DE GRANJA,Kg,16.0,Mercado Maria Virginia Leite Franco,PRECOS-DE-VAREJO_MERCADO-CENTRAL-DE-ARACAJU_SEMANAL_19-E-21-JAN-2026-3.pdf
2026-01-19,2026,1,Janeiro,19,"01 Jan (19,21)",Origem animal,MANTEIGA,Kg,38.0,Mercado Maria Virginia Leite Franco,PRECOS-DE-VAREJO_MERCADO-CENTRAL-DE-ARACAJU_SEMANAL_19-E-21-JAN-2026-3.pdf
2026-01-19,2026,1,Janeiro,19,"01 Jan (19,21)",Origem animal,MUSCULO,Kg,27.0,Mercado Maria Virginia Leite Franco,PRECOS-DE-VAREJO_MERCADO-CENTRAL-DE-ARACAJU_SEMANAL_19-E-21-JAN-2026-3.pdf
2026-01-19,2026,1,Janeiro,19,"01 Jan (19,21)",Origem animal,OVO BRANCO GRANDE,Dz,8.0,Mercado Maria Virginia Leite Franco,PRECOS-DE-VAREJO_MERCADO-CENTRAL-DE-ARACAJU_SEMANAL_19-E-21-JAN-2026-3.pdf
2026-01-19,2026,1,Janeiro,19,"01 Jan (19,21)",Origem animal,OVO VERMELHO GRANDE,Dz,9.0,Mercado Maria Virginia Leite Franco,PRECOS-DE-VAREJO_MERCADO-CENTRAL-DE-ARACAJU_SEMANAL_19-E-21-JAN-2026-3.pdf
2026-01-19,2026,1,Janeiro,19,"01 Jan (19,21)",Origem animal,PALETA C/ OSSO,Kg,24.0,Mercado Maria Virginia Leite Franco,PRECOS-DE-VAREJO_MERCADO-CENTRAL-DE-ARACAJU_SEMANAL_19-E-21-JAN-2026-3.pdf
2026-01-19,2026,1,Janeiro,19,"01 Jan (19,21)",Origem animal,PATINHO,Kg,37.0,Mercado Maria Virginia Leite Franco,PRECOS-DE-VAREJO_MERCADO-CENTRAL-DE-ARACAJU_SEMANAL_19-E-21-JAN-2026-3.pdf
2026-01-19,2026,1,Janeiro,19,"01 Jan (19,21)",Origem animal,PEITO C/ OSSO,Kg,22.0,Mercado Maria Virginia Leite Franco,PRECOS-DE-VAREJO_MERCADO-CENTRAL-DE-ARACAJU_SEMANAL_19-E-21-JAN-2026-3.pdf
2026-01-19,2026,1,Janeiro,19,"01 Jan (19,21)",Origem animal,QUEIJO COALHO,Kg,28.0,Mercado Maria Virginia Leite Franco,PRECOS-DE-VAREJO_MERCADO-CENTRAL-DE-ARACAJU_SEMANAL_19-E-21-JAN-2026-3.pdf
2026-01-19,2026,1,Janeiro,19,"01 Jan (19,21)",Origem vegetal,ABACAXI GRANDE,Um,6.0,Mercado Maria Virginia Leite Franco,PRECOS-DE-VAREJO_MERCADO-CENTRAL-DE-ARACAJU_SEMANAL_19-E-21-JAN-2026-3.pdf
2026-01-19,2026,1,Janeiro,19,"01 Jan (19,21)",Origem vegetal,ABOBORA,Kg,5.0,Mercado Maria Virginia Leite Franco,PRECOS-DE-VAREJO_MERCADO-CENTRAL-DE-ARACAJU_SEMANAL_19-E-21-JAN-2026-3.pdf
2026-01-19,2026,1,Janeiro,19,"01 Jan (19,21)",Origem vegetal,ABOBRINHA,Kg,4.0,Mercado Maria Virginia Leite Franco,PRECOS-DE-VAREJO_MERCADO-CENTRAL-DE-ARACAJU_SEMANAL_19-E-21-JAN-2026-3.pdf
2026-01-19,2026,1,Janeiro,19,"01 Jan (19,21)",Origem vegetal,ACEROLA,Kg,10.0,Mercado Maria Virginia Leite Franco,PRECOS-DE-VAREJO_MERCADO-CENTRAL-DE-ARACAJU_SEMANAL_19-E-21-JAN-2026-3.pdf
2026-01-19,2026,1,Janeiro,19,"01 Jan (19,21)",Origem vegetal,ALFACE,Pe,2.0,Mercado Maria Virginia Leite Franco,PRECOS-DE-VAREJO_MERCADO-CENTRAL-DE-ARACAJU_SEMANAL_19-E-21-JAN-2026-3.pdf
2026-01-19,2026,1,Janeiro,19,"01 Jan (19,21)",Origem vegetal,ALHO,Cab.,2.5,Mercado Maria Virginia Leite Franco,PRECOS-DE-VAREJO_MERCADO-CENTRAL-DE-ARACAJU_SEMANAL_19-E-21-JAN-2026-3.pdf
2026-01-19,2026,1,Janeiro,19,"01 Jan (19,21)",Origem vegetal,AMENDOIM C/CASCA COZIDO,Lata,10.0,Mercado Maria Virginia Leite Franco,PRECOS-DE-VAREJO_MERCADO-CENTRAL-DE-ARACAJU_SEMANAL_19-E-21-JAN-2026-3.pdf
2026-01-19,2026,1,Janeiro,19,"01 Jan (19,21)",Origem vegetal,ARROZ AGULHA T 1,Kg,6.5,Mercado Maria Virginia Leite Franco,PRECOS-DE-VAREJO_MERCADO-CENTRAL-DE-ARACAJU_SEMANAL_19-E-21-JAN-2026-3.pdf
2026-01-19,2026,1,Janeiro,19,"01 Jan (19,21)",Origem vegetal,BANANA PRATA,Dz,5.0,Mercado Maria Virginia Leite Franco,PRECOS-DE-VAREJO_MERCADO-CENTRAL-DE-ARACAJU_SEMANAL_19-E-21-JAN-2026-3.pdf
2026-01-19,2026,1,Janeiro,19,"01 Jan (19,21)",Origem vegetal,BATATA DOCE,Kg,4.0,Mercado Maria Virginia Leite Franco,PRECOS-DE-VAREJO_MERCADO-CENTRAL-DE-ARACAJU_SEMANAL_19-E-21-JAN-2026-3.pdf
2026-01-19,2026,1,Janeiro,19,"01 Jan (19,21)",Origem vegetal,BATATA LISA,Kg,4.0,Mercado Maria Virginia Leite Franco,PRECOS-DE-VAREJO_MERCADO-CENTRAL-DE-ARACAJU_SEMANAL_19-E-21-JAN-2026-3.pdf
2026-01-19,2026,1,Janeiro,19,"01 Jan (19,21)",Origem vegetal,BETERRABA,Kg,4.0,Mercado Maria Virginia Leite Franco,PRECOS-DE-VAREJO_MERCADO-CENTRAL-DE-ARACAJU_SEMANAL_19-E-21-JAN-2026-3.pdf
2026-01-19,2026,1,Janeiro,19,"01 Jan (19,21)",Origem vegetal,CAJU,Um,1.0,Mercado Maria Virginia Leite Franco,PRECOS-DE-VAREJO_MERCADO-CENTRAL-DE-ARACAJU_SEMANAL_19-E-21-JAN-2026-3.pdf
2026-01-19,2026,1,Janeiro,19,"01 Jan (19,21)",Origem vegetal,CEBOLA BRANCA,Kg,3.0,Mercado Maria Virginia Leite Franco,PRECOS-DE-VAREJO_MERCADO-CENTRAL-DE-ARACAJU_SEMANAL_19-E-21-JAN-2026-3.pdf
2026-01-19,2026,1,Janeiro,19,"01 Jan (19,21)",Origem vegetal,CEBOLA ROXA,Kg,4.0,Mercado Maria Virginia Leite Franco,PRECOS-DE-VAREJO_MERCADO-CENTRAL-DE-ARACAJU_SEMANAL_19-E-21-JAN-2026-3.pdf
2026-01-19,2026,1,Janeiro,19,"01 Jan (19,21)",Origem vegetal,CEBOLINHA,Molho,2.0,Mercado Maria Virginia Leite Franco,PRECOS-DE-VAREJO_MERCADO-CENTRAL-DE-ARACAJU_SEMANAL_19-E-21-JAN-2026-3.pdf
2026-01-19,2026,1,Janeiro,19,"01 Jan (19,21)",Origem vegetal,CENOURA,Kg,4.0,Mercado Maria Virginia Leite Franco,PRECOS-DE-VAREJO_MERCADO-CENTRAL-DE-ARACAJU_SEMANAL_19-E-21-JAN-2026-3.pdf
2026-01-19,2026,1,Janeiro,19,"01 Jan (19,21)",Origem vegetal,CHUCHU,Um,2.0,Mercado Maria Virginia Leite Franco,PRECOS-DE-VAREJO_MERCADO-CENTRAL-DE-ARACAJU_SEMANAL_19-E-21-JAN-2026-3.pdf
2026-01-19,2026,1,Janeiro,19,"01 Jan (19,21)",Origem vegetal,COCO SECO,Um,7.0,Mercado Maria Virginia Leite Franco,PRECOS-DE-VAREJO_MERCADO-CENTRAL-DE-ARACAJU_SEMANAL_19-E-21-JAN-2026-3.pdf
2026-01-19,2026,1,Janeiro,19,"01 Jan (19,21)",Origem vegetal,COCO VERDE,Um,5.0,Mercado Maria Virginia Leite Franco,PRECOS-DE-VAREJO_MERCADO-CENTRAL-DE-ARACAJU_SEMANAL_19-E-21-JAN-2026-3.pdf
2026-01-19,2026,1,Janeiro,19,"01 Jan (19,21)",Origem vegetal,COENTRO,Molho,2.0,Mercado Maria Virginia Leite Franco,PRECOS-DE-VAREJO_MERCADO-CENTRAL-DE-ARACAJU_SEMANAL_19-E-21-JAN-2026-3.pdf
2026-01-19,2026,1,Janeiro,19,"01 Jan (19,21)",Origem vegetal,COUVE,Molho,2.0,Mercado Maria Virginia Leite Franco,PRECOS-DE-VAREJO_MERCADO-CENTRAL-DE-ARACAJU_SEMANAL_19-E-21-JAN-2026-3.pdf
2026-01-19,2026,1,Janeiro,19,"01 Jan (19,21)",Origem vegetal,COUVE-FLOR,Kg,13.0,Mercado Maria Virginia Leite Franco,PRECOS-DE-VAREJO_MERCADO-CENTRAL-DE-ARACAJU_SEMANAL_19-E-21-JAN-2026-3.pdf
2026-01-19,2026,1,Janeiro,19,"01 Jan (19,21)",Origem vegetal,FARINHA DE MANDIOCA,Kg,6.0,Mercado Maria Virginia Leite Franco,PRECOS-DE-VAREJO_MERCADO-CENTRAL-DE-ARACAJU_SEMANAL_19-E-21-JAN-2026-3.pdf
2026-01-19,2026,1,Janeiro,19,"01 Jan (19,21)",Origem vegetal,FEIJAO CARIOQUINHA,Kg,6.5,Mercado Maria Virginia Leite Franco,PRECOS-DE-VAREJO_MERCADO-CENTRAL-DE-ARACAJU_SEMANAL_19-E-21-JAN-2026-3.pdf
2026-01-19,2026,1,Janeiro,19,"01 Jan (19,21)",Origem vegetal,GOIABA VERMELHA,Kg,4.0,Mercado Maria Virginia Leite Franco,PRECOS-DE-VAREJO_MERCADO-CENTRAL-DE-ARACAJU_SEMANAL_19-E-21-JAN-2026-3.pdf
2026-01-19,2026,1,Janeiro,19,"01 Jan (19,21)",Origem vegetal,INHAME DA COSTA,Kg,15.0,Mercado Maria Virginia Leite Franco,PRECOS-DE-VAREJO_MERCADO-CENTRAL-DE-ARACAJU_SEMANAL_19-E-21-JAN-2026-3.pdf
2026-01-19,2026,1,Janeiro,19,"01 Jan (19,21)",Origem vegetal,LARANJA PERA,Uma,0.7,Mercado Maria Virginia Leite Franco,PRECOS-DE-VAREJO_MERCADO-CENTRAL-DE-ARACAJU_SEMANAL_19-E-21-JAN-2026-3.pdf
2026-01-19,2026,1,Janeiro,19,"01 Jan (19,21)",Origem vegetal,LIMAO TAITI,Kg,4.0,Mercado Maria Virginia Leite Franco,PRECOS-DE-VAREJO_MERCADO-CENTRAL-DE-ARACAJU_SEMANAL_19-E-21-JAN-2026-3.pdf
2026-01-19,2026,1,Janeiro,19,"01 Jan (19,21)",Origem vegetal,MACA NACIONAL,Kg,12.0,Mercado Maria Virginia Leite Franco,PRECOS-DE-VAREJO_MERCADO-CENTRAL-DE-ARACAJU_SEMANAL_19-E-21-JAN-2026-3.pdf
2026-01-19,2026,1,Janeiro,19,"01 Jan (19,21)",Origem vegetal,MACAXEIRA (AIPIM),Kg,3.0,Mercado Maria Virginia Leite Franco,PRECOS-DE-VAREJO_MERCADO-CENTRAL-DE-ARACAJU_SEMANAL_19-E-21-JAN-2026-3.pdf
2026-01-19,2026,1,Janeiro,19,"01 Jan (19,21)",Origem vegetal,MAMAO FORMOSA,Kg,4.0,Mercado Maria Virginia Leite Franco,PRECOS-DE-VAREJO_MERCADO-CENTRAL-DE-ARACAJU_SEMANAL_19-E-21-JAN-2026-3.pdf
2026-01-19,2026,1,Janeiro,19,"01 Jan (19,21)",Origem vegetal,MAMAO HAWAY,Kg,5.0,Mercado Maria Virginia Leite Franco,PRECOS-DE-VAREJO_MERCADO-CENTRAL-DE-ARACAJU_SEMANAL_19-E-21-JAN-2026-3.pdf
2026-01-19,2026,1,Janeiro,19,"01 Jan (19,21)",Origem vegetal,MANGA TOMMY,Kg,4.0,Mercado Maria Virginia Leite Franco,PRECOS-DE-VAREJO_MERCADO-CENTRAL-DE-ARACAJU_SEMANAL_19-E-21-JAN-2026-3.pdf
2026-01-19,2026,1,Janeiro,19,"01 Jan (19,21)",Origem vegetal,MARACUJA,Kg,9.0,Mercado Maria Virginia Leite Franco,PRECOS-DE-VAREJO_MERCADO-CENTRAL-DE-ARACAJU_SEMANAL_19-E-21-JAN-2026-3.pdf
2026-01-19,2026,1,Janeiro,19,"01 Jan (19,21)",Origem vegetal,MAXIXE,Kg,6.0,Mercado Maria Virginia Leite Franco,PRECOS-DE-VAREJO_MERCADO-CENTRAL-DE-ARACAJU_SEMANAL_19-E-21-JAN-2026-3.pdf
2026-01-19,2026,1,Janeiro,19,"01 Jan (19,21)",Origem vegetal,MELANCIA,Kg,1.5,Mercado Maria Virginia Leite Franco,PRECOS-DE-VAREJO_MERCADO-CENTRAL-DE-ARACAJU_SEMANAL_19-E-21-JAN-2026-3.pdf
2026-01-19,2026,1,Janeiro,19,"01 Jan (19,21)",Origem vegetal,MELAO ESPANHOL,Kg,4.0,Mercado Maria Virginia Leite Franco,PRECOS-DE-VAREJO_MERCADO-CENTRAL-DE-ARACAJU_SEMANAL_19-E-21-JAN-2026-3.pdf
2026-01-19,2026,1,Janeiro,19,"01 Jan (19,21)",Origem vegetal,MILHO EM GRAO,Kg,2.0,Mercado Maria Virginia Leite Franco,PRECOS-DE-VAREJO_MERCADO-CENTRAL-DE-ARACAJU_SEMANAL_19-E-21-JAN-2026-3.pdf
2026-01-19,2026,1,Janeiro,19,"01 Jan (19,21)",Origem vegetal,MILHO VERDE,Espiga,1.0,Mercado Maria Virginia Leite Franco,PRECOS-DE-VAREJO_MERCADO-CENTRAL-DE-ARACAJU_SEMANAL_19-E-21-JAN-2026-3.pdf
2026-01-19,2026,1,Janeiro,19,"01 Jan (19,21)",Origem vegetal,MORANGO,"Cx 0,3Kg",6.0,Mercado Maria Virginia Leite Franco,PRECOS-DE-VAREJO_MERCADO-CENTRAL-DE-ARACAJU_SEMANAL_19-E-21-JAN-2026-3.pdf
2026-01-19,2026,1,Janeiro,19,"01 Jan (19,21)",Origem vegetal,PIMENTAO VERDE,Um,1.5,Mercado Maria Virginia Leite Franco,PRECOS-DE-VAREJO_MERCADO-CENTRAL-DE-ARACAJU_SEMANAL_19-E-21-JAN-2026-3.pdf
2026-01-19,2026,1,Janeiro,19,"01 Jan (19,21)",Origem vegetal,QUIABO,Cento,20.0,Mercado Maria Virginia Leite Franco,PRECOS-DE-VAREJO_MERCADO-CENTRAL-DE-ARACAJU_SEMANAL_19-E-21-JAN-2026-3.pdf
2026-01-19,2026,1,Janeiro,19,"01 Jan (19,21)",Origem vegetal,REPOLHO VERDE,Kg,5.0,Mercado Maria Virginia Leite Franco,PRECOS-DE-VAREJO_MERCADO-CENTRAL-DE-ARACAJU_SEMANAL_19-E-21-JAN-2026-3.pdf
2026-01-19,2026,1,Janeiro,19,"01 Jan (19,21)",Origem vegetal,TOMATE,Kg,3.0,Mercado Maria Virginia Leite Franco,PRECOS-DE-VAREJO_MERCADO-CENTRAL-DE-ARACAJU_SEMANAL_19-E-21-JAN-2026-3.pdf
2026-01-19,2026,1,Janeiro,19,"01 Jan (19,21)",Origem vegetal,UVA SEM SEMENTE,Kg,10.0,Mercado Maria Virginia Leite Franco,PRECOS-DE-VAREJO_MERCADO-CENTRAL-DE-ARACAJU_SEMANAL_19-E-21-JAN-2026-3.pdf
2026-01-19,2026,1,Janeiro,19,"01 Jan (19,21)",Origem vegetal,VAGEM,Kg,15.0,Mercado Maria Virginia Leite Franco,PRECOS-DE-VAREJO_MERCADO-CENTRAL-DE-ARACAJU_SEMANAL_19-E-21-JAN-2026-3.pdf
2026-01-21,2026,1,Janeiro,21,"01 Jan (19,21)",Origem animal,ACEM C/ OSSO,Kg,25.0,Mercado Maria Virginia Leite Franco,PRECOS-DE-VAREJO_MERCADO-CENTRAL-DE-ARACAJU_SEMANAL_19-E-21-JAN-2026-3.pdf
2026-01-21,2026,1,Janeiro,21,"01 Jan (19,21)",Origem animal,ACEM S/ OSSO,Kg,34.0,Mercado Maria Virginia Leite Franco,PRECOS-DE-VAREJO_MERCADO-CENTRAL-DE-ARACAJU_SEMANAL_19-E-21-JAN-2026-3.pdf
2026-01-21,2026,1,Janeiro,21,"01 Jan (19,21)",Origem animal,ALCATRA,Kg,40.0,Mercado Maria Virginia Leite Franco,PRECOS-DE-VAREJO_MERCADO-CENTRAL-DE-ARACAJU_SEMANAL_19-E-21-JAN-2026-3.pdf
2026-01-21,2026,1,Janeiro,21,"01 Jan (19,21)",Origem animal,CARNE SUINA TRASEIRA,Kg,23.0,Mercado Maria Virginia Leite Franco,PRECOS-DE-VAREJO_MERCADO-CENTRAL-DE-ARACAJU_SEMANAL_19-E-21-JAN-2026-3.pdf
2026-01-21,2026,1,Janeiro,21,"01 Jan (19,21)",Origem animal,CHA DE DENTRO (COXAO MOLE),Kg,40.0,Mercado Maria Virginia Leite Franco,PRECOS-DE-VAREJO_MERCADO-CENTRAL-DE-ARACAJU_SEMANAL_19-E-21-JAN-2026-3.pdf
2026-01-21,2026,1,Janeiro,21,"01 Jan (19,21)",Origem animal,CHA DE FORA (COXAO DURO),Kg,38.0,Mercado Maria Virginia Leite Franco,PRECOS-DE-VAREJO_MERCADO-CENTRAL-DE-ARACAJU_SEMANAL_19-E-21-JAN-2026-3.pdf
2026-01-21,2026,1,Janeiro,21,"01 Jan (19,21)",Origem animal,CONTRA FILE,Kg,40.0,Mercado Maria Virginia Leite Franco,PRECOS-DE-VAREJO_MERCADO-CENTRAL-DE-ARACAJU_SEMANAL_19-E-21-JAN-2026-3.pdf
2026-01-21,2026,1,Janeiro,21,"01 Jan (19,21)",Origem animal,COSTELA,Kg,22.0,Mercado Maria Virginia Leite Franco,PRECOS-DE-VAREJO_MERCADO-CENTRAL-DE-ARACAJU_SEMANAL_19-E-21-JAN-2026-3.pdf
2026-01-21,2026,1,Janeiro,21,"01 Jan (19,21)",Origem animal,FILE MIGNION,Kg,52.0,Mercado Maria Virginia Leite Franco,PRECOS-DE-VAREJO_MERCADO-CENTRAL-DE-ARACAJU_SEMANAL_19-E-21-JAN-2026-3.pdf
2026-01-21,2026,1,Janeiro,21,"01 Jan (19,21)",Origem animal,FRANGO DE GRANJA,Kg,16.0,Mercado Maria Virginia Leite Franco,PRECOS-DE-VAREJO_MERCADO-CENTRAL-DE-ARACAJU_SEMANAL_19-E-21-JAN-2026-3.pdf
2026-01-21,2026,1,Janeiro,21,"01 Jan (19,21)",Origem animal,MANTEIGA,Kg,38.0,Mercado Maria Virginia Leite Franco,PRECOS-DE-VAREJO_MERCADO-CENTRAL-DE-ARACAJU_SEMANAL_19-E-21-JAN-2026-3.pdf
2026-01-21,2026,1,Janeiro,21,"01 Jan (19,21)",Origem animal,MUSCULO,Kg,27.0,Mercado Maria Virginia Leite Franco,PRECOS-DE-VAREJO_MERCADO-CENTRAL-DE-ARACAJU_SEMANAL_19-E-21-JAN-2026-3.pdf
2026-01-21,2026,1,Janeiro,21,"01 Jan (19,21)",Origem animal,OVO BRANCO GRANDE,Dz,8.0,Mercado Maria Virginia Leite Franco,PRECOS-DE-VAREJO_MERCADO-CENTRAL-DE-ARACAJU_SEMANAL_19-E-21-JAN-2026-3.pdf
2026-01-21,2026,1,Janeiro,21,"01 Jan (19,21)",Origem animal,OVO VERMELHO GRANDE,Dz,9.0,Mercado Maria Virginia Leite Franco,PRECOS-DE-VAREJO_MERCADO-CENTRAL-DE-ARACAJU_SEMANAL_19-E-21-JAN-2026-3.pdf
2026-01-21,2026,1,Janeiro,21,"01 Jan (19,21)",Origem animal,PALETA C/ OSSO,Kg,24.0,Mercado Maria Virginia Leite Franco,PRECOS-DE-VAREJO_MERCADO-CENTRAL-DE-ARACAJU_SEMANAL_19-E-21-JAN-2026-3.pdf
2026-01-21,2026,1,Janeiro,21,"01 Jan (19,21)",Origem animal,PATINHO,Kg,37.0,Mercado Maria Virginia Leite Franco,PRECOS-DE-VAREJO_MERCADO-CENTRAL-DE-ARACAJU_SEMANAL_19-E-21-JAN-2026-3.pdf
2026-01-21,2026,1,Janeiro,21,"01 Jan (19,21)",Origem animal,PEITO C/ OSSO,Kg,22.0,Mercado Maria Virginia Leite Franco,PRECOS-DE-VAREJO_MERCADO-CENTRAL-DE-ARACAJU_SEMANAL_19-E-21-JAN-2026-3.pdf
2026-01-21,2026,1,Janeiro,21,"01 Jan (19,21)",Origem animal,QUEIJO COALHO,Kg,28.0,Mercado Maria Virginia Leite Franco,PRECOS-DE-VAREJO_MERCADO-CENTRAL-DE-ARACAJU_SEMANAL_19-E-21-JAN-2026-3.pdf
2026-01-21,2026,1,Janeiro,21,"01 Jan (19,21)",Origem vegetal,ABACAXI GRANDE,Um,6.0,Mercado Maria Virginia Leite Franco,PRECOS-DE-VAREJO_MERCADO-CENTRAL-DE-ARACAJU_SEMANAL_19-E-21-JAN-2026-3.pdf
2026-01-21,2026,1,Janeiro,21,"01 Jan (19,21)",Origem vegetal,ABOBORA,Kg,5.0,Mercado Maria Virginia Leite Franco,PRECOS-DE-VAREJO_MERCADO-CENTRAL-DE-ARACAJU_SEMANAL_19-E-21-JAN-2026-3.pdf
2026-01-21,2026,1,Janeiro,21,"01 Jan (19,21)",Origem vegetal,ABOBRINHA,Kg,4.0,Mercado Maria Virginia Leite Franco,PRECOS-DE-VAREJO_MERCADO-CENTRAL-DE-ARACAJU_SEMANAL_19-E-21-JAN-2026-3.pdf
2026-01-21,2026,1,Janeiro,21,"01 Jan (19,21)",Origem vegetal,ACEROLA,Kg,10.0,Mercado Maria Virginia Leite Franco,PRECOS-DE-VAREJO_MERCADO-CENTRAL-DE-ARACAJU_SEMANAL_19-E-21-JAN-2026-3.pdf
2026-01-21,2026,1,Janeiro,21,"01 Jan (19,21)",Origem vegetal,ALFACE,Pe,2.0,Mercado Maria Virginia Leite Franco,PRECOS-DE-VAREJO_MERCADO-CENTRAL-DE-ARACAJU_SEMANAL_19-E-21-JAN-2026-3.pdf
2026-01-21,2026,1,Janeiro,21,"01 Jan (19,21)",Origem vegetal,ALHO,Cab.,2.5,Mercado Maria Virginia Leite Franco,PRECOS-DE-VAREJO_MERCADO-CENTRAL-DE-ARACAJU_SEMANAL_19-E-21-JAN-2026-3.pdf
2026-01-21,2026,1,Janeiro,21,"01 Jan (19,21)",Origem vegetal,AMENDOIM C/CASCA COZIDO,Lata,10.0,Mercado Maria Virginia Leite Franco,PRECOS-DE-VAREJO_MERCADO-CENTRAL-DE-ARACAJU_SEMANAL_19-E-21-JAN-2026-3.pdf
2026-01-21,2026,1,Janeiro,21,"01 Jan (19,21)",Origem vegetal,ARROZ AGULHA T 1,Kg,6.5,Mercado Maria Virginia Leite Franco,PRECOS-DE-VAREJO_MERCADO-CENTRAL-DE-ARACAJU_SEMANAL_19-E-21-JAN-2026-3.pdf
2026-01-21,2026,1,Janeiro,21,"01 Jan (19,21)",Origem vegetal,BANANA PRATA,Dz,5.0,Mercado Maria Virginia Leite Franco,PRECOS-DE-VAREJO_MERCADO-CENTRAL-DE-ARACAJU_SEMANAL_19-E-21-JAN-2026-3.pdf
2026-01-21,2026,1,Janeiro,21,"01 Jan (19,21)",Origem vegetal,BATATA DOCE,Kg,4.0,Mercado Maria Virginia Leite Franco,PRECOS-DE-VAREJO_MERCADO-CENTRAL-DE-ARACAJU_SEMANAL_19-E-21-JAN-2026-3.pdf
2026-01-21,2026,1,Janeiro,21,"01 Jan (19,21)",Origem vegetal,BATATA LISA,Kg,4.0,Mercado Maria Virginia Leite Franco,PRECOS-DE-VAREJO_MERCADO-CENTRAL-DE-ARACAJU_SEMANAL_19-E-21-JAN-2026-3.pdf
2026-01-21,2026,1,Janeiro,21,"01 Jan (19,21)",Origem vegetal,BETERRABA,Kg,4.0,Mercado Maria Virginia Leite Franco,PRECOS-DE-VAREJO_MERCADO-CENTRAL-DE-ARACAJU_SEMANAL_19-E-21-JAN-2026-3.pdf
2026-01-21,2026,1,Janeiro,21,"01 Jan (19,21)",Origem vegetal,CAJU,Um,1.0,Mercado Maria Virginia Leite Franco,PRECOS-DE-VAREJO_MERCADO-CENTRAL-DE-ARACAJU_SEMANAL_19-E-21-JAN-2026-3.pdf
2026-01-21,2026,1,Janeiro,21,"01 Jan (19,21)",Origem vegetal,CEBOLA BRANCA,Kg,3.0,Mercado Maria Virginia Leite Franco,PRECOS-DE-VAREJO_MERCADO-CENTRAL-DE-ARACAJU_SEMANAL_19-E-21-JAN-2026-3.pdf
2026-01-21,2026,1,Janeiro,21,"01 Jan (19,21)",Origem vegetal,CEBOLA ROXA,Kg,4.0,Mercado Maria Virginia Leite Franco,PRECOS-DE-VAREJO_MERCADO-CENTRAL-DE-ARACAJU_SEMANAL_19-E-21-JAN-2026-3.pdf
2026-01-21,2026,1,Janeiro,21,"01 Jan (19,21)",Origem vegetal,CEBOLINHA,Molho,2.0,Mercado Maria Virginia Leite Franco,PRECOS-DE-VAREJO_MERCADO-CENTRAL-DE-ARACAJU_SEMANAL_19-E-21-JAN-2026-3.pdf
2026-01-21,2026,1,Janeiro,21,"01 Jan (19,21)",Origem vegetal,CENOURA,Kg,4.0,Mercado Maria Virginia Leite Franco,PRECOS-DE-VAREJO_MERCADO-CENTRAL-DE-ARACAJU_SEMANAL_19-E-21-JAN-2026-3.pdf
2026-01-21,2026,1,Janeiro,21,"01 Jan (19,21)",Origem vegetal,CHUCHU,Um,2.0,Mercado Maria Virginia Leite Franco,PRECOS-DE-VAREJO_MERCADO-CENTRAL-DE-ARACAJU_SEMANAL_19-E-21-JAN-2026-3.pdf
2026-01-21,2026,1,Janeiro,21,"01 Jan (19,21)",Origem vegetal,COCO SECO,Um,7.0,Mercado Maria Virginia Leite Franco,PRECOS-DE-VAREJO_MERCADO-CENTRAL-DE-ARACAJU_SEMANAL_19-E-21-JAN-2026-3.pdf
2026-01-21,2026,1,Janeiro,21,"01 Jan (19,21)",Origem vegetal,COCO VERDE,Um,5.0,Mercado Maria Virginia Leite Franco,PRECOS-DE-VAREJO_MERCADO-CENTRAL-DE-ARACAJU_SEMANAL_19-E-21-JAN-2026-3.pdf
2026-01-21,2026,1,Janeiro,21,"01 Jan (19,21)",Origem vegetal,COENTRO,Molho,2.0,Mercado Maria Virginia Leite Franco,PRECOS-DE-VAREJO_MERCADO-CENTRAL-DE-ARACAJU_SEMANAL_19-E-21-JAN-2026-3.pdf
2026-01-21,2026,1,Janeiro,21,"01 Jan (19,21)",Origem vegetal,COUVE,Molho,2.0,Mercado Maria Virginia Leite Franco,PRECOS-DE-VAREJO_MERCADO-CENTRAL-DE-ARACAJU_SEMANAL_19-E-21-JAN-2026-3.pdf
2026-01-21,2026,1,Janeiro,21,"01 Jan (19,21)",Origem vegetal,COUVE-FLOR,Kg,13.0,Mercado Maria Virginia Leite Franco,PRECOS-DE-VAREJO_MERCADO-CENTRAL-DE-ARACAJU_SEMANAL_19-E-21-JAN-2026-3.pdf
2026-01-21,2026,1,Janeiro,21,"01 Jan (19,21)",Origem vegetal,FARINHA DE MANDIOCA,Kg,6.0,Mercado Maria Virginia Leite Franco,PRECOS-DE-VAREJO_MERCADO-CENTRAL-DE-ARACAJU_SEMANAL_19-E-21-JAN-2026-3.pdf
2026-01-21,2026,1,Janeiro,21,"01 Jan (19,21)",Origem vegetal,FEIJAO CARIOQUINHA,Kg,6.5,Mercado Maria Virginia Leite Franco,PRECOS-DE-VAREJO_MERCADO-CENTRAL-DE-ARACAJU_SEMANAL_19-E-21-JAN-2026-3.pdf
2026-01-21,2026,1,Janeiro,21,"01 Jan (19,21)",Origem vegetal,GOIABA VERMELHA,Kg,4.0,Mercado Maria Virginia Leite Franco,PRECOS-DE-VAREJO_MERCADO-CENTRAL-DE-ARACAJU_SEMANAL_19-E-21-JAN-2026-3.pdf
2026-01-21,2026,1,Janeiro,21,"01 Jan (19,21)",Origem vegetal,INHAME DA COSTA,Kg,15.0,Mercado Maria Virginia Leite Franco,PRECOS-DE-VAREJO_MERCADO-CENTRAL-DE-ARACAJU_SEMANAL_19-E-21-JAN-2026-3.pdf
2026-01-21,2026,1,Janeiro,21,"01 Jan (19,21)",Origem vegetal,LARANJA PERA,Uma,0.7,Mercado Maria Virginia Leite Franco,PRECOS-DE-VAREJO_MERCADO-CENTRAL-DE-ARACAJU_SEMANAL_19-E-21-JAN-2026-3.pdf
2026-01-21,2026,1,Janeiro,21,"01 Jan (19,21)",Origem vegetal,LIMAO TAITI,Kg,4.0,Mercado Maria Virginia Leite Franco,PRECOS-DE-VAREJO_MERCADO-CENTRAL-DE-ARACAJU_SEMANAL_19-E-21-JAN-2026-3.pdf
2026-01-21,2026,1,Janeiro,21,"01 Jan (19,21)",Origem vegetal,MACA NACIONAL,Kg,12.0,Mercado Maria Virginia Leite Franco,PRECOS-DE-VAREJO_MERCADO-CENTRAL-DE-ARACAJU_SEMANAL_19-E-21-JAN-2026-3.pdf
2026-01-21,2026,1,Janeiro,21,"01 Jan (19,21)",Origem vegetal,MACAXEIRA (AIPIM),Kg,3.0,Mercado Maria Virginia Leite Franco,PRECOS-DE-VAREJO_MERCADO-CENTRAL-DE-ARACAJU_SEMANAL_19-E-21-JAN-2026-3.pdf
2026-01-21,2026,1,Janeiro,21,"01 Jan (19,21)",Origem vegetal,MAMAO FORMOSA,Kg,4.0,Mercado Maria Virginia Leite Franco,PRECOS-DE-VAREJO_MERCADO-CENTRAL-DE-ARACAJU_SEMANAL_19-E-21-JAN-2026-3.pdf
2026-01-21,2026,1,Janeiro,21,"01 Jan (19,21)",Origem vegetal,MAMAO HAWAY,Kg,5.0,Mercado Maria Virginia Leite Franco,PRECOS-DE-VAREJO_MERCADO-CENTRAL-DE-ARACAJU_SEMANAL_19-E-21-JAN-2026-3.pdf
2026-01-21,2026,1,Janeiro,21,"01 Jan (19,21)",Origem vegetal,MANGA TOMMY,Kg,4.0,Mercado Maria Virginia Leite Franco,PRECOS-DE-VAREJO_MERCADO-CENTRAL-DE-ARACAJU_SEMANAL_19-E-21-JAN-2026-3.pdf
2026-01-21,2026,1,Janeiro,21,"01 Jan (19,21)",Origem vegetal,MARACUJA,Kg,9.0,Mercado Maria Virginia Leite Franco,PRECOS-DE-VAREJO_MERCADO-CENTRAL-DE-ARACAJU_SEMANAL_19-E-21-JAN-2026-3.pdf
2026-01-21,2026,1,Janeiro,21,"01 Jan (19,21)",Origem vegetal,MAXIXE,Kg,6.0,Mercado Maria Virginia Leite Franco,PRECOS-DE-VAREJO_MERCADO-CENTRAL-DE-ARACAJU_SEMANAL_19-E-21-JAN-2026-3.pdf
2026-01-21,2026,1,Janeiro,21,"01 Jan (19,21)",Origem vegetal,MELANCIA,Kg,1.5,Mercado Maria Virginia Leite Franco,PRECOS-DE-VAREJO_MERCADO-CENTRAL-DE-ARACAJU_SEMANAL_19-E-21-JAN-2026-3.pdf
2026-01-21,2026,1,Janeiro,21,"01 Jan (19,21)",Origem vegetal,MELAO ESPANHOL,Kg,4.0,Mercado Maria Virginia Leite Franco,PRECOS-DE-VAREJO_MERCADO-CENTRAL-DE-ARACAJU_SEMANAL_19-E-21-JAN-2026-3.pdf
2026-01-21,2026,1,Janeiro,21,"01 Jan (19,21)",Origem vegetal,MILHO EM GRAO,Kg,2.0,Mercado Maria Virginia Leite Franco,PRECOS-DE-VAREJO_MERCADO-CENTRAL-DE-ARACAJU_SEMANAL_19-E-21-JAN-2026-3.pdf
2026-01-21,2026,1,Janeiro,21,"01 Jan (19,21)",Origem vegetal,MILHO VERDE,Espiga,1.0,Mercado Maria Virginia Leite Franco,PRECOS-DE-VAREJO_MERCADO-CENTRAL-DE-ARACAJU_SEMANAL_19-E-21-JAN-2026-3.pdf
2026-01-21,2026,1,Janeiro,21,"01 Jan (19,21)",Origem vegetal,MORANGO,"Cx 0,3Kg",6.0,Mercado Maria Virginia Leite Franco,PRECOS-DE-VAREJO_MERCADO-CENTRAL-DE-ARACAJU_SEMANAL_19-E-21-JAN-2026-3.pdf
2026-01-21,2026,1,Janeiro,21,"01 Jan (19,21)",Origem vegetal,PIMENTAO VERDE,Um,1.5,Mercado Maria Virginia Leite Franco,PRECOS-DE-VAREJO_MERCADO-CENTRAL-DE-ARACAJU_SEMANAL_19-E-21-JAN-2026-3.pdf
2026-01-21,2026,1,Janeiro,21,"01 Jan (19,21)",Origem vegetal,QUIABO,Cento,20.0,Mercado Maria Virginia Leite Franco,PRECOS-DE-VAREJO_MERCADO-CENTRAL-DE-ARACAJU_SEMANAL_19-E-21-JAN-2026-3.pdf
2026-01-21,2026,1,Janeiro,21,"01 Jan (19,21)",Origem vegetal,REPOLHO VERDE,Kg,5.0,Mercado Maria Virginia Leite Franco,PRECOS-DE-VAREJO_MERCADO-CENTRAL-DE-ARACAJU_SEMANAL_19-E-21-JAN-2026-3.pdf
2026-01-21,2026,1,Janeiro,21,"01 Jan (19,21)",Origem vegetal,TOMATE,Kg,3.0,Mercado Maria Virginia Leite Franco,PRECOS-DE-VAREJO_MERCADO-CENTRAL-DE-ARACAJU_SEMANAL_19-E-21-JAN-2026-3.pdf
2026-01-21,2026,1,Janeiro,21,"01 Jan (19,21)",Origem vegetal,UVA SEM SEMENTE,Kg,10.0,Mercado Maria Virginia Leite Franco,PRECOS-DE-VAREJO_MERCADO-CENTRAL-DE-ARACAJU_SEMANAL_19-E-21-JAN-2026-3.pdf
2026-01-21,2026,1,Janeiro,21,"01 Jan (19,21)",Origem vegetal,VAGEM,Kg,15.0,Mercado Maria Virginia Leite Franco,PRECOS-DE-VAREJO_MERCADO-CENTRAL-DE-ARACAJU_SEMANAL_19-E-21-JAN-2026-3.pdf
2026-01-26,2026,1,Janeiro,26,"01 Jan (26,28)",Origem animal,ACEM C/ OSSO,Kg,25.0,Mercado Maria Virginia Leite Franco,PRECOS-DE-VAREJO_MERCADO-CENTRAL-DE-ARACAJU_SEMANAL_26-E-28-JAN-2026-4.pdf
2026-01-26,2026,1,Janeiro,26,"01 Jan (26,28)",Origem animal,ACEM S/ OSSO,Kg,34.0,Mercado Maria Virginia Leite Franco,PRECOS-DE-VAREJO_MERCADO-CENTRAL-DE-ARACAJU_SEMANAL_26-E-28-JAN-2026-4.pdf
2026-01-26,2026,1,Janeiro,26,"01 Jan (26,28)",Origem animal,ALCATRA,Kg,40.0,Mercado Maria Virginia Leite Franco,PRECOS-DE-VAREJO_MERCADO-CENTRAL-DE-ARACAJU_SEMANAL_26-E-28-JAN-2026-4.pdf
2026-01-26,2026,1,Janeiro,26,"01 Jan (26,28)",Origem animal,CARNE SUINA TRASEIRA,Kg,23.0,Mercado Maria Virginia Leite Franco,PRECOS-DE-VAREJO_MERCADO-CENTRAL-DE-ARACAJU_SEMANAL_26-E-28-JAN-2026-4.pdf
2026-01-26,2026,1,Janeiro,26,"01 Jan (26,28)",Origem animal,CHA DE DENTRO (COXAO MOLE),Kg,40.0,Mercado Maria Virginia Leite Franco,PRECOS-DE-VAREJO_MERCADO-CENTRAL-DE-ARACAJU_SEMANAL_26-E-28-JAN-2026-4.pdf
2026-01-26,2026,1,Janeiro,26,"01 Jan (26,28)",Origem animal,CHA DE FORA (COXAO DURO),Kg,38.0,Mercado Maria Virginia Leite Franco,PRECOS-DE-VAREJO_MERCADO-CENTRAL-DE-ARACAJU_SEMANAL_26-E-28-JAN-2026-4.pdf
2026-01-26,2026,1,Janeiro,26,"01 Jan (26,28)",Origem animal,CONTRA FILE,Kg,40.0,Mercado Maria Virginia Leite Franco,PRECOS-DE-VAREJO_MERCADO-CENTRAL-DE-ARACAJU_SEMANAL_26-E-28-JAN-2026-4.pdf
2026-01-26,2026,1,Janeiro,26,"01 Jan (26,28)",Origem animal,COSTELA,Kg,22.0,Mercado Maria Virginia Leite Franco,PRECOS-DE-VAREJO_MERCADO-CENTRAL-DE-ARACAJU_SEMANAL_26-E-28-JAN-2026-4.pdf
2026-01-26,2026,1,Janeiro,26,"01 Jan (26,28)",Origem animal,FILE MIGNION,Kg,52.0,Mercado Maria Virginia Leite Franco,PRECOS-DE-VAREJO_MERCADO-CENTRAL-DE-ARACAJU_SEMANAL_26-E-28-JAN-2026-4.pdf
2026-01-26,2026,1,Janeiro,26,"01 Jan (26,28)",Origem animal,FRANGO DE GRANJA,Kg,16.0,Mercado Maria Virginia Leite Franco,PRECOS-DE-VAREJO_MERCADO-CENTRAL-DE-ARACAJU_SEMANAL_26-E-28-JAN-2026-4.pdf
2026-01-26,2026,1,Janeiro,26,"01 Jan (26,28)",Origem animal,MANTEIGA,Kg,38.0,Mercado Maria Virginia Leite Franco,PRECOS-DE-VAREJO_MERCADO-CENTRAL-DE-ARACAJU_SEMANAL_26-E-28-JAN-2026-4.pdf
2026-01-26,2026,1,Janeiro,26,"01 Jan (26,28)",Origem animal,MUSCULO,Kg,27.0,Mercado Maria Virginia Leite Franco,PRECOS-DE-VAREJO_MERCADO-CENTRAL-DE-ARACAJU_SEMANAL_26-E-28-JAN-2026-4.pdf
2026-01-26,2026,1,Janeiro,26,"01 Jan (26,28)",Origem animal,OVO BRANCO GRANDE,Dz,8.0,Mercado Maria Virginia Leite Franco,PRECOS-DE-VAREJO_MERCADO-CENTRAL-DE-ARACAJU_SEMANAL_26-E-28-JAN-2026-4.pdf
2026-01-26,2026,1,Janeiro,26,"01 Jan (26,28)",Origem animal,OVO VERMELHO GRANDE,Dz,9.0,Mercado Maria Virginia Leite Franco,PRECOS-DE-VAREJO_MERCADO-CENTRAL-DE-ARACAJU_SEMANAL_26-E-28-JAN-2026-4.pdf
2026-01-26,2026,1,Janeiro,26,"01 Jan (26,28)",Origem animal,PALETA C/ OSSO,Kg,24.0,Mercado Maria Virginia Leite Franco,PRECOS-DE-VAREJO_MERCADO-CENTRAL-DE-ARACAJU_SEMANAL_26-E-28-JAN-2026-4.pdf
2026-01-26,2026,1,Janeiro,26,"01 Jan (26,28)",Origem animal,PATINHO,Kg,37.0,Mercado Maria Virginia Leite Franco,PRECOS-DE-VAREJO_MERCADO-CENTRAL-DE-ARACAJU_SEMANAL_26-E-28-JAN-2026-4.pdf
2026-01-26,2026,1,Janeiro,26,"01 Jan (26,28)",Origem animal,PEITO C/ OSSO,Kg,22.0,Mercado Maria Virginia Leite Franco,PRECOS-DE-VAREJO_MERCADO-CENTRAL-DE-ARACAJU_SEMANAL_26-E-28-JAN-2026-4.pdf
2026-01-26,2026,1,Janeiro,26,"01 Jan (26,28)",Origem animal,QUEIJO COALHO,Kg,28.0,Mercado Maria Virginia Leite Franco,PRECOS-DE-VAREJO_MERCADO-CENTRAL-DE-ARACAJU_SEMANAL_26-E-28-JAN-2026-4.pdf
2026-01-26,2026,1,Janeiro,26,"01 Jan (26,28)",Origem vegetal,ABACAXI GRANDE,Um,6.0,Mercado Maria Virginia Leite Franco,PRECOS-DE-VAREJO_MERCADO-CENTRAL-DE-ARACAJU_SEMANAL_26-E-28-JAN-2026-4.pdf
2026-01-26,2026,1,Janeiro,26,"01 Jan (26,28)",Origem vegetal,ABOBORA,Kg,5.0,Mercado Maria Virginia Leite Franco,PRECOS-DE-VAREJO_MERCADO-CENTRAL-DE-ARACAJU_SEMANAL_26-E-28-JAN-2026-4.pdf
2026-01-26,2026,1,Janeiro,26,"01 Jan (26,28)",Origem vegetal,ABOBRINHA,Kg,4.0,Mercado Maria Virginia Leite Franco,PRECOS-DE-VAREJO_MERCADO-CENTRAL-DE-ARACAJU_SEMANAL_26-E-28-JAN-2026-4.pdf
2026-01-26,2026,1,Janeiro,26,"01 Jan (26,28)",Origem vegetal,ACEROLA,Kg,10.0,Mercado Maria Virginia Leite Franco,PRECOS-DE-VAREJO_MERCADO-CENTRAL-DE-ARACAJU_SEMANAL_26-E-28-JAN-2026-4.pdf
2026-01-26,2026,1,Janeiro,26,"01 Jan (26,28)",Origem vegetal,ALFACE,Pe,2.0,Mercado Maria Virginia Leite Franco,PRECOS-DE-VAREJO_MERCADO-CENTRAL-DE-ARACAJU_SEMANAL_26-E-28-JAN-2026-4.pdf
2026-01-26,2026,1,Janeiro,26,"01 Jan (26,28)",Origem vegetal,ALHO,Cab.,2.5,Mercado Maria Virginia Leite Franco,PRECOS-DE-VAREJO_MERCADO-CENTRAL-DE-ARACAJU_SEMANAL_26-E-28-JAN-2026-4.pdf
2026-01-26,2026,1,Janeiro,26,"01 Jan (26,28)",Origem vegetal,AMENDOIM C/CASCA COZIDO,Lata,10.0,Mercado Maria Virginia Leite Franco,PRECOS-DE-VAREJO_MERCADO-CENTRAL-DE-ARACAJU_SEMANAL_26-E-28-JAN-2026-4.pdf
2026-01-26,2026,1,Janeiro,26,"01 Jan (26,28)",Origem vegetal,ARROZ AGULHA T 1,Kg,6.5,Mercado Maria Virginia Leite Franco,PRECOS-DE-VAREJO_MERCADO-CENTRAL-DE-ARACAJU_SEMANAL_26-E-28-JAN-2026-4.pdf
2026-01-26,2026,1,Janeiro,26,"01 Jan (26,28)",Origem vegetal,BANANA PRATA,Dz,5.0,Mercado Maria Virginia Leite Franco,PRECOS-DE-VAREJO_MERCADO-CENTRAL-DE-ARACAJU_SEMANAL_26-E-28-JAN-2026-4.pdf
2026-01-26,2026,1,Janeiro,26,"01 Jan (26,28)",Origem vegetal,BATATA DOCE,Kg,4.0,Mercado Maria Virginia Leite Franco,PRECOS-DE-VAREJO_MERCADO-CENTRAL-DE-ARACAJU_SEMANAL_26-E-28-JAN-2026-4.pdf
2026-01-26,2026,1,Janeiro,26,"01 Jan (26,28)",Origem vegetal,BATATA LISA,Kg,4.0,Mercado Maria Virginia Leite Franco,PRECOS-DE-VAREJO_MERCADO-CENTRAL-DE-ARACAJU_SEMANAL_26-E-28-JAN-2026-4.pdf
2026-01-26,2026,1,Janeiro,26,"01 Jan (26,28)",Origem vegetal,BETERRABA,Kg,4.0,Mercado Maria Virginia Leite Franco,PRECOS-DE-VAREJO_MERCADO-CENTRAL-DE-ARACAJU_SEMANAL_26-E-28-JAN-2026-4.pdf
2026-01-26,2026,1,Janeiro,26,"01 Jan (26,28)",Origem vegetal,CAJU,Um,1.0,Mercado Maria Virginia Leite Franco,PRECOS-DE-VAREJO_MERCADO-CENTRAL-DE-ARACAJU_SEMANAL_26-E-28-JAN-2026-4.pdf
2026-01-26,2026,1,Janeiro,26,"01 Jan (26,28)",Origem vegetal,CEBOLA BRANCA,Kg,3.0,Mercado Maria Virginia Leite Franco,PRECOS-DE-VAREJO_MERCADO-CENTRAL-DE-ARACAJU_SEMANAL_26-E-28-JAN-2026-4.pdf
2026-01-26,2026,1,Janeiro,26,"01 Jan (26,28)",Origem vegetal,CEBOLA ROXA,Kg,4.0,Mercado Maria Virginia Leite Franco,PRECOS-DE-VAREJO_MERCADO-CENTRAL-DE-ARACAJU_SEMANAL_26-E-28-JAN-2026-4.pdf
2026-01-26,2026,1,Janeiro,26,"01 Jan (26,28)",Origem vegetal,CEBOLINHA,Molho,2.0,Mercado Maria Virginia Leite Franco,PRECOS-DE-VAREJO_MERCADO-CENTRAL-DE-ARACAJU_SEMANAL_26-E-28-JAN-2026-4.pdf
2026-01-26,2026,1,Janeiro,26,"01 Jan (26,28)",Origem vegetal,CENOURA,Kg,4.0,Mercado Maria Virginia Leite Franco,PRECOS-DE-VAREJO_MERCADO-CENTRAL-DE-ARACAJU_SEMANAL_26-E-28-JAN-2026-4.pdf
2026-01-26,2026,1,Janeiro,26,"01 Jan (26,28)",Origem vegetal,CHUCHU,Um,2.0,Mercado Maria Virginia Leite Franco,PRECOS-DE-VAREJO_MERCADO-CENTRAL-DE-ARACAJU_SEMANAL_26-E-28-JAN-2026-4.pdf
2026-01-26,2026,1,Janeiro,26,"01 Jan (26,28)",Origem vegetal,COCO SECO,Um,7.0,Mercado Maria Virginia Leite Franco,PRECOS-DE-VAREJO_MERCADO-CENTRAL-DE-ARACAJU_SEMANAL_26-E-28-JAN-2026-4.pdf
2026-01-26,2026,1,Janeiro,26,"01 Jan (26,28)",Origem vegetal,COCO VERDE,Um,5.0,Mercado Maria Virginia Leite Franco,PRECOS-DE-VAREJO_MERCADO-CENTRAL-DE-ARACAJU_SEMANAL_26-E-28-JAN-2026-4.pdf
2026-01-26,2026,1,Janeiro,26,"01 Jan (26,28)",Origem vegetal,COENTRO,Molho,2.0,Mercado Maria Virginia Leite Franco,PRECOS-DE-VAREJO_MERCADO-CENTRAL-DE-ARACAJU_SEMANAL_26-E-28-JAN-2026-4.pdf
2026-01-26,2026,1,Janeiro,26,"01 Jan (26,28)",Origem vegetal,COUVE,Molho,2.0,Mercado Maria Virginia Leite Franco,PRECOS-DE-VAREJO_MERCADO-CENTRAL-DE-ARACAJU_SEMANAL_26-E-28-JAN-2026-4.pdf
2026-01-26,2026,1,Janeiro,26,"01 Jan (26,28)",Origem vegetal,COUVE-FLOR,Kg,13.0,Mercado Maria Virginia Leite Franco,PRECOS-DE-VAREJO_MERCADO-CENTRAL-DE-ARACAJU_SEMANAL_26-E-28-JAN-2026-4.pdf
2026-01-26,2026,1,Janeiro,26,"01 Jan (26,28)",Origem vegetal,FARINHA DE MANDIOCA,Kg,6.0,Mercado Maria Virginia Leite Franco,PRECOS-DE-VAREJO_MERCADO-CENTRAL-DE-ARACAJU_SEMANAL_26-E-28-JAN-2026-4.pdf
2026-01-26,2026,1,Janeiro,26,"01 Jan (26,28)",Origem vegetal,FEIJAO CARIOQUINHA,Kg,6.5,Mercado Maria Virginia Leite Franco,PRECOS-DE-VAREJO_MERCADO-CENTRAL-DE-ARACAJU_SEMANAL_26-E-28-JAN-2026-4.pdf
2026-01-26,2026,1,Janeiro,26,"01 Jan (26,28)",Origem vegetal,GOIABA VERMELHA,Kg,4.0,Mercado Maria Virginia Leite Franco,PRECOS-DE-VAREJO_MERCADO-CENTRAL-DE-ARACAJU_SEMANAL_26-E-28-JAN-2026-4.pdf
2026-01-26,2026,1,Janeiro,26,"01 Jan (26,28)",Origem vegetal,INHAME DA COSTA,Kg,15.0,Mercado Maria Virginia Leite Franco,PRECOS-DE-VAREJO_MERCADO-CENTRAL-DE-ARACAJU_SEMANAL_26-E-28-JAN-2026-4.pdf
2026-01-26,2026,1,Janeiro,26,"01 Jan (26,28)",Origem vegetal,LARANJA PERA,Uma,0.7,Mercado Maria Virginia Leite Franco,PRECOS-DE-VAREJO_MERCADO-CENTRAL-DE-ARACAJU_SEMANAL_26-E-28-JAN-2026-4.pdf
2026-01-26,2026,1,Janeiro,26,"01 Jan (26,28)",Origem vegetal,LIMAO TAITI,Kg,4.0,Mercado Maria Virginia Leite Franco,PRECOS-DE-VAREJO_MERCADO-CENTRAL-DE-ARACAJU_SEMANAL_26-E-28-JAN-2026-4.pdf
2026-01-26,2026,1,Janeiro,26,"01 Jan (26,28)",Origem vegetal,MACA NACIONAL,Kg,12.0,Mercado Maria Virginia Leite Franco,PRECOS-DE-VAREJO_MERCADO-CENTRAL-DE-ARACAJU_SEMANAL_26-E-28-JAN-2026-4.pdf
2026-01-26,2026,1,Janeiro,26,"01 Jan (26,28)",Origem vegetal,MACAXEIRA (AIPIM),Kg,3.0,Mercado Maria Virginia Leite Franco,PRECOS-DE-VAREJO_MERCADO-CENTRAL-DE-ARACAJU_SEMANAL_26-E-28-JAN-2026-4.pdf
2026-01-26,2026,1,Janeiro,26,"01 Jan (26,28)",Origem vegetal,MAMAO FORMOSA,Kg,4.0,Mercado Maria Virginia Leite Franco,PRECOS-DE-VAREJO_MERCADO-CENTRAL-DE-ARACAJU_SEMANAL_26-E-28-JAN-2026-4.pdf
2026-01-26,2026,1,Janeiro,26,"01 Jan (26,28)",Origem vegetal,MAMAO HAWAY,Kg,5.0,Mercado Maria Virginia Leite Franco,PRECOS-DE-VAREJO_MERCADO-CENTRAL-DE-ARACAJU_SEMANAL_26-E-28-JAN-2026-4.pdf
2026-01-26,2026,1,Janeiro,26,"01 Jan (26,28)",Origem vegetal,MANGA TOMMY,Kg,4.0,Mercado Maria Virginia Leite Franco,PRECOS-DE-VAREJO_MERCADO-CENTRAL-DE-ARACAJU_SEMANAL_26-E-28-JAN-2026-4.pdf
2026-01-26,2026,1,Janeiro,26,"01 Jan (26,28)",Origem vegetal,MARACUJA,Kg,8.0,Mercado Maria Virginia Leite Franco,PRECOS-DE-VAREJO_MERCADO-CENTRAL-DE-ARACAJU_SEMANAL_26-E-28-JAN-2026-4.pdf
2026-01-26,2026,1,Janeiro,26,"01 Jan (26,28)",Origem vegetal,MAXIXE,Kg,6.0,Mercado Maria Virginia Leite Franco,PRECOS-DE-VAREJO_MERCADO-CENTRAL-DE-ARACAJU_SEMANAL_26-E-28-JAN-2026-4.pdf
2026-01-26,2026,1,Janeiro,26,"01 Jan (26,28)",Origem vegetal,MELANCIA,Kg,1.5,Mercado Maria Virginia Leite Franco,PRECOS-DE-VAREJO_MERCADO-CENTRAL-DE-ARACAJU_SEMANAL_26-E-28-JAN-2026-4.pdf
2026-01-26,2026,1,Janeiro,26,"01 Jan (26,28)",Origem vegetal,MELAO ESPANHOL,Kg,4.0,Mercado Maria Virginia Leite Franco,PRECOS-DE-VAREJO_MERCADO-CENTRAL-DE-ARACAJU_SEMANAL_26-E-28-JAN-2026-4.pdf
2026-01-26,2026,1,Janeiro,26,"01 Jan (26,28)",Origem vegetal,MILHO EM GRAO,Kg,2.0,Mercado Maria Virginia Leite Franco,PRECOS-DE-VAREJO_MERCADO-CENTRAL-DE-ARACAJU_SEMANAL_26-E-28-JAN-2026-4.pdf
2026-01-26,2026,1,Janeiro,26,"01 Jan (26,28)",Origem vegetal,MILHO VERDE,Espiga,1.0,Mercado Maria Virginia Leite Franco,PRECOS-DE-VAREJO_MERCADO-CENTRAL-DE-ARACAJU_SEMANAL_26-E-28-JAN-2026-4.pdf
2026-01-26,2026,1,Janeiro,26,"01 Jan (26,28)",Origem vegetal,MORANGO,"Cx 0,3Kg",7.0,Mercado Maria Virginia Leite Franco,PRECOS-DE-VAREJO_MERCADO-CENTRAL-DE-ARACAJU_SEMANAL_26-E-28-JAN-2026-4.pdf
2026-01-26,2026,1,Janeiro,26,"01 Jan (26,28)",Origem vegetal,PIMENTAO VERDE,Um,1.5,Mercado Maria Virginia Leite Franco,PRECOS-DE-VAREJO_MERCADO-CENTRAL-DE-ARACAJU_SEMANAL_26-E-28-JAN-2026-4.pdf
2026-01-26,2026,1,Janeiro,26,"01 Jan (26,28)",Origem vegetal,QUIABO,Cento,20.0,Mercado Maria Virginia Leite Franco,PRECOS-DE-VAREJO_MERCADO-CENTRAL-DE-ARACAJU_SEMANAL_26-E-28-JAN-2026-4.pdf
2026-01-26,2026,1,Janeiro,26,"01 Jan (26,28)",Origem vegetal,REPOLHO VERDE,Kg,5.0,Mercado Maria Virginia Leite Franco,PRECOS-DE-VAREJO_MERCADO-CENTRAL-DE-ARACAJU_SEMANAL_26-E-28-JAN-2026-4.pdf
2026-01-26,2026,1,Janeiro,26,"01 Jan (26,28)",Origem vegetal,TOMATE,Kg,3.0,Mercado Maria Virginia Leite Franco,PRECOS-DE-VAREJO_MERCADO-CENTRAL-DE-ARACAJU_SEMANAL_26-E-28-JAN-2026-4.pdf
2026-01-26,2026,1,Janeiro,26,"01 Jan (26,28)",Origem vegetal,UVA SEM SEMENTE,Kg,10.0,Mercado Maria Virginia Leite Franco,PRECOS-DE-VAREJO_MERCADO-CENTRAL-DE-ARACAJU_SEMANAL_26-E-28-JAN-2026-4.pdf
2026-01-26,2026,1,Janeiro,26,"01 Jan (26,28)",Origem vegetal,VAGEM,Kg,15.0,Mercado Maria Virginia Leite Franco,PRECOS-DE-VAREJO_MERCADO-CENTRAL-DE-ARACAJU_SEMANAL_26-E-28-JAN-2026-4.pdf
2026-01-28,2026,1,Janeiro,28,"01 Jan (26,28)",Origem animal,ACEM C/ OSSO,Kg,25.0,Mercado Maria Virginia Leite Franco,PRECOS-DE-VAREJO_MERCADO-CENTRAL-DE-ARACAJU_SEMANAL_26-E-28-JAN-2026-4.pdf
2026-01-28,2026,1,Janeiro,28,"01 Jan (26,28)",Origem animal,ACEM S/ OSSO,Kg,34.0,Mercado Maria Virginia Leite Franco,PRECOS-DE-VAREJO_MERCADO-CENTRAL-DE-ARACAJU_SEMANAL_26-E-28-JAN-2026-4.pdf
2026-01-28,2026,1,Janeiro,28,"01 Jan (26,28)",Origem animal,ALCATRA,Kg,40.0,Mercado Maria Virginia Leite Franco,PRECOS-DE-VAREJO_MERCADO-CENTRAL-DE-ARACAJU_SEMANAL_26-E-28-JAN-2026-4.pdf
2026-01-28,2026,1,Janeiro,28,"01 Jan (26,28)",Origem animal,CARNE SUINA TRASEIRA,Kg,23.0,Mercado Maria Virginia Leite Franco,PRECOS-DE-VAREJO_MERCADO-CENTRAL-DE-ARACAJU_SEMANAL_26-E-28-JAN-2026-4.pdf
2026-01-28,2026,1,Janeiro,28,"01 Jan (26,28)",Origem animal,CHA DE DENTRO (COXAO MOLE),Kg,40.0,Mercado Maria Virginia Leite Franco,PRECOS-DE-VAREJO_MERCADO-CENTRAL-DE-ARACAJU_SEMANAL_26-E-28-JAN-2026-4.pdf
2026-01-28,2026,1,Janeiro,28,"01 Jan (26,28)",Origem animal,CHA DE FORA (COXAO DURO),Kg,38.0,Mercado Maria Virginia Leite Franco,PRECOS-DE-VAREJO_MERCADO-CENTRAL-DE-ARACAJU_SEMANAL_26-E-28-JAN-2026-4.pdf
2026-01-28,2026,1,Janeiro,28,"01 Jan (26,28)",Origem animal,CONTRA FILE,Kg,40.0,Mercado Maria Virginia Leite Franco,PRECOS-DE-VAREJO_MERCADO-CENTRAL-DE-ARACAJU_SEMANAL_26-E-28-JAN-2026-4.pdf
2026-01-28,2026,1,Janeiro,28,"01 Jan (26,28)",Origem animal,COSTELA,Kg,22.0,Mercado Maria Virginia Leite Franco,PRECOS-DE-VAREJO_MERCADO-CENTRAL-DE-ARACAJU_SEMANAL_26-E-28-JAN-2026-4.pdf
2026-01-28,2026,1,Janeiro,28,"01 Jan (26,28)",Origem animal,FILE MIGNION,Kg,52.0,Mercado Maria Virginia Leite Franco,PRECOS-DE-VAREJO_MERCADO-CENTRAL-DE-ARACAJU_SEMANAL_26-E-28-JAN-2026-4.pdf
2026-01-28,2026,1,Janeiro,28,"01 Jan (26,28)",Origem animal,FRANGO DE GRANJA,Kg,16.0,Mercado Maria Virginia Leite Franco,PRECOS-DE-VAREJO_MERCADO-CENTRAL-DE-ARACAJU_SEMANAL_26-E-28-JAN-2026-4.pdf
2026-01-28,2026,1,Janeiro,28,"01 Jan (26,28)",Origem animal,MANTEIGA,Kg,38.0,Mercado Maria Virginia Leite Franco,PRECOS-DE-VAREJO_MERCADO-CENTRAL-DE-ARACAJU_SEMANAL_26-E-28-JAN-2026-4.pdf
2026-01-28,2026,1,Janeiro,28,"01 Jan (26,28)",Origem animal,MUSCULO,Kg,27.0,Mercado Maria Virginia Leite Franco,PRECOS-DE-VAREJO_MERCADO-CENTRAL-DE-ARACAJU_SEMANAL_26-E-28-JAN-2026-4.pdf
2026-01-28,2026,1,Janeiro,28,"01 Jan (26,28)",Origem animal,OVO BRANCO GRANDE,Dz,8.0,Mercado Maria Virginia Leite Franco,PRECOS-DE-VAREJO_MERCADO-CENTRAL-DE-ARACAJU_SEMANAL_26-E-28-JAN-2026-4.pdf
2026-01-28,2026,1,Janeiro,28,"01 Jan (26,28)",Origem animal,OVO VERMELHO GRANDE,Dz,9.0,Mercado Maria Virginia Leite Franco,PRECOS-DE-VAREJO_MERCADO-CENTRAL-DE-ARACAJU_SEMANAL_26-E-28-JAN-2026-4.pdf
2026-01-28,2026,1,Janeiro,28,"01 Jan (26,28)",Origem animal,PALETA C/ OSSO,Kg,24.0,Mercado Maria Virginia Leite Franco,PRECOS-DE-VAREJO_MERCADO-CENTRAL-DE-ARACAJU_SEMANAL_26-E-28-JAN-2026-4.pdf
2026-01-28,2026,1,Janeiro,28,"01 Jan (26,28)",Origem animal,PATINHO,Kg,37.0,Mercado Maria Virginia Leite Franco,PRECOS-DE-VAREJO_MERCADO-CENTRAL-DE-ARACAJU_SEMANAL_26-E-28-JAN-2026-4.pdf
2026-01-28,2026,1,Janeiro,28,"01 Jan (26,28)",Origem animal,PEITO C/ OSSO,Kg,22.0,Mercado Maria Virginia Leite Franco,PRECOS-DE-VAREJO_MERCADO-CENTRAL-DE-ARACAJU_SEMANAL_26-E-28-JAN-2026-4.pdf
2026-01-28,2026,1,Janeiro,28,"01 Jan (26,28)",Origem animal,QUEIJO COALHO,Kg,28.0,Mercado Maria Virginia Leite Franco,PRECOS-DE-VAREJO_MERCADO-CENTRAL-DE-ARACAJU_SEMANAL_26-E-28-JAN-2026-4.pdf
2026-01-28,2026,1,Janeiro,28,"01 Jan (26,28)",Origem vegetal,ABACAXI GRANDE,Um,6.0,Mercado Maria Virginia Leite Franco,PRECOS-DE-VAREJO_MERCADO-CENTRAL-DE-ARACAJU_SEMANAL_26-E-28-JAN-2026-4.pdf
2026-01-28,2026,1,Janeiro,28,"01 Jan (26,28)",Origem vegetal,ABOBORA,Kg,5.0,Mercado Maria Virginia Leite Franco,PRECOS-DE-VAREJO_MERCADO-CENTRAL-DE-ARACAJU_SEMANAL_26-E-28-JAN-2026-4.pdf
2026-01-28,2026,1,Janeiro,28,"01 Jan (26,28)",Origem vegetal,ABOBRINHA,Kg,4.0,Mercado Maria Virginia Leite Franco,PRECOS-DE-VAREJO_MERCADO-CENTRAL-DE-ARACAJU_SEMANAL_26-E-28-JAN-2026-4.pdf
2026-01-28,2026,1,Janeiro,28,"01 Jan (26,28)",Origem vegetal,ACEROLA,Kg,10.0,Mercado Maria Virginia Leite Franco,PRECOS-DE-VAREJO_MERCADO-CENTRAL-DE-ARACAJU_SEMANAL_26-E-28-JAN-2026-4.pdf
2026-01-28,2026,1,Janeiro,28,"01 Jan (26,28)",Origem vegetal,ALFACE,Pe,2.0,Mercado Maria Virginia Leite Franco,PRECOS-DE-VAREJO_MERCADO-CENTRAL-DE-ARACAJU_SEMANAL_26-E-28-JAN-2026-4.pdf
2026-01-28,2026,1,Janeiro,28,"01 Jan (26,28)",Origem vegetal,ALHO,Cab.,2.5,Mercado Maria Virginia Leite Franco,PRECOS-DE-VAREJO_MERCADO-CENTRAL-DE-ARACAJU_SEMANAL_26-E-28-JAN-2026-4.pdf
2026-01-28,2026,1,Janeiro,28,"01 Jan (26,28)",Origem vegetal,AMENDOIM C/CASCA COZIDO,Lata,10.0,Mercado Maria Virginia Leite Franco,PRECOS-DE-VAREJO_MERCADO-CENTRAL-DE-ARACAJU_SEMANAL_26-E-28-JAN-2026-4.pdf
2026-01-28,2026,1,Janeiro,28,"01 Jan (26,28)",Origem vegetal,ARROZ AGULHA T 1,Kg,6.5,Mercado Maria Virginia Leite Franco,PRECOS-DE-VAREJO_MERCADO-CENTRAL-DE-ARACAJU_SEMANAL_26-E-28-JAN-2026-4.pdf
2026-01-28,2026,1,Janeiro,28,"01 Jan (26,28)",Origem vegetal,BANANA PRATA,Dz,5.0,Mercado Maria Virginia Leite Franco,PRECOS-DE-VAREJO_MERCADO-CENTRAL-DE-ARACAJU_SEMANAL_26-E-28-JAN-2026-4.pdf
2026-01-28,2026,1,Janeiro,28,"01 Jan (26,28)",Origem vegetal,BATATA DOCE,Kg,4.0,Mercado Maria Virginia Leite Franco,PRECOS-DE-VAREJO_MERCADO-CENTRAL-DE-ARACAJU_SEMANAL_26-E-28-JAN-2026-4.pdf
2026-01-28,2026,1,Janeiro,28,"01 Jan (26,28)",Origem vegetal,BATATA LISA,Kg,4.0,Mercado Maria Virginia Leite Franco,PRECOS-DE-VAREJO_MERCADO-CENTRAL-DE-ARACAJU_SEMANAL_26-E-28-JAN-2026-4.pdf
2026-01-28,2026,1,Janeiro,28,"01 Jan (26,28)",Origem vegetal,BETERRABA,Kg,4.0,Mercado Maria Virginia Leite Franco,PRECOS-DE-VAREJO_MERCADO-CENTRAL-DE-ARACAJU_SEMANAL_26-E-28-JAN-2026-4.pdf
2026-01-28,2026,1,Janeiro,28,"01 Jan (26,28)",Origem vegetal,CAJU,Um,1.0,Mercado Maria Virginia Leite Franco,PRECOS-DE-VAREJO_MERCADO-CENTRAL-DE-ARACAJU_SEMANAL_26-E-28-JAN-2026-4.pdf
2026-01-28,2026,1,Janeiro,28,"01 Jan (26,28)",Origem vegetal,CEBOLA BRANCA,Kg,3.0,Mercado Maria Virginia Leite Franco,PRECOS-DE-VAREJO_MERCADO-CENTRAL-DE-ARACAJU_SEMANAL_26-E-28-JAN-2026-4.pdf
2026-01-28,2026,1,Janeiro,28,"01 Jan (26,28)",Origem vegetal,CEBOLA ROXA,Kg,4.0,Mercado Maria Virginia Leite Franco,PRECOS-DE-VAREJO_MERCADO-CENTRAL-DE-ARACAJU_SEMANAL_26-E-28-JAN-2026-4.pdf
2026-01-28,2026,1,Janeiro,28,"01 Jan (26,28)",Origem vegetal,CEBOLINHA,Molho,2.0,Mercado Maria Virginia Leite Franco,PRECOS-DE-VAREJO_MERCADO-CENTRAL-DE-ARACAJU_SEMANAL_26-E-28-JAN-2026-4.pdf
2026-01-28,2026,1,Janeiro,28,"01 Jan (26,28)",Origem vegetal,CENOURA,Kg,4.0,Mercado Maria Virginia Leite Franco,PRECOS-DE-VAREJO_MERCADO-CENTRAL-DE-ARACAJU_SEMANAL_26-E-28-JAN-2026-4.pdf
2026-01-28,2026,1,Janeiro,28,"01 Jan (26,28)",Origem vegetal,CHUCHU,Um,2.0,Mercado Maria Virginia Leite Franco,PRECOS-DE-VAREJO_MERCADO-CENTRAL-DE-ARACAJU_SEMANAL_26-E-28-JAN-2026-4.pdf
2026-01-28,2026,1,Janeiro,28,"01 Jan (26,28)",Origem vegetal,COCO SECO,Um,7.0,Mercado Maria Virginia Leite Franco,PRECOS-DE-VAREJO_MERCADO-CENTRAL-DE-ARACAJU_SEMANAL_26-E-28-JAN-2026-4.pdf
2026-01-28,2026,1,Janeiro,28,"01 Jan (26,28)",Origem vegetal,COCO VERDE,Um,5.0,Mercado Maria Virginia Leite Franco,PRECOS-DE-VAREJO_MERCADO-CENTRAL-DE-ARACAJU_SEMANAL_26-E-28-JAN-2026-4.pdf
2026-01-28,2026,1,Janeiro,28,"01 Jan (26,28)",Origem vegetal,COENTRO,Molho,2.0,Mercado Maria Virginia Leite Franco,PRECOS-DE-VAREJO_MERCADO-CENTRAL-DE-ARACAJU_SEMANAL_26-E-28-JAN-2026-4.pdf
2026-01-28,2026,1,Janeiro,28,"01 Jan (26,28)",Origem vegetal,COUVE,Molho,2.0,Mercado Maria Virginia Leite Franco,PRECOS-DE-VAREJO_MERCADO-CENTRAL-DE-ARACAJU_SEMANAL_26-E-28-JAN-2026-4.pdf
2026-01-28,2026,1,Janeiro,28,"01 Jan (26,28)",Origem vegetal,COUVE-FLOR,Kg,13.0,Mercado Maria Virginia Leite Franco,PRECOS-DE-VAREJO_MERCADO-CENTRAL-DE-ARACAJU_SEMANAL_26-E-28-JAN-2026-4.pdf
2026-01-28,2026,1,Janeiro,28,"01 Jan (26,28)",Origem vegetal,FARINHA DE MANDIOCA,Kg,6.0,Mercado Maria Virginia Leite Franco,PRECOS-DE-VAREJO_MERCADO-CENTRAL-DE-ARACAJU_SEMANAL_26-E-28-JAN-2026-4.pdf
2026-01-28,2026,1,Janeiro,28,"01 Jan (26,28)",Origem vegetal,FEIJAO CARIOQUINHA,Kg,6.5,Mercado Maria Virginia Leite Franco,PRECOS-DE-VAREJO_MERCADO-CENTRAL-DE-ARACAJU_SEMANAL_26-E-28-JAN-2026-4.pdf
2026-01-28,2026,1,Janeiro,28,"01 Jan (26,28)",Origem vegetal,GOIABA VERMELHA,Kg,4.0,Mercado Maria Virginia Leite Franco,PRECOS-DE-VAREJO_MERCADO-CENTRAL-DE-ARACAJU_SEMANAL_26-E-28-JAN-2026-4.pdf
2026-01-28,2026,1,Janeiro,28,"01 Jan (26,28)",Origem vegetal,INHAME DA COSTA,Kg,15.0,Mercado Maria Virginia Leite Franco,PRECOS-DE-VAREJO_MERCADO-CENTRAL-DE-ARACAJU_SEMANAL_26-E-28-JAN-2026-4.pdf
2026-01-28,2026,1,Janeiro,28,"01 Jan (26,28)",Origem vegetal,LARANJA PERA,Uma,0.7,Mercado Maria Virginia Leite Franco,PRECOS-DE-VAREJO_MERCADO-CENTRAL-DE-ARACAJU_SEMANAL_26-E-28-JAN-2026-4.pdf
2026-01-28,2026,1,Janeiro,28,"01 Jan (26,28)",Origem vegetal,LIMAO TAITI,Kg,4.0,Mercado Maria Virginia Leite Franco,PRECOS-DE-VAREJO_MERCADO-CENTRAL-DE-ARACAJU_SEMANAL_26-E-28-JAN-2026-4.pdf
2026-01-28,2026,1,Janeiro,28,"01 Jan (26,28)",Origem vegetal,MACA NACIONAL,Kg,12.0,Mercado Maria Virginia Leite Franco,PRECOS-DE-VAREJO_MERCADO-CENTRAL-DE-ARACAJU_SEMANAL_26-E-28-JAN-2026-4.pdf
2026-01-28,2026,1,Janeiro,28,"01 Jan (26,28)",Origem vegetal,MACAXEIRA (AIPIM),Kg,3.0,Mercado Maria Virginia Leite Franco,PRECOS-DE-VAREJO_MERCADO-CENTRAL-DE-ARACAJU_SEMANAL_26-E-28-JAN-2026-4.pdf
2026-01-28,2026,1,Janeiro,28,"01 Jan (26,28)",Origem vegetal,MAMAO FORMOSA,Kg,4.0,Mercado Maria Virginia Leite Franco,PRECOS-DE-VAREJO_MERCADO-CENTRAL-DE-ARACAJU_SEMANAL_26-E-28-JAN-2026-4.pdf
2026-01-28,2026,1,Janeiro,28,"01 Jan (26,28)",Origem vegetal,MAMAO HAWAY,Kg,5.0,Mercado Maria Virginia Leite Franco,PRECOS-DE-VAREJO_MERCADO-CENTRAL-DE-ARACAJU_SEMANAL_26-E-28-JAN-2026-4.pdf
2026-01-28,2026,1,Janeiro,28,"01 Jan (26,28)",Origem vegetal,MANGA TOMMY,Kg,4.0,Mercado Maria Virginia Leite Franco,PRECOS-DE-VAREJO_MERCADO-CENTRAL-DE-ARACAJU_SEMANAL_26-E-28-JAN-2026-4.pdf
2026-01-28,2026,1,Janeiro,28,"01 Jan (26,28)",Origem vegetal,MARACUJA,Kg,8.0,Mercado Maria Virginia Leite Franco,PRECOS-DE-VAREJO_MERCADO-CENTRAL-DE-ARACAJU_SEMANAL_26-E-28-JAN-2026-4.pdf
2026-01-28,2026,1,Janeiro,28,"01 Jan (26,28)",Origem vegetal,MAXIXE,Kg,6.0,Mercado Maria Virginia Leite Franco,PRECOS-DE-VAREJO_MERCADO-CENTRAL-DE-ARACAJU_SEMANAL_26-E-28-JAN-2026-4.pdf
2026-01-28,2026,1,Janeiro,28,"01 Jan (26,28)",Origem vegetal,MELANCIA,Kg,1.5,Mercado Maria Virginia Leite Franco,PRECOS-DE-VAREJO_MERCADO-CENTRAL-DE-ARACAJU_SEMANAL_26-E-28-JAN-2026-4.pdf
2026-01-28,2026,1,Janeiro,28,"01 Jan (26,28)",Origem vegetal,MELAO ESPANHOL,Kg,4.0,Mercado Maria Virginia Leite Franco,PRECOS-DE-VAREJO_MERCADO-CENTRAL-DE-ARACAJU_SEMANAL_26-E-28-JAN-2026-4.pdf
2026-01-28,2026,1,Janeiro,28,"01 Jan (26,28)",Origem vegetal,MILHO EM GRAO,Kg,2.0,Mercado Maria Virginia Leite Franco,PRECOS-DE-VAREJO_MERCADO-CENTRAL-DE-ARACAJU_SEMANAL_26-E-28-JAN-2026-4.pdf
2026-01-28,2026,1,Janeiro,28,"01 Jan (26,28)",Origem vegetal,MILHO VERDE,Espiga,1.0,Mercado Maria Virginia Leite Franco,PRECOS-DE-VAREJO_MERCADO-CENTRAL-DE-ARACAJU_SEMANAL_26-E-28-JAN-2026-4.pdf
2026-01-28,2026,1,Janeiro,28,"01 Jan (26,28)",Origem vegetal,MORANGO,"Cx 0,3Kg",7.0,Mercado Maria Virginia Leite Franco,PRECOS-DE-VAREJO_MERCADO-CENTRAL-DE-ARACAJU_SEMANAL_26-E-28-JAN-2026-4.pdf
2026-01-28,2026,1,Janeiro,28,"01 Jan (26,28)",Origem vegetal,PIMENTAO VERDE,Um,1.5,Mercado Maria Virginia Leite Franco,PRECOS-DE-VAREJO_MERCADO-CENTRAL-DE-ARACAJU_SEMANAL_26-E-28-JAN-2026-4.pdf
2026-01-28,2026,1,Janeiro,28,"01 Jan (26,28)",Origem vegetal,QUIABO,Cento,20.0,Mercado Maria Virginia Leite Franco,PRECOS-DE-VAREJO_MERCADO-CENTRAL-DE-ARACAJU_SEMANAL_26-E-28-JAN-2026-4.pdf
2026-01-28,2026,1,Janeiro,28,"01 Jan (26,28)",Origem vegetal,REPOLHO VERDE,Kg,5.0,Mercado Maria Virginia Leite Franco,PRECOS-DE-VAREJO_MERCADO-CENTRAL-DE-ARACAJU_SEMANAL_26-E-28-JAN-2026-4.pdf
2026-01-28,2026,1,Janeiro,28,"01 Jan (26,28)",Origem vegetal,TOMATE,Kg,3.0,Mercado Maria Virginia Leite Franco,PRECOS-DE-VAREJO_MERCADO-CENTRAL-DE-ARACAJU_SEMANAL_26-E-28-JAN-2026-4.pdf
2026-01-28,2026,1,Janeiro,28,"01 Jan (26,28)",Origem vegetal,UVA SEM SEMENTE,Kg,10.0,Mercado Maria Virginia Leite Franco,PRECOS-DE-VAREJO_MERCADO-CENTRAL-DE-ARACAJU_SEMANAL_26-E-28-JAN-2026-4.pdf
2026-01-28,2026,1,Janeiro,28,"01 Jan (26,28)",Origem vegetal,VAGEM,Kg,18.0,Mercado Maria Virginia Leite Franco,PRECOS-DE-VAREJO_MERCADO-CENTRAL-DE-ARACAJU_SEMANAL_26-E-28-JAN-2026-4.pdf
2026-02-02,2026,2,Fevereiro,2,"02 Fev (2,4)",Origem animal,ACEM C/ OSSO,Kg,25.0,Mercado Maria Virginia Leite Franco,PRECOS-DE-VAREJO_MERCADO-CENTRAL-DE-ARACAJU_SEMANAL_2-E-4-FEV-2026-1.pdf
2026-02-02,2026,2,Fevereiro,2,"02 Fev (2,4)",Origem animal,ACEM S/ OSSO,Kg,34.0,Mercado Maria Virginia Leite Franco,PRECOS-DE-VAREJO_MERCADO-CENTRAL-DE-ARACAJU_SEMANAL_2-E-4-FEV-2026-1.pdf
2026-02-02,2026,2,Fevereiro,2,"02 Fev (2,4)",Origem animal,ALCATRA,Kg,40.0,Mercado Maria Virginia Leite Franco,PRECOS-DE-VAREJO_MERCADO-CENTRAL-DE-ARACAJU_SEMANAL_2-E-4-FEV-2026-1.pdf
2026-02-02,2026,2,Fevereiro,2,"02 Fev (2,4)",Origem animal,CARNE SUINA TRASEIRA,Kg,23.0,Mercado Maria Virginia Leite Franco,PRECOS-DE-VAREJO_MERCADO-CENTRAL-DE-ARACAJU_SEMANAL_2-E-4-FEV-2026-1.pdf
2026-02-02,2026,2,Fevereiro,2,"02 Fev (2,4)",Origem animal,CHA DE DENTRO (COXAO MOLE),Kg,40.0,Mercado Maria Virginia Leite Franco,PRECOS-DE-VAREJO_MERCADO-CENTRAL-DE-ARACAJU_SEMANAL_2-E-4-FEV-2026-1.pdf
2026-02-02,2026,2,Fevereiro,2,"02 Fev (2,4)",Origem animal,CHA DE FORA (COXAO DURO),Kg,38.0,Mercado Maria Virginia Leite Franco,PRECOS-DE-VAREJO_MERCADO-CENTRAL-DE-ARACAJU_SEMANAL_2-E-4-FEV-2026-1.pdf
2026-02-02,2026,2,Fevereiro,2,"02 Fev (2,4)",Origem animal,CONTRA FILE,Kg,40.0,Mercado Maria Virginia Leite Franco,PRECOS-DE-VAREJO_MERCADO-CENTRAL-DE-ARACAJU_SEMANAL_2-E-4-FEV-2026-1.pdf
2026-02-02,2026,2,Fevereiro,2,"02 Fev (2,4)",Origem animal,COSTELA,Kg,22.0,Mercado Maria Virginia Leite Franco,PRECOS-DE-VAREJO_MERCADO-CENTRAL-DE-ARACAJU_SEMANAL_2-E-4-FEV-2026-1.pdf
2026-02-02,2026,2,Fevereiro,2,"02 Fev (2,4)",Origem animal,FILE MIGNION,Kg,52.0,Mercado Maria Virginia Leite Franco,PRECOS-DE-VAREJO_MERCADO-CENTRAL-DE-ARACAJU_SEMANAL_2-E-4-FEV-2026-1.pdf
2026-02-02,2026,2,Fevereiro,2,"02 Fev (2,4)",Origem animal,FRANGO DE GRANJA,Kg,16.0,Mercado Maria Virginia Leite Franco,PRECOS-DE-VAREJO_MERCADO-CENTRAL-DE-ARACAJU_SEMANAL_2-E-4-FEV-2026-1.pdf
2026-02-02,2026,2,Fevereiro,2,"02 Fev (2,4)",Origem animal,MANTEIGA,Kg,38.0,Mercado Maria Virginia Leite Franco,PRECOS-DE-VAREJO_MERCADO-CENTRAL-DE-ARACAJU_SEMANAL_2-E-4-FEV-2026-1.pdf
2026-02-02,2026,2,Fevereiro,2,"02 Fev (2,4)",Origem animal,MUSCULO,Kg,27.0,Mercado Maria Virginia Leite Franco,PRECOS-DE-VAREJO_MERCADO-CENTRAL-DE-ARACAJU_SEMANAL_2-E-4-FEV-2026-1.pdf
2026-02-02,2026,2,Fevereiro,2,"02 Fev (2,4)",Origem animal,OVO BRANCO GRANDE,Dz,7.0,Mercado Maria Virginia Leite Franco,PRECOS-DE-VAREJO_MERCADO-CENTRAL-DE-ARACAJU_SEMANAL_2-E-4-FEV-2026-1.pdf
2026-02-02,2026,2,Fevereiro,2,"02 Fev (2,4)",Origem animal,OVO VERMELHO GRANDE,Dz,8.0,Mercado Maria Virginia Leite Franco,PRECOS-DE-VAREJO_MERCADO-CENTRAL-DE-ARACAJU_SEMANAL_2-E-4-FEV-2026-1.pdf
2026-02-02,2026,2,Fevereiro,2,"02 Fev (2,4)",Origem animal,PALETA C/ OSSO,Kg,24.0,Mercado Maria Virginia Leite Franco,PRECOS-DE-VAREJO_MERCADO-CENTRAL-DE-ARACAJU_SEMANAL_2-E-4-FEV-2026-1.pdf
2026-02-02,2026,2,Fevereiro,2,"02 Fev (2,4)",Origem animal,PATINHO,Kg,37.0,Mercado Maria Virginia Leite Franco,PRECOS-DE-VAREJO_MERCADO-CENTRAL-DE-ARACAJU_SEMANAL_2-E-4-FEV-2026-1.pdf
2026-02-02,2026,2,Fevereiro,2,"02 Fev (2,4)",Origem animal,PEITO C/ OSSO,Kg,22.0,Mercado Maria Virginia Leite Franco,PRECOS-DE-VAREJO_MERCADO-CENTRAL-DE-ARACAJU_SEMANAL_2-E-4-FEV-2026-1.pdf
2026-02-02,2026,2,Fevereiro,2,"02 Fev (2,4)",Origem animal,QUEIJO COALHO,Kg,28.0,Mercado Maria Virginia Leite Franco,PRECOS-DE-VAREJO_MERCADO-CENTRAL-DE-ARACAJU_SEMANAL_2-E-4-FEV-2026-1.pdf
2026-02-02,2026,2,Fevereiro,2,"02 Fev (2,4)",Origem vegetal,ABACAXI GRANDE,Um,6.0,Mercado Maria Virginia Leite Franco,PRECOS-DE-VAREJO_MERCADO-CENTRAL-DE-ARACAJU_SEMANAL_2-E-4-FEV-2026-1.pdf
2026-02-02,2026,2,Fevereiro,2,"02 Fev (2,4)",Origem vegetal,ABOBORA,Kg,5.0,Mercado Maria Virginia Leite Franco,PRECOS-DE-VAREJO_MERCADO-CENTRAL-DE-ARACAJU_SEMANAL_2-E-4-FEV-2026-1.pdf
2026-02-02,2026,2,Fevereiro,2,"02 Fev (2,4)",Origem vegetal,ABOBRINHA,Kg,4.0,Mercado Maria Virginia Leite Franco,PRECOS-DE-VAREJO_MERCADO-CENTRAL-DE-ARACAJU_SEMANAL_2-E-4-FEV-2026-1.pdf
2026-02-02,2026,2,Fevereiro,2,"02 Fev (2,4)",Origem vegetal,ACEROLA,Kg,10.0,Mercado Maria Virginia Leite Franco,PRECOS-DE-VAREJO_MERCADO-CENTRAL-DE-ARACAJU_SEMANAL_2-E-4-FEV-2026-1.pdf
2026-02-02,2026,2,Fevereiro,2,"02 Fev (2,4)",Origem vegetal,ALFACE,Pe,2.0,Mercado Maria Virginia Leite Franco,PRECOS-DE-VAREJO_MERCADO-CENTRAL-DE-ARACAJU_SEMANAL_2-E-4-FEV-2026-1.pdf
2026-02-02,2026,2,Fevereiro,2,"02 Fev (2,4)",Origem vegetal,ALHO,Kg,2.5,Mercado Maria Virginia Leite Franco,PRECOS-DE-VAREJO_MERCADO-CENTRAL-DE-ARACAJU_SEMANAL_2-E-4-FEV-2026-1.pdf
2026-02-02,2026,2,Fevereiro,2,"02 Fev (2,4)",Origem vegetal,AMENDOIM C/CASCA COZIDO,Lata,10.0,Mercado Maria Virginia Leite Franco,PRECOS-DE-VAREJO_MERCADO-CENTRAL-DE-ARACAJU_SEMANAL_2-E-4-FEV-2026-1.pdf
2026-02-02,2026,2,Fevereiro,2,"02 Fev (2,4)",Origem vegetal,ARROZ AGULHA T 1,Kg,6.5,Mercado Maria Virginia Leite Franco,PRECOS-DE-VAREJO_MERCADO-CENTRAL-DE-ARACAJU_SEMANAL_2-E-4-FEV-2026-1.pdf
2026-02-02,2026,2,Fevereiro,2,"02 Fev (2,4)",Origem vegetal,BANANA PRATA,Dz,5.0,Mercado Maria Virginia Leite Franco,PRECOS-DE-VAREJO_MERCADO-CENTRAL-DE-ARACAJU_SEMANAL_2-E-4-FEV-2026-1.pdf
2026-02-02,2026,2,Fevereiro,2,"02 Fev (2,4)",Origem vegetal,BATATA DOCE,Kg,4.0,Mercado Maria Virginia Leite Franco,PRECOS-DE-VAREJO_MERCADO-CENTRAL-DE-ARACAJU_SEMANAL_2-E-4-FEV-2026-1.pdf
2026-02-02,2026,2,Fevereiro,2,"02 Fev (2,4)",Origem vegetal,BATATA LISA,Kg,4.0,Mercado Maria Virginia Leite Franco,PRECOS-DE-VAREJO_MERCADO-CENTRAL-DE-ARACAJU_SEMANAL_2-E-4-FEV-2026-1.pdf
2026-02-02,2026,2,Fevereiro,2,"02 Fev (2,4)",Origem vegetal,BETERRABA,Kg,5.0,Mercado Maria Virginia Leite Franco,PRECOS-DE-VAREJO_MERCADO-CENTRAL-DE-ARACAJU_SEMANAL_2-E-4-FEV-2026-1.pdf
2026-02-02,2026,2,Fevereiro,2,"02 Fev (2,4)",Origem vegetal,CAJU,Um,1.0,Mercado Maria Virginia Leite Franco,PRECOS-DE-VAREJO_MERCADO-CENTRAL-DE-ARACAJU_SEMANAL_2-E-4-FEV-2026-1.pdf
2026-02-02,2026,2,Fevereiro,2,"02 Fev (2,4)",Origem vegetal,CEBOLA BRANCA,Kg,3.0,Mercado Maria Virginia Leite Franco,PRECOS-DE-VAREJO_MERCADO-CENTRAL-DE-ARACAJU_SEMANAL_2-E-4-FEV-2026-1.pdf
2026-02-02,2026,2,Fevereiro,2,"02 Fev (2,4)",Origem vegetal,CEBOLA ROXA,Kg,4.0,Mercado Maria Virginia Leite Franco,PRECOS-DE-VAREJO_MERCADO-CENTRAL-DE-ARACAJU_SEMANAL_2-E-4-FEV-2026-1.pdf
2026-02-02,2026,2,Fevereiro,2,"02 Fev (2,4)",Origem vegetal,CEBOLINHA,Molho,2.0,Mercado Maria Virginia Leite Franco,PRECOS-DE-VAREJO_MERCADO-CENTRAL-DE-ARACAJU_SEMANAL_2-E-4-FEV-2026-1.pdf
2026-02-02,2026,2,Fevereiro,2,"02 Fev (2,4)",Origem vegetal,CENOURA,Kg,4.0,Mercado Maria Virginia Leite Franco,PRECOS-DE-VAREJO_MERCADO-CENTRAL-DE-ARACAJU_SEMANAL_2-E-4-FEV-2026-1.pdf
2026-02-02,2026,2,Fevereiro,2,"02 Fev (2,4)",Origem vegetal,CHUCHU,Um,2.0,Mercado Maria Virginia Leite Franco,PRECOS-DE-VAREJO_MERCADO-CENTRAL-DE-ARACAJU_SEMANAL_2-E-4-FEV-2026-1.pdf
2026-02-02,2026,2,Fevereiro,2,"02 Fev (2,4)",Origem vegetal,COCO SECO,Um,7.0,Mercado Maria Virginia Leite Franco,PRECOS-DE-VAREJO_MERCADO-CENTRAL-DE-ARACAJU_SEMANAL_2-E-4-FEV-2026-1.pdf
2026-02-02,2026,2,Fevereiro,2,"02 Fev (2,4)",Origem vegetal,COCO VERDE,Um,5.0,Mercado Maria Virginia Leite Franco,PRECOS-DE-VAREJO_MERCADO-CENTRAL-DE-ARACAJU_SEMANAL_2-E-4-FEV-2026-1.pdf
2026-02-02,2026,2,Fevereiro,2,"02 Fev (2,4)",Origem vegetal,COENTRO,Molho,2.0,Mercado Maria Virginia Leite Franco,PRECOS-DE-VAREJO_MERCADO-CENTRAL-DE-ARACAJU_SEMANAL_2-E-4-FEV-2026-1.pdf
2026-02-02,2026,2,Fevereiro,2,"02 Fev (2,4)",Origem vegetal,COUVE,Molho,2.0,Mercado Maria Virginia Leite Franco,PRECOS-DE-VAREJO_MERCADO-CENTRAL-DE-ARACAJU_SEMANAL_2-E-4-FEV-2026-1.pdf
2026-02-02,2026,2,Fevereiro,2,"02 Fev (2,4)",Origem vegetal,COUVE-FLOR,Kg,13.0,Mercado Maria Virginia Leite Franco,PRECOS-DE-VAREJO_MERCADO-CENTRAL-DE-ARACAJU_SEMANAL_2-E-4-FEV-2026-1.pdf
2026-02-02,2026,2,Fevereiro,2,"02 Fev (2,4)",Origem vegetal,FARINHA DE MANDIOCA,Kg,6.0,Mercado Maria Virginia Leite Franco,PRECOS-DE-VAREJO_MERCADO-CENTRAL-DE-ARACAJU_SEMANAL_2-E-4-FEV-2026-1.pdf
2026-02-02,2026,2,Fevereiro,2,"02 Fev (2,4)",Origem vegetal,FEIJAO CARIOQUINHA,Kg,7.0,Mercado Maria Virginia Leite Franco,PRECOS-DE-VAREJO_MERCADO-CENTRAL-DE-ARACAJU_SEMANAL_2-E-4-FEV-2026-1.pdf
2026-02-02,2026,2,Fevereiro,2,"02 Fev (2,4)",Origem vegetal,GOIABA VERMELHA,Kg,4.0,Mercado Maria Virginia Leite Franco,PRECOS-DE-VAREJO_MERCADO-CENTRAL-DE-ARACAJU_SEMANAL_2-E-4-FEV-2026-1.pdf
2026-02-02,2026,2,Fevereiro,2,"02 Fev (2,4)",Origem vegetal,INHAME DA COSTA,Kg,16.0,Mercado Maria Virginia Leite Franco,PRECOS-DE-VAREJO_MERCADO-CENTRAL-DE-ARACAJU_SEMANAL_2-E-4-FEV-2026-1.pdf
2026-02-02,2026,2,Fevereiro,2,"02 Fev (2,4)",Origem vegetal,LARANJA PERA,Uma,0.7,Mercado Maria Virginia Leite Franco,PRECOS-DE-VAREJO_MERCADO-CENTRAL-DE-ARACAJU_SEMANAL_2-E-4-FEV-2026-1.pdf
2026-02-02,2026,2,Fevereiro,2,"02 Fev (2,4)",Origem vegetal,LIMAO TAITI,Kg,4.0,Mercado Maria Virginia Leite Franco,PRECOS-DE-VAREJO_MERCADO-CENTRAL-DE-ARACAJU_SEMANAL_2-E-4-FEV-2026-1.pdf
2026-02-02,2026,2,Fevereiro,2,"02 Fev (2,4)",Origem vegetal,MACA NACIONAL,Kg,12.0,Mercado Maria Virginia Leite Franco,PRECOS-DE-VAREJO_MERCADO-CENTRAL-DE-ARACAJU_SEMANAL_2-E-4-FEV-2026-1.pdf
2026-02-02,2026,2,Fevereiro,2,"02 Fev (2,4)",Origem vegetal,MACAXEIRA (AIPIM),Kg,3.0,Mercado Maria Virginia Leite Franco,PRECOS-DE-VAREJO_MERCADO-CENTRAL-DE-ARACAJU_SEMANAL_2-E-4-FEV-2026-1.pdf
2026-02-02,2026,2,Fevereiro,2,"02 Fev (2,4)",Origem vegetal,MAMAO FORMOSA,Kg,3.0,Mercado Maria Virginia Leite Franco,PRECOS-DE-VAREJO_MERCADO-CENTRAL-DE-ARACAJU_SEMANAL_2-E-4-FEV-2026-1.pdf
2026-02-02,2026,2,Fevereiro,2,"02 Fev (2,4)",Origem vegetal,MAMAO HAWAY,Kg,4.0,Mercado Maria Virginia Leite Franco,PRECOS-DE-VAREJO_MERCADO-CENTRAL-DE-ARACAJU_SEMANAL_2-E-4-FEV-2026-1.pdf
2026-02-02,2026,2,Fevereiro,2,"02 Fev (2,4)",Origem vegetal,MANGA TOMMY,Kg,4.0,Mercado Maria Virginia Leite Franco,PRECOS-DE-VAREJO_MERCADO-CENTRAL-DE-ARACAJU_SEMANAL_2-E-4-FEV-2026-1.pdf
2026-02-02,2026,2,Fevereiro,2,"02 Fev (2,4)",Origem vegetal,MARACUJA,Kg,7.0,Mercado Maria Virginia Leite Franco,PRECOS-DE-VAREJO_MERCADO-CENTRAL-DE-ARACAJU_SEMANAL_2-E-4-FEV-2026-1.pdf
2026-02-02,2026,2,Fevereiro,2,"02 Fev (2,4)",Origem vegetal,MAXIXE,Kg,7.0,Mercado Maria Virginia Leite Franco,PRECOS-DE-VAREJO_MERCADO-CENTRAL-DE-ARACAJU_SEMANAL_2-E-4-FEV-2026-1.pdf
2026-02-02,2026,2,Fevereiro,2,"02 Fev (2,4)",Origem vegetal,MELANCIA,Kg,1.5,Mercado Maria Virginia Leite Franco,PRECOS-DE-VAREJO_MERCADO-CENTRAL-DE-ARACAJU_SEMANAL_2-E-4-FEV-2026-1.pdf
2026-02-02,2026,2,Fevereiro,2,"02 Fev (2,4)",Origem vegetal,MELAO ESPANHOL,Kg,4.0,Mercado Maria Virginia Leite Franco,PRECOS-DE-VAREJO_MERCADO-CENTRAL-DE-ARACAJU_SEMANAL_2-E-4-FEV-2026-1.pdf
2026-02-02,2026,2,Fevereiro,2,"02 Fev (2,4)",Origem vegetal,MILHO EM GRAO,Kg,2.0,Mercado Maria Virginia Leite Franco,PRECOS-DE-VAREJO_MERCADO-CENTRAL-DE-ARACAJU_SEMANAL_2-E-4-FEV-2026-1.pdf
2026-02-02,2026,2,Fevereiro,2,"02 Fev (2,4)",Origem vegetal,MILHO VERDE,Espiga,1.0,Mercado Maria Virginia Leite Franco,PRECOS-DE-VAREJO_MERCADO-CENTRAL-DE-ARACAJU_SEMANAL_2-E-4-FEV-2026-1.pdf
2026-02-02,2026,2,Fevereiro,2,"02 Fev (2,4)",Origem vegetal,MORANGO,"Cx 0,3Kg",7.0,Mercado Maria Virginia Leite Franco,PRECOS-DE-VAREJO_MERCADO-CENTRAL-DE-ARACAJU_SEMANAL_2-E-4-FEV-2026-1.pdf
2026-02-02,2026,2,Fevereiro,2,"02 Fev (2,4)",Origem vegetal,PIMENTAO VERDE,Um,1.5,Mercado Maria Virginia Leite Franco,PRECOS-DE-VAREJO_MERCADO-CENTRAL-DE-ARACAJU_SEMANAL_2-E-4-FEV-2026-1.pdf
2026-02-02,2026,2,Fevereiro,2,"02 Fev (2,4)",Origem vegetal,QUIABO,Cento,20.0,Mercado Maria Virginia Leite Franco,PRECOS-DE-VAREJO_MERCADO-CENTRAL-DE-ARACAJU_SEMANAL_2-E-4-FEV-2026-1.pdf
2026-02-02,2026,2,Fevereiro,2,"02 Fev (2,4)",Origem vegetal,REPOLHO VERDE,Kg,5.0,Mercado Maria Virginia Leite Franco,PRECOS-DE-VAREJO_MERCADO-CENTRAL-DE-ARACAJU_SEMANAL_2-E-4-FEV-2026-1.pdf
2026-02-02,2026,2,Fevereiro,2,"02 Fev (2,4)",Origem vegetal,TOMATE,Kg,3.0,Mercado Maria Virginia Leite Franco,PRECOS-DE-VAREJO_MERCADO-CENTRAL-DE-ARACAJU_SEMANAL_2-E-4-FEV-2026-1.pdf
2026-02-02,2026,2,Fevereiro,2,"02 Fev (2,4)",Origem vegetal,UVA SEM SEMENTE,Kg,13.0,Mercado Maria Virginia Leite Franco,PRECOS-DE-VAREJO_MERCADO-CENTRAL-DE-ARACAJU_SEMANAL_2-E-4-FEV-2026-1.pdf
2026-02-02,2026,2,Fevereiro,2,"02 Fev (2,4)",Origem vegetal,VAGEM,Kg,18.0,Mercado Maria Virginia Leite Franco,PRECOS-DE-VAREJO_MERCADO-CENTRAL-DE-ARACAJU_SEMANAL_2-E-4-FEV-2026-1.pdf
2026-02-04,2026,2,Fevereiro,4,"02 Fev (2,4)",Origem animal,ACEM C/ OSSO,Kg,25.0,Mercado Maria Virginia Leite Franco,PRECOS-DE-VAREJO_MERCADO-CENTRAL-DE-ARACAJU_SEMANAL_2-E-4-FEV-2026-1.pdf
2026-02-04,2026,2,Fevereiro,4,"02 Fev (2,4)",Origem animal,ACEM S/ OSSO,Kg,34.0,Mercado Maria Virginia Leite Franco,PRECOS-DE-VAREJO_MERCADO-CENTRAL-DE-ARACAJU_SEMANAL_2-E-4-FEV-2026-1.pdf
2026-02-04,2026,2,Fevereiro,4,"02 Fev (2,4)",Origem animal,ALCATRA,Kg,40.0,Mercado Maria Virginia Leite Franco,PRECOS-DE-VAREJO_MERCADO-CENTRAL-DE-ARACAJU_SEMANAL_2-E-4-FEV-2026-1.pdf
2026-02-04,2026,2,Fevereiro,4,"02 Fev (2,4)",Origem animal,CARNE SUINA TRASEIRA,Kg,23.0,Mercado Maria Virginia Leite Franco,PRECOS-DE-VAREJO_MERCADO-CENTRAL-DE-ARACAJU_SEMANAL_2-E-4-FEV-2026-1.pdf
2026-02-04,2026,2,Fevereiro,4,"02 Fev (2,4)",Origem animal,CHA DE DENTRO (COXAO MOLE),Kg,40.0,Mercado Maria Virginia Leite Franco,PRECOS-DE-VAREJO_MERCADO-CENTRAL-DE-ARACAJU_SEMANAL_2-E-4-FEV-2026-1.pdf
2026-02-04,2026,2,Fevereiro,4,"02 Fev (2,4)",Origem animal,CHA DE FORA (COXAO DURO),Kg,38.0,Mercado Maria Virginia Leite Franco,PRECOS-DE-VAREJO_MERCADO-CENTRAL-DE-ARACAJU_SEMANAL_2-E-4-FEV-2026-1.pdf
2026-02-04,2026,2,Fevereiro,4,"02 Fev (2,4)",Origem animal,CONTRA FILE,Kg,40.0,Mercado Maria Virginia Leite Franco,PRECOS-DE-VAREJO_MERCADO-CENTRAL-DE-ARACAJU_SEMANAL_2-E-4-FEV-2026-1.pdf
2026-02-04,2026,2,Fevereiro,4,"02 Fev (2,4)",Origem animal,COSTELA,Kg,22.0,Mercado Maria Virginia Leite Franco,PRECOS-DE-VAREJO_MERCADO-CENTRAL-DE-ARACAJU_SEMANAL_2-E-4-FEV-2026-1.pdf
2026-02-04,2026,2,Fevereiro,4,"02 Fev (2,4)",Origem animal,FILE MIGNION,Kg,52.0,Mercado Maria Virginia Leite Franco,PRECOS-DE-VAREJO_MERCADO-CENTRAL-DE-ARACAJU_SEMANAL_2-E-4-FEV-2026-1.pdf
2026-02-04,2026,2,Fevereiro,4,"02 Fev (2,4)",Origem animal,FRANGO DE GRANJA,Kg,16.0,Mercado Maria Virginia Leite Franco,PRECOS-DE-VAREJO_MERCADO-CENTRAL-DE-ARACAJU_SEMANAL_2-E-4-FEV-2026-1.pdf
2026-02-04,2026,2,Fevereiro,4,"02 Fev (2,4)",Origem animal,MANTEIGA,Kg,38.0,Mercado Maria Virginia Leite Franco,PRECOS-DE-VAREJO_MERCADO-CENTRAL-DE-ARACAJU_SEMANAL_2-E-4-FEV-2026-1.pdf
2026-02-04,2026,2,Fevereiro,4,"02 Fev (2,4)",Origem animal,MUSCULO,Kg,27.0,Mercado Maria Virginia Leite Franco,PRECOS-DE-VAREJO_MERCADO-CENTRAL-DE-ARACAJU_SEMANAL_2-E-4-FEV-2026-1.pdf
2026-02-04,2026,2,Fevereiro,4,"02 Fev (2,4)",Origem animal,OVO BRANCO GRANDE,Dz,7.0,Mercado Maria Virginia Leite Franco,PRECOS-DE-VAREJO_MERCADO-CENTRAL-DE-ARACAJU_SEMANAL_2-E-4-FEV-2026-1.pdf
2026-02-04,2026,2,Fevereiro,4,"02 Fev (2,4)",Origem animal,OVO VERMELHO GRANDE,Dz,8.0,Mercado Maria Virginia Leite Franco,PRECOS-DE-VAREJO_MERCADO-CENTRAL-DE-ARACAJU_SEMANAL_2-E-4-FEV-2026-1.pdf
2026-02-04,2026,2,Fevereiro,4,"02 Fev (2,4)",Origem animal,PALETA C/ OSSO,Kg,24.0,Mercado Maria Virginia Leite Franco,PRECOS-DE-VAREJO_MERCADO-CENTRAL-DE-ARACAJU_SEMANAL_2-E-4-FEV-2026-1.pdf
2026-02-04,2026,2,Fevereiro,4,"02 Fev (2,4)",Origem animal,PATINHO,Kg,37.0,Mercado Maria Virginia Leite Franco,PRECOS-DE-VAREJO_MERCADO-CENTRAL-DE-ARACAJU_SEMANAL_2-E-4-FEV-2026-1.pdf
2026-02-04,2026,2,Fevereiro,4,"02 Fev (2,4)",Origem animal,PEITO C/ OSSO,Kg,22.0,Mercado Maria Virginia Leite Franco,PRECOS-DE-VAREJO_MERCADO-CENTRAL-DE-ARACAJU_SEMANAL_2-E-4-FEV-2026-1.pdf
2026-02-04,2026,2,Fevereiro,4,"02 Fev (2,4)",Origem animal,QUEIJO COALHO,Kg,28.0,Mercado Maria Virginia Leite Franco,PRECOS-DE-VAREJO_MERCADO-CENTRAL-DE-ARACAJU_SEMANAL_2-E-4-FEV-2026-1.pdf
2026-02-04,2026,2,Fevereiro,4,"02 Fev (2,4)",Origem vegetal,ABACAXI GRANDE,Um,6.0,Mercado Maria Virginia Leite Franco,PRECOS-DE-VAREJO_MERCADO-CENTRAL-DE-ARACAJU_SEMANAL_2-E-4-FEV-2026-1.pdf
2026-02-04,2026,2,Fevereiro,4,"02 Fev (2,4)",Origem vegetal,ABOBORA,Kg,5.0,Mercado Maria Virginia Leite Franco,PRECOS-DE-VAREJO_MERCADO-CENTRAL-DE-ARACAJU_SEMANAL_2-E-4-FEV-2026-1.pdf
2026-02-04,2026,2,Fevereiro,4,"02 Fev (2,4)",Origem vegetal,ABOBRINHA,Kg,4.0,Mercado Maria Virginia Leite Franco,PRECOS-DE-VAREJO_MERCADO-CENTRAL-DE-ARACAJU_SEMANAL_2-E-4-FEV-2026-1.pdf
2026-02-04,2026,2,Fevereiro,4,"02 Fev (2,4)",Origem vegetal,ACEROLA,Kg,10.0,Mercado Maria Virginia Leite Franco,PRECOS-DE-VAREJO_MERCADO-CENTRAL-DE-ARACAJU_SEMANAL_2-E-4-FEV-2026-1.pdf
2026-02-04,2026,2,Fevereiro,4,"02 Fev (2,4)",Origem vegetal,ALFACE,Pe,2.0,Mercado Maria Virginia Leite Franco,PRECOS-DE-VAREJO_MERCADO-CENTRAL-DE-ARACAJU_SEMANAL_2-E-4-FEV-2026-1.pdf
2026-02-04,2026,2,Fevereiro,4,"02 Fev (2,4)",Origem vegetal,ALHO,Kg,2.5,Mercado Maria Virginia Leite Franco,PRECOS-DE-VAREJO_MERCADO-CENTRAL-DE-ARACAJU_SEMANAL_2-E-4-FEV-2026-1.pdf
2026-02-04,2026,2,Fevereiro,4,"02 Fev (2,4)",Origem vegetal,AMENDOIM C/CASCA COZIDO,Lata,10.0,Mercado Maria Virginia Leite Franco,PRECOS-DE-VAREJO_MERCADO-CENTRAL-DE-ARACAJU_SEMANAL_2-E-4-FEV-2026-1.pdf
2026-02-04,2026,2,Fevereiro,4,"02 Fev (2,4)",Origem vegetal,ARROZ AGULHA T 1,Kg,6.5,Mercado Maria Virginia Leite Franco,PRECOS-DE-VAREJO_MERCADO-CENTRAL-DE-ARACAJU_SEMANAL_2-E-4-FEV-2026-1.pdf
2026-02-04,2026,2,Fevereiro,4,"02 Fev (2,4)",Origem vegetal,BANANA PRATA,Dz,5.0,Mercado Maria Virginia Leite Franco,PRECOS-DE-VAREJO_MERCADO-CENTRAL-DE-ARACAJU_SEMANAL_2-E-4-FEV-2026-1.pdf
2026-02-04,2026,2,Fevereiro,4,"02 Fev (2,4)",Origem vegetal,BATATA DOCE,Kg,4.0,Mercado Maria Virginia Leite Franco,PRECOS-DE-VAREJO_MERCADO-CENTRAL-DE-ARACAJU_SEMANAL_2-E-4-FEV-2026-1.pdf
2026-02-04,2026,2,Fevereiro,4,"02 Fev (2,4)",Origem vegetal,BATATA LISA,Kg,4.0,Mercado Maria Virginia Leite Franco,PRECOS-DE-VAREJO_MERCADO-CENTRAL-DE-ARACAJU_SEMANAL_2-E-4-FEV-2026-1.pdf
2026-02-04,2026,2,Fevereiro,4,"02 Fev (2,4)",Origem vegetal,BETERRABA,Kg,5.0,Mercado Maria Virginia Leite Franco,PRECOS-DE-VAREJO_MERCADO-CENTRAL-DE-ARACAJU_SEMANAL_2-E-4-FEV-2026-1.pdf
2026-02-04,2026,2,Fevereiro,4,"02 Fev (2,4)",Origem vegetal,CAJU,Um,1.0,Mercado Maria Virginia Leite Franco,PRECOS-DE-VAREJO_MERCADO-CENTRAL-DE-ARACAJU_SEMANAL_2-E-4-FEV-2026-1.pdf
2026-02-04,2026,2,Fevereiro,4,"02 Fev (2,4)",Origem vegetal,CEBOLA BRANCA,Kg,3.0,Mercado Maria Virginia Leite Franco,PRECOS-DE-VAREJO_MERCADO-CENTRAL-DE-ARACAJU_SEMANAL_2-E-4-FEV-2026-1.pdf
2026-02-04,2026,2,Fevereiro,4,"02 Fev (2,4)",Origem vegetal,CEBOLA ROXA,Kg,4.0,Mercado Maria Virginia Leite Franco,PRECOS-DE-VAREJO_MERCADO-CENTRAL-DE-ARACAJU_SEMANAL_2-E-4-FEV-2026-1.pdf
2026-02-04,2026,2,Fevereiro,4,"02 Fev (2,4)",Origem vegetal,CEBOLINHA,Molho,2.0,Mercado Maria Virginia Leite Franco,PRECOS-DE-VAREJO_MERCADO-CENTRAL-DE-ARACAJU_SEMANAL_2-E-4-FEV-2026-1.pdf
2026-02-04,2026,2,Fevereiro,4,"02 Fev (2,4)",Origem vegetal,CENOURA,Kg,4.0,Mercado Maria Virginia Leite Franco,PRECOS-DE-VAREJO_MERCADO-CENTRAL-DE-ARACAJU_SEMANAL_2-E-4-FEV-2026-1.pdf
2026-02-04,2026,2,Fevereiro,4,"02 Fev (2,4)",Origem vegetal,CHUCHU,Um,2.0,Mercado Maria Virginia Leite Franco,PRECOS-DE-VAREJO_MERCADO-CENTRAL-DE-ARACAJU_SEMANAL_2-E-4-FEV-2026-1.pdf
2026-02-04,2026,2,Fevereiro,4,"02 Fev (2,4)",Origem vegetal,COCO SECO,Um,7.0,Mercado Maria Virginia Leite Franco,PRECOS-DE-VAREJO_MERCADO-CENTRAL-DE-ARACAJU_SEMANAL_2-E-4-FEV-2026-1.pdf
2026-02-04,2026,2,Fevereiro,4,"02 Fev (2,4)",Origem vegetal,COCO VERDE,Um,5.0,Mercado Maria Virginia Leite Franco,PRECOS-DE-VAREJO_MERCADO-CENTRAL-DE-ARACAJU_SEMANAL_2-E-4-FEV-2026-1.pdf
2026-02-04,2026,2,Fevereiro,4,"02 Fev (2,4)",Origem vegetal,COENTRO,Molho,2.0,Mercado Maria Virginia Leite Franco,PRECOS-DE-VAREJO_MERCADO-CENTRAL-DE-ARACAJU_SEMANAL_2-E-4-FEV-2026-1.pdf
2026-02-04,2026,2,Fevereiro,4,"02 Fev (2,4)",Origem vegetal,COUVE,Molho,2.0,Mercado Maria Virginia Leite Franco,PRECOS-DE-VAREJO_MERCADO-CENTRAL-DE-ARACAJU_SEMANAL_2-E-4-FEV-2026-1.pdf
2026-02-04,2026,2,Fevereiro,4,"02 Fev (2,4)",Origem vegetal,COUVE-FLOR,Kg,13.0,Mercado Maria Virginia Leite Franco,PRECOS-DE-VAREJO_MERCADO-CENTRAL-DE-ARACAJU_SEMANAL_2-E-4-FEV-2026-1.pdf
2026-02-04,2026,2,Fevereiro,4,"02 Fev (2,4)",Origem vegetal,FARINHA DE MANDIOCA,Kg,6.0,Mercado Maria Virginia Leite Franco,PRECOS-DE-VAREJO_MERCADO-CENTRAL-DE-ARACAJU_SEMANAL_2-E-4-FEV-2026-1.pdf
2026-02-04,2026,2,Fevereiro,4,"02 Fev (2,4)",Origem vegetal,FEIJAO CARIOQUINHA,Kg,7.0,Mercado Maria Virginia Leite Franco,PRECOS-DE-VAREJO_MERCADO-CENTRAL-DE-ARACAJU_SEMANAL_2-E-4-FEV-2026-1.pdf
2026-02-04,2026,2,Fevereiro,4,"02 Fev (2,4)",Origem vegetal,GOIABA VERMELHA,Kg,4.0,Mercado Maria Virginia Leite Franco,PRECOS-DE-VAREJO_MERCADO-CENTRAL-DE-ARACAJU_SEMANAL_2-E-4-FEV-2026-1.pdf
2026-02-04,2026,2,Fevereiro,4,"02 Fev (2,4)",Origem vegetal,INHAME DA COSTA,Kg,16.0,Mercado Maria Virginia Leite Franco,PRECOS-DE-VAREJO_MERCADO-CENTRAL-DE-ARACAJU_SEMANAL_2-E-4-FEV-2026-1.pdf
2026-02-04,2026,2,Fevereiro,4,"02 Fev (2,4)",Origem vegetal,LARANJA PERA,Uma,0.7,Mercado Maria Virginia Leite Franco,PRECOS-DE-VAREJO_MERCADO-CENTRAL-DE-ARACAJU_SEMANAL_2-E-4-FEV-2026-1.pdf
2026-02-04,2026,2,Fevereiro,4,"02 Fev (2,4)",Origem vegetal,LIMAO TAITI,Kg,4.0,Mercado Maria Virginia Leite Franco,PRECOS-DE-VAREJO_MERCADO-CENTRAL-DE-ARACAJU_SEMANAL_2-E-4-FEV-2026-1.pdf
2026-02-04,2026,2,Fevereiro,4,"02 Fev (2,4)",Origem vegetal,MACA NACIONAL,Kg,12.0,Mercado Maria Virginia Leite Franco,PRECOS-DE-VAREJO_MERCADO-CENTRAL-DE-ARACAJU_SEMANAL_2-E-4-FEV-2026-1.pdf
2026-02-04,2026,2,Fevereiro,4,"02 Fev (2,4)",Origem vegetal,MACAXEIRA (AIPIM),Kg,3.0,Mercado Maria Virginia Leite Franco,PRECOS-DE-VAREJO_MERCADO-CENTRAL-DE-ARACAJU_SEMANAL_2-E-4-FEV-2026-1.pdf
2026-02-04,2026,2,Fevereiro,4,"02 Fev (2,4)",Origem vegetal,MAMAO FORMOSA,Kg,3.0,Mercado Maria Virginia Leite Franco,PRECOS-DE-VAREJO_MERCADO-CENTRAL-DE-ARACAJU_SEMANAL_2-E-4-FEV-2026-1.pdf
2026-02-04,2026,2,Fevereiro,4,"02 Fev (2,4)",Origem vegetal,MAMAO HAWAY,Kg,4.0,Mercado Maria Virginia Leite Franco,PRECOS-DE-VAREJO_MERCADO-CENTRAL-DE-ARACAJU_SEMANAL_2-E-4-FEV-2026-1.pdf
2026-02-04,2026,2,Fevereiro,4,"02 Fev (2,4)",Origem vegetal,MANGA TOMMY,Kg,4.0,Mercado Maria Virginia Leite Franco,PRECOS-DE-VAREJO_MERCADO-CENTRAL-DE-ARACAJU_SEMANAL_2-E-4-FEV-2026-1.pdf
2026-02-04,2026,2,Fevereiro,4,"02 Fev (2,4)",Origem vegetal,MARACUJA,Kg,7.0,Mercado Maria Virginia Leite Franco,PRECOS-DE-VAREJO_MERCADO-CENTRAL-DE-ARACAJU_SEMANAL_2-E-4-FEV-2026-1.pdf
2026-02-04,2026,2,Fevereiro,4,"02 Fev (2,4)",Origem vegetal,MAXIXE,Kg,7.0,Mercado Maria Virginia Leite Franco,PRECOS-DE-VAREJO_MERCADO-CENTRAL-DE-ARACAJU_SEMANAL_2-E-4-FEV-2026-1.pdf
2026-02-04,2026,2,Fevereiro,4,"02 Fev (2,4)",Origem vegetal,MELANCIA,Kg,1.5,Mercado Maria Virginia Leite Franco,PRECOS-DE-VAREJO_MERCADO-CENTRAL-DE-ARACAJU_SEMANAL_2-E-4-FEV-2026-1.pdf
2026-02-04,2026,2,Fevereiro,4,"02 Fev (2,4)",Origem vegetal,MELAO ESPANHOL,Kg,4.0,Mercado Maria Virginia Leite Franco,PRECOS-DE-VAREJO_MERCADO-CENTRAL-DE-ARACAJU_SEMANAL_2-E-4-FEV-2026-1.pdf
2026-02-04,2026,2,Fevereiro,4,"02 Fev (2,4)",Origem vegetal,MILHO EM GRAO,Kg,2.0,Mercado Maria Virginia Leite Franco,PRECOS-DE-VAREJO_MERCADO-CENTRAL-DE-ARACAJU_SEMANAL_2-E-4-FEV-2026-1.pdf
2026-02-04,2026,2,Fevereiro,4,"02 Fev (2,4)",Origem vegetal,MILHO VERDE,Espiga,1.0,Mercado Maria Virginia Leite Franco,PRECOS-DE-VAREJO_MERCADO-CENTRAL-DE-ARACAJU_SEMANAL_2-E-4-FEV-2026-1.pdf
2026-02-04,2026,2,Fevereiro,4,"02 Fev (2,4)",Origem vegetal,MORANGO,"Cx 0,3Kg",7.0,Mercado Maria Virginia Leite Franco,PRECOS-DE-VAREJO_MERCADO-CENTRAL-DE-ARACAJU_SEMANAL_2-E-4-FEV-2026-1.pdf
2026-02-04,2026,2,Fevereiro,4,"02 Fev (2,4)",Origem vegetal,PIMENTAO VERDE,Um,1.5,Mercado Maria Virginia Leite Franco,PRECOS-DE-VAREJO_MERCADO-CENTRAL-DE-ARACAJU_SEMANAL_2-E-4-FEV-2026-1.pdf
2026-02-04,2026,2,Fevereiro,4,"02 Fev (2,4)",Origem vegetal,QUIABO,Cento,20.0,Mercado Maria Virginia Leite Franco,PRECOS-DE-VAREJO_MERCADO-CENTRAL-DE-ARACAJU_SEMANAL_2-E-4-FEV-2026-1.pdf
2026-02-04,2026,2,Fevereiro,4,"02 Fev (2,4)",Origem vegetal,REPOLHO VERDE,Kg,5.0,Mercado Maria Virginia Leite Franco,PRECOS-DE-VAREJO_MERCADO-CENTRAL-DE-ARACAJU_SEMANAL_2-E-4-FEV-2026-1.pdf
2026-02-04,2026,2,Fevereiro,4,"02 Fev (2,4)",Origem vegetal,TOMATE,Kg,3.0,Mercado Maria Virginia Leite Franco,PRECOS-DE-VAREJO_MERCADO-CENTRAL-DE-ARACAJU_SEMANAL_2-E-4-FEV-2026-1.pdf
2026-02-04,2026,2,Fevereiro,4,"02 Fev (2,4)",Origem vegetal,UVA SEM SEMENTE,Kg,13.0,Mercado Maria Virginia Leite Franco,PRECOS-DE-VAREJO_MERCADO-CENTRAL-DE-ARACAJU_SEMANAL_2-E-4-FEV-2026-1.pdf
2026-02-04,2026,2,Fevereiro,4,"02 Fev (2,4)",Origem vegetal,VAGEM,Kg,18.0,Mercado Maria Virginia Leite Franco,PRECOS-DE-VAREJO_MERCADO-CENTRAL-DE-ARACAJU_SEMANAL_2-E-4-FEV-2026-1.pdf
2026-02-09,2026,2,Fevereiro,9,"02 Fev (9,11)",Origem animal,ACEM C/ OSSO,Kg,25.0,Mercado Maria Virginia Leite Franco,PRECOS-DE-VAREJO_MERCADO-CENTRAL-DE-ARACAJU_SEMANAL_9-E-11-FEV-2026-2.pdf
2026-02-09,2026,2,Fevereiro,9,"02 Fev (9,11)",Origem animal,ACEM S/ OSSO,Kg,34.0,Mercado Maria Virginia Leite Franco,PRECOS-DE-VAREJO_MERCADO-CENTRAL-DE-ARACAJU_SEMANAL_9-E-11-FEV-2026-2.pdf
2026-02-09,2026,2,Fevereiro,9,"02 Fev (9,11)",Origem animal,ALCATRA,Kg,40.0,Mercado Maria Virginia Leite Franco,PRECOS-DE-VAREJO_MERCADO-CENTRAL-DE-ARACAJU_SEMANAL_9-E-11-FEV-2026-2.pdf
2026-02-09,2026,2,Fevereiro,9,"02 Fev (9,11)",Origem animal,CARNE SUINA TRASEIRA,Kg,23.0,Mercado Maria Virginia Leite Franco,PRECOS-DE-VAREJO_MERCADO-CENTRAL-DE-ARACAJU_SEMANAL_9-E-11-FEV-2026-2.pdf
2026-02-09,2026,2,Fevereiro,9,"02 Fev (9,11)",Origem animal,CHA DE DENTRO (COXAO MOLE),Kg,40.0,Mercado Maria Virginia Leite Franco,PRECOS-DE-VAREJO_MERCADO-CENTRAL-DE-ARACAJU_SEMANAL_9-E-11-FEV-2026-2.pdf
2026-02-09,2026,2,Fevereiro,9,"02 Fev (9,11)",Origem animal,CHA DE FORA (COXAO DURO),Kg,38.0,Mercado Maria Virginia Leite Franco,PRECOS-DE-VAREJO_MERCADO-CENTRAL-DE-ARACAJU_SEMANAL_9-E-11-FEV-2026-2.pdf
2026-02-09,2026,2,Fevereiro,9,"02 Fev (9,11)",Origem animal,CONTRA FILE,Kg,40.0,Mercado Maria Virginia Leite Franco,PRECOS-DE-VAREJO_MERCADO-CENTRAL-DE-ARACAJU_SEMANAL_9-E-11-FEV-2026-2.pdf
2026-02-09,2026,2,Fevereiro,9,"02 Fev (9,11)",Origem animal,COSTELA,Kg,22.0,Mercado Maria Virginia Leite Franco,PRECOS-DE-VAREJO_MERCADO-CENTRAL-DE-ARACAJU_SEMANAL_9-E-11-FEV-2026-2.pdf
2026-02-09,2026,2,Fevereiro,9,"02 Fev (9,11)",Origem animal,FILE MIGNION,Kg,52.0,Mercado Maria Virginia Leite Franco,PRECOS-DE-VAREJO_MERCADO-CENTRAL-DE-ARACAJU_SEMANAL_9-E-11-FEV-2026-2.pdf
2026-02-09,2026,2,Fevereiro,9,"02 Fev (9,11)",Origem animal,FRANGO DE GRANJA,Kg,16.0,Mercado Maria Virginia Leite Franco,PRECOS-DE-VAREJO_MERCADO-CENTRAL-DE-ARACAJU_SEMANAL_9-E-11-FEV-2026-2.pdf
2026-02-09,2026,2,Fevereiro,9,"02 Fev (9,11)",Origem animal,MANTEIGA,Kg,38.0,Mercado Maria Virginia Leite Franco,PRECOS-DE-VAREJO_MERCADO-CENTRAL-DE-ARACAJU_SEMANAL_9-E-11-FEV-2026-2.pdf
2026-02-09,2026,2,Fevereiro,9,"02 Fev (9,11)",Origem animal,MUSCULO,Kg,27.0,Mercado Maria Virginia Leite Franco,PRECOS-DE-VAREJO_MERCADO-CENTRAL-DE-ARACAJU_SEMANAL_9-E-11-FEV-2026-2.pdf
2026-02-09,2026,2,Fevereiro,9,"02 Fev (9,11)",Origem animal,OVO BRANCO GRANDE,Dz,7.0,Mercado Maria Virginia Leite Franco,PRECOS-DE-VAREJO_MERCADO-CENTRAL-DE-ARACAJU_SEMANAL_9-E-11-FEV-2026-2.pdf
2026-02-09,2026,2,Fevereiro,9,"02 Fev (9,11)",Origem animal,OVO VERMELHO GRANDE,Dz,8.0,Mercado Maria Virginia Leite Franco,PRECOS-DE-VAREJO_MERCADO-CENTRAL-DE-ARACAJU_SEMANAL_9-E-11-FEV-2026-2.pdf
2026-02-09,2026,2,Fevereiro,9,"02 Fev (9,11)",Origem animal,PALETA C/ OSSO,Kg,24.0,Mercado Maria Virginia Leite Franco,PRECOS-DE-VAREJO_MERCADO-CENTRAL-DE-ARACAJU_SEMANAL_9-E-11-FEV-2026-2.pdf
2026-02-09,2026,2,Fevereiro,9,"02 Fev (9,11)",Origem animal,PATINHO,Kg,37.0,Mercado Maria Virginia Leite Franco,PRECOS-DE-VAREJO_MERCADO-CENTRAL-DE-ARACAJU_SEMANAL_9-E-11-FEV-2026-2.pdf
2026-02-09,2026,2,Fevereiro,9,"02 Fev (9,11)",Origem animal,PEITO C/ OSSO,Kg,22.0,Mercado Maria Virginia Leite Franco,PRECOS-DE-VAREJO_MERCADO-CENTRAL-DE-ARACAJU_SEMANAL_9-E-11-FEV-2026-2.pdf
2026-02-09,2026,2,Fevereiro,9,"02 Fev (9,11)",Origem animal,QUEIJO COALHO,Kg,28.0,Mercado Maria Virginia Leite Franco,PRECOS-DE-VAREJO_MERCADO-CENTRAL-DE-ARACAJU_SEMANAL_9-E-11-FEV-2026-2.pdf
2026-02-09,2026,2,Fevereiro,9,"02 Fev (9,11)",Origem vegetal,ABACAXI GRANDE,Um,6.0,Mercado Maria Virginia Leite Franco,PRECOS-DE-VAREJO_MERCADO-CENTRAL-DE-ARACAJU_SEMANAL_9-E-11-FEV-2026-2.pdf
2026-02-09,2026,2,Fevereiro,9,"02 Fev (9,11)",Origem vegetal,ABOBORA,Kg,5.0,Mercado Maria Virginia Leite Franco,PRECOS-DE-VAREJO_MERCADO-CENTRAL-DE-ARACAJU_SEMANAL_9-E-11-FEV-2026-2.pdf
2026-02-09,2026,2,Fevereiro,9,"02 Fev (9,11)",Origem vegetal,ABOBRINHA,Kg,4.0,Mercado Maria Virginia Leite Franco,PRECOS-DE-VAREJO_MERCADO-CENTRAL-DE-ARACAJU_SEMANAL_9-E-11-FEV-2026-2.pdf
2026-02-09,2026,2,Fevereiro,9,"02 Fev (9,11)",Origem vegetal,ACEROLA,Kg,7.0,Mercado Maria Virginia Leite Franco,PRECOS-DE-VAREJO_MERCADO-CENTRAL-DE-ARACAJU_SEMANAL_9-E-11-FEV-2026-2.pdf
2026-02-09,2026,2,Fevereiro,9,"02 Fev (9,11)",Origem vegetal,ALFACE,Pe,2.0,Mercado Maria Virginia Leite Franco,PRECOS-DE-VAREJO_MERCADO-CENTRAL-DE-ARACAJU_SEMANAL_9-E-11-FEV-2026-2.pdf
2026-02-09,2026,2,Fevereiro,9,"02 Fev (9,11)",Origem vegetal,ALHO,Kg,2.5,Mercado Maria Virginia Leite Franco,PRECOS-DE-VAREJO_MERCADO-CENTRAL-DE-ARACAJU_SEMANAL_9-E-11-FEV-2026-2.pdf
2026-02-09,2026,2,Fevereiro,9,"02 Fev (9,11)",Origem vegetal,AMENDOIM C/CASCA COZIDO,Lata,10.0,Mercado Maria Virginia Leite Franco,PRECOS-DE-VAREJO_MERCADO-CENTRAL-DE-ARACAJU_SEMANAL_9-E-11-FEV-2026-2.pdf
2026-02-09,2026,2,Fevereiro,9,"02 Fev (9,11)",Origem vegetal,ARROZ AGULHA T 1,Kg,6.5,Mercado Maria Virginia Leite Franco,PRECOS-DE-VAREJO_MERCADO-CENTRAL-DE-ARACAJU_SEMANAL_9-E-11-FEV-2026-2.pdf
2026-02-09,2026,2,Fevereiro,9,"02 Fev (9,11)",Origem vegetal,BANANA PRATA,Dz,5.0,Mercado Maria Virginia Leite Franco,PRECOS-DE-VAREJO_MERCADO-CENTRAL-DE-ARACAJU_SEMANAL_9-E-11-FEV-2026-2.pdf
2026-02-09,2026,2,Fevereiro,9,"02 Fev (9,11)",Origem vegetal,BATATA DOCE,Kg,4.0,Mercado Maria Virginia Leite Franco,PRECOS-DE-VAREJO_MERCADO-CENTRAL-DE-ARACAJU_SEMANAL_9-E-11-FEV-2026-2.pdf
2026-02-09,2026,2,Fevereiro,9,"02 Fev (9,11)",Origem vegetal,BATATA LISA,Kg,4.0,Mercado Maria Virginia Leite Franco,PRECOS-DE-VAREJO_MERCADO-CENTRAL-DE-ARACAJU_SEMANAL_9-E-11-FEV-2026-2.pdf
2026-02-09,2026,2,Fevereiro,9,"02 Fev (9,11)",Origem vegetal,BETERRABA,Kg,5.0,Mercado Maria Virginia Leite Franco,PRECOS-DE-VAREJO_MERCADO-CENTRAL-DE-ARACAJU_SEMANAL_9-E-11-FEV-2026-2.pdf
2026-02-09,2026,2,Fevereiro,9,"02 Fev (9,11)",Origem vegetal,CAJU,Um,1.0,Mercado Maria Virginia Leite Franco,PRECOS-DE-VAREJO_MERCADO-CENTRAL-DE-ARACAJU_SEMANAL_9-E-11-FEV-2026-2.pdf
2026-02-09,2026,2,Fevereiro,9,"02 Fev (9,11)",Origem vegetal,CEBOLA BRANCA,Kg,3.0,Mercado Maria Virginia Leite Franco,PRECOS-DE-VAREJO_MERCADO-CENTRAL-DE-ARACAJU_SEMANAL_9-E-11-FEV-2026-2.pdf
2026-02-09,2026,2,Fevereiro,9,"02 Fev (9,11)",Origem vegetal,CEBOLA ROXA,Kg,4.0,Mercado Maria Virginia Leite Franco,PRECOS-DE-VAREJO_MERCADO-CENTRAL-DE-ARACAJU_SEMANAL_9-E-11-FEV-2026-2.pdf
2026-02-09,2026,2,Fevereiro,9,"02 Fev (9,11)",Origem vegetal,CEBOLINHA,Molho,2.0,Mercado Maria Virginia Leite Franco,PRECOS-DE-VAREJO_MERCADO-CENTRAL-DE-ARACAJU_SEMANAL_9-E-11-FEV-2026-2.pdf
2026-02-09,2026,2,Fevereiro,9,"02 Fev (9,11)",Origem vegetal,CENOURA,Kg,4.0,Mercado Maria Virginia Leite Franco,PRECOS-DE-VAREJO_MERCADO-CENTRAL-DE-ARACAJU_SEMANAL_9-E-11-FEV-2026-2.pdf
2026-02-09,2026,2,Fevereiro,9,"02 Fev (9,11)",Origem vegetal,CHUCHU,Um,2.0,Mercado Maria Virginia Leite Franco,PRECOS-DE-VAREJO_MERCADO-CENTRAL-DE-ARACAJU_SEMANAL_9-E-11-FEV-2026-2.pdf
2026-02-09,2026,2,Fevereiro,9,"02 Fev (9,11)",Origem vegetal,COCO SECO,Um,7.0,Mercado Maria Virginia Leite Franco,PRECOS-DE-VAREJO_MERCADO-CENTRAL-DE-ARACAJU_SEMANAL_9-E-11-FEV-2026-2.pdf
2026-02-09,2026,2,Fevereiro,9,"02 Fev (9,11)",Origem vegetal,COCO VERDE,Um,5.0,Mercado Maria Virginia Leite Franco,PRECOS-DE-VAREJO_MERCADO-CENTRAL-DE-ARACAJU_SEMANAL_9-E-11-FEV-2026-2.pdf
2026-02-09,2026,2,Fevereiro,9,"02 Fev (9,11)",Origem vegetal,COENTRO,Molho,2.0,Mercado Maria Virginia Leite Franco,PRECOS-DE-VAREJO_MERCADO-CENTRAL-DE-ARACAJU_SEMANAL_9-E-11-FEV-2026-2.pdf
2026-02-09,2026,2,Fevereiro,9,"02 Fev (9,11)",Origem vegetal,COUVE,Molho,2.0,Mercado Maria Virginia Leite Franco,PRECOS-DE-VAREJO_MERCADO-CENTRAL-DE-ARACAJU_SEMANAL_9-E-11-FEV-2026-2.pdf
2026-02-09,2026,2,Fevereiro,9,"02 Fev (9,11)",Origem vegetal,COUVE-FLOR,Kg,13.0,Mercado Maria Virginia Leite Franco,PRECOS-DE-VAREJO_MERCADO-CENTRAL-DE-ARACAJU_SEMANAL_9-E-11-FEV-2026-2.pdf
2026-02-09,2026,2,Fevereiro,9,"02 Fev (9,11)",Origem vegetal,FARINHA DE MANDIOCA,Kg,6.0,Mercado Maria Virginia Leite Franco,PRECOS-DE-VAREJO_MERCADO-CENTRAL-DE-ARACAJU_SEMANAL_9-E-11-FEV-2026-2.pdf
2026-02-09,2026,2,Fevereiro,9,"02 Fev (9,11)",Origem vegetal,FEIJAO CARIOQUINHA,Kg,7.0,Mercado Maria Virginia Leite Franco,PRECOS-DE-VAREJO_MERCADO-CENTRAL-DE-ARACAJU_SEMANAL_9-E-11-FEV-2026-2.pdf
2026-02-09,2026,2,Fevereiro,9,"02 Fev (9,11)",Origem vegetal,GOIABA VERMELHA,Kg,4.0,Mercado Maria Virginia Leite Franco,PRECOS-DE-VAREJO_MERCADO-CENTRAL-DE-ARACAJU_SEMANAL_9-E-11-FEV-2026-2.pdf
2026-02-09,2026,2,Fevereiro,9,"02 Fev (9,11)",Origem vegetal,INHAME DA COSTA,Kg,12.0,Mercado Maria Virginia Leite Franco,PRECOS-DE-VAREJO_MERCADO-CENTRAL-DE-ARACAJU_SEMANAL_9-E-11-FEV-2026-2.pdf
2026-02-09,2026,2,Fevereiro,9,"02 Fev (9,11)",Origem vegetal,LARANJA PERA,Uma,0.7,Mercado Maria Virginia Leite Franco,PRECOS-DE-VAREJO_MERCADO-CENTRAL-DE-ARACAJU_SEMANAL_9-E-11-FEV-2026-2.pdf
2026-02-09,2026,2,Fevereiro,9,"02 Fev (9,11)",Origem vegetal,LIMAO TAITI,Kg,4.0,Mercado Maria Virginia Leite Franco,PRECOS-DE-VAREJO_MERCADO-CENTRAL-DE-ARACAJU_SEMANAL_9-E-11-FEV-2026-2.pdf
2026-02-09,2026,2,Fevereiro,9,"02 Fev (9,11)",Origem vegetal,MACA NACIONAL,Kg,12.0,Mercado Maria Virginia Leite Franco,PRECOS-DE-VAREJO_MERCADO-CENTRAL-DE-ARACAJU_SEMANAL_9-E-11-FEV-2026-2.pdf
2026-02-09,2026,2,Fevereiro,9,"02 Fev (9,11)",Origem vegetal,MACAXEIRA (AIPIM),Kg,3.0,Mercado Maria Virginia Leite Franco,PRECOS-DE-VAREJO_MERCADO-CENTRAL-DE-ARACAJU_SEMANAL_9-E-11-FEV-2026-2.pdf
2026-02-09,2026,2,Fevereiro,9,"02 Fev (9,11)",Origem vegetal,MAMAO FORMOSA,Kg,3.0,Mercado Maria Virginia Leite Franco,PRECOS-DE-VAREJO_MERCADO-CENTRAL-DE-ARACAJU_SEMANAL_9-E-11-FEV-2026-2.pdf
2026-02-09,2026,2,Fevereiro,9,"02 Fev (9,11)",Origem vegetal,MAMAO HAWAY,Kg,4.0,Mercado Maria Virginia Leite Franco,PRECOS-DE-VAREJO_MERCADO-CENTRAL-DE-ARACAJU_SEMANAL_9-E-11-FEV-2026-2.pdf
2026-02-09,2026,2,Fevereiro,9,"02 Fev (9,11)",Origem vegetal,MANGA TOMMY,Kg,4.0,Mercado Maria Virginia Leite Franco,PRECOS-DE-VAREJO_MERCADO-CENTRAL-DE-ARACAJU_SEMANAL_9-E-11-FEV-2026-2.pdf
2026-02-09,2026,2,Fevereiro,9,"02 Fev (9,11)",Origem vegetal,MARACUJA,Kg,7.0,Mercado Maria Virginia Leite Franco,PRECOS-DE-VAREJO_MERCADO-CENTRAL-DE-ARACAJU_SEMANAL_9-E-11-FEV-2026-2.pdf
2026-02-09,2026,2,Fevereiro,9,"02 Fev (9,11)",Origem vegetal,MAXIXE,Kg,7.0,Mercado Maria Virginia Leite Franco,PRECOS-DE-VAREJO_MERCADO-CENTRAL-DE-ARACAJU_SEMANAL_9-E-11-FEV-2026-2.pdf
2026-02-09,2026,2,Fevereiro,9,"02 Fev (9,11)",Origem vegetal,MELANCIA,Kg,1.5,Mercado Maria Virginia Leite Franco,PRECOS-DE-VAREJO_MERCADO-CENTRAL-DE-ARACAJU_SEMANAL_9-E-11-FEV-2026-2.pdf
2026-02-09,2026,2,Fevereiro,9,"02 Fev (9,11)",Origem vegetal,MELAO ESPANHOL,Kg,4.0,Mercado Maria Virginia Leite Franco,PRECOS-DE-VAREJO_MERCADO-CENTRAL-DE-ARACAJU_SEMANAL_9-E-11-FEV-2026-2.pdf
2026-02-09,2026,2,Fevereiro,9,"02 Fev (9,11)",Origem vegetal,MILHO EM GRAO,Kg,2.0,Mercado Maria Virginia Leite Franco,PRECOS-DE-VAREJO_MERCADO-CENTRAL-DE-ARACAJU_SEMANAL_9-E-11-FEV-2026-2.pdf
2026-02-09,2026,2,Fevereiro,9,"02 Fev (9,11)",Origem vegetal,MILHO VERDE,Espiga,1.0,Mercado Maria Virginia Leite Franco,PRECOS-DE-VAREJO_MERCADO-CENTRAL-DE-ARACAJU_SEMANAL_9-E-11-FEV-2026-2.pdf
2026-02-09,2026,2,Fevereiro,9,"02 Fev (9,11)",Origem vegetal,MORANGO,"Cx 0,3Kg",7.0,Mercado Maria Virginia Leite Franco,PRECOS-DE-VAREJO_MERCADO-CENTRAL-DE-ARACAJU_SEMANAL_9-E-11-FEV-2026-2.pdf
2026-02-09,2026,2,Fevereiro,9,"02 Fev (9,11)",Origem vegetal,PIMENTAO VERDE,Um,1.5,Mercado Maria Virginia Leite Franco,PRECOS-DE-VAREJO_MERCADO-CENTRAL-DE-ARACAJU_SEMANAL_9-E-11-FEV-2026-2.pdf
2026-02-09,2026,2,Fevereiro,9,"02 Fev (9,11)",Origem vegetal,QUIABO,Cento,20.0,Mercado Maria Virginia Leite Franco,PRECOS-DE-VAREJO_MERCADO-CENTRAL-DE-ARACAJU_SEMANAL_9-E-11-FEV-2026-2.pdf
2026-02-09,2026,2,Fevereiro,9,"02 Fev (9,11)",Origem vegetal,REPOLHO VERDE,Kg,5.0,Mercado Maria Virginia Leite Franco,PRECOS-DE-VAREJO_MERCADO-CENTRAL-DE-ARACAJU_SEMANAL_9-E-11-FEV-2026-2.pdf
2026-02-09,2026,2,Fevereiro,9,"02 Fev (9,11)",Origem vegetal,TOMATE,Kg,3.0,Mercado Maria Virginia Leite Franco,PRECOS-DE-VAREJO_MERCADO-CENTRAL-DE-ARACAJU_SEMANAL_9-E-11-FEV-2026-2.pdf
2026-02-09,2026,2,Fevereiro,9,"02 Fev (9,11)",Origem vegetal,UVA SEM SEMENTE,Kg,13.0,Mercado Maria Virginia Leite Franco,PRECOS-DE-VAREJO_MERCADO-CENTRAL-DE-ARACAJU_SEMANAL_9-E-11-FEV-2026-2.pdf
2026-02-09,2026,2,Fevereiro,9,"02 Fev (9,11)",Origem vegetal,VAGEM,Kg,18.0,Mercado Maria Virginia Leite Franco,PRECOS-DE-VAREJO_MERCADO-CENTRAL-DE-ARACAJU_SEMANAL_9-E-11-FEV-2026-2.pdf
2026-02-11,2026,2,Fevereiro,11,"02 Fev (9,11)",Origem animal,ACEM C/ OSSO,Kg,25.0,Mercado Maria Virginia Leite Franco,PRECOS-DE-VAREJO_MERCADO-CENTRAL-DE-ARACAJU_SEMANAL_9-E-11-FEV-2026-2.pdf
2026-02-11,2026,2,Fevereiro,11,"02 Fev (9,11)",Origem animal,ACEM S/ OSSO,Kg,34.0,Mercado Maria Virginia Leite Franco,PRECOS-DE-VAREJO_MERCADO-CENTRAL-DE-ARACAJU_SEMANAL_9-E-11-FEV-2026-2.pdf
2026-02-11,2026,2,Fevereiro,11,"02 Fev (9,11)",Origem animal,ALCATRA,Kg,40.0,Mercado Maria Virginia Leite Franco,PRECOS-DE-VAREJO_MERCADO-CENTRAL-DE-ARACAJU_SEMANAL_9-E-11-FEV-2026-2.pdf
2026-02-11,2026,2,Fevereiro,11,"02 Fev (9,11)",Origem animal,CARNE SUINA TRASEIRA,Kg,23.0,Mercado Maria Virginia Leite Franco,PRECOS-DE-VAREJO_MERCADO-CENTRAL-DE-ARACAJU_SEMANAL_9-E-11-FEV-2026-2.pdf
2026-02-11,2026,2,Fevereiro,11,"02 Fev (9,11)",Origem animal,CHA DE DENTRO (COXAO MOLE),Kg,40.0,Mercado Maria Virginia Leite Franco,PRECOS-DE-VAREJO_MERCADO-CENTRAL-DE-ARACAJU_SEMANAL_9-E-11-FEV-2026-2.pdf
2026-02-11,2026,2,Fevereiro,11,"02 Fev (9,11)",Origem animal,CHA DE FORA (COXAO DURO),Kg,38.0,Mercado Maria Virginia Leite Franco,PRECOS-DE-VAREJO_MERCADO-CENTRAL-DE-ARACAJU_SEMANAL_9-E-11-FEV-2026-2.pdf
2026-02-11,2026,2,Fevereiro,11,"02 Fev (9,11)",Origem animal,CONTRA FILE,Kg,40.0,Mercado Maria Virginia Leite Franco,PRECOS-DE-VAREJO_MERCADO-CENTRAL-DE-ARACAJU_SEMANAL_9-E-11-FEV-2026-2.pdf
2026-02-11,2026,2,Fevereiro,11,"02 Fev (9,11)",Origem animal,COSTELA,Kg,22.0,Mercado Maria Virginia Leite Franco,PRECOS-DE-VAREJO_MERCADO-CENTRAL-DE-ARACAJU_SEMANAL_9-E-11-FEV-2026-2.pdf
2026-02-11,2026,2,Fevereiro,11,"02 Fev (9,11)",Origem animal,FILE MIGNION,Kg,52.0,Mercado Maria Virginia Leite Franco,PRECOS-DE-VAREJO_MERCADO-CENTRAL-DE-ARACAJU_SEMANAL_9-E-11-FEV-2026-2.pdf
2026-02-11,2026,2,Fevereiro,11,"02 Fev (9,11)",Origem animal,FRANGO DE GRANJA,Kg,16.0,Mercado Maria Virginia Leite Franco,PRECOS-DE-VAREJO_MERCADO-CENTRAL-DE-ARACAJU_SEMANAL_9-E-11-FEV-2026-2.pdf
2026-02-11,2026,2,Fevereiro,11,"02 Fev (9,11)",Origem animal,MANTEIGA,Kg,38.0,Mercado Maria Virginia Leite Franco,PRECOS-DE-VAREJO_MERCADO-CENTRAL-DE-ARACAJU_SEMANAL_9-E-11-FEV-2026-2.pdf
2026-02-11,2026,2,Fevereiro,11,"02 Fev (9,11)",Origem animal,MUSCULO,Kg,27.0,Mercado Maria Virginia Leite Franco,PRECOS-DE-VAREJO_MERCADO-CENTRAL-DE-ARACAJU_SEMANAL_9-E-11-FEV-2026-2.pdf
2026-02-11,2026,2,Fevereiro,11,"02 Fev (9,11)",Origem animal,OVO BRANCO GRANDE,Dz,7.0,Mercado Maria Virginia Leite Franco,PRECOS-DE-VAREJO_MERCADO-CENTRAL-DE-ARACAJU_SEMANAL_9-E-11-FEV-2026-2.pdf
2026-02-11,2026,2,Fevereiro,11,"02 Fev (9,11)",Origem animal,OVO VERMELHO GRANDE,Dz,8.0,Mercado Maria Virginia Leite Franco,PRECOS-DE-VAREJO_MERCADO-CENTRAL-DE-ARACAJU_SEMANAL_9-E-11-FEV-2026-2.pdf
2026-02-11,2026,2,Fevereiro,11,"02 Fev (9,11)",Origem animal,PALETA C/ OSSO,Kg,24.0,Mercado Maria Virginia Leite Franco,PRECOS-DE-VAREJO_MERCADO-CENTRAL-DE-ARACAJU_SEMANAL_9-E-11-FEV-2026-2.pdf
2026-02-11,2026,2,Fevereiro,11,"02 Fev (9,11)",Origem animal,PATINHO,Kg,37.0,Mercado Maria Virginia Leite Franco,PRECOS-DE-VAREJO_MERCADO-CENTRAL-DE-ARACAJU_SEMANAL_9-E-11-FEV-2026-2.pdf
2026-02-11,2026,2,Fevereiro,11,"02 Fev (9,11)",Origem animal,PEITO C/ OSSO,Kg,22.0,Mercado Maria Virginia Leite Franco,PRECOS-DE-VAREJO_MERCADO-CENTRAL-DE-ARACAJU_SEMANAL_9-E-11-FEV-2026-2.pdf
2026-02-11,2026,2,Fevereiro,11,"02 Fev (9,11)",Origem animal,QUEIJO COALHO,Kg,28.0,Mercado Maria Virginia Leite Franco,PRECOS-DE-VAREJO_MERCADO-CENTRAL-DE-ARACAJU_SEMANAL_9-E-11-FEV-2026-2.pdf
2026-02-11,2026,2,Fevereiro,11,"02 Fev (9,11)",Origem vegetal,ABACAXI GRANDE,Um,7.0,Mercado Maria Virginia Leite Franco,PRECOS-DE-VAREJO_MERCADO-CENTRAL-DE-ARACAJU_SEMANAL_9-E-11-FEV-2026-2.pdf
2026-02-11,2026,2,Fevereiro,11,"02 Fev (9,11)",Origem vegetal,ABOBORA,Kg,5.0,Mercado Maria Virginia Leite Franco,PRECOS-DE-VAREJO_MERCADO-CENTRAL-DE-ARACAJU_SEMANAL_9-E-11-FEV-2026-2.pdf
2026-02-11,2026,2,Fevereiro,11,"02 Fev (9,11)",Origem vegetal,ABOBRINHA,Kg,4.0,Mercado Maria Virginia Leite Franco,PRECOS-DE-VAREJO_MERCADO-CENTRAL-DE-ARACAJU_SEMANAL_9-E-11-FEV-2026-2.pdf
2026-02-11,2026,2,Fevereiro,11,"02 Fev (9,11)",Origem vegetal,ACEROLA,Kg,7.0,Mercado Maria Virginia Leite Franco,PRECOS-DE-VAREJO_MERCADO-CENTRAL-DE-ARACAJU_SEMANAL_9-E-11-FEV-2026-2.pdf
2026-02-11,2026,2,Fevereiro,11,"02 Fev (9,11)",Origem vegetal,ALFACE,Pe,2.0,Mercado Maria Virginia Leite Franco,PRECOS-DE-VAREJO_MERCADO-CENTRAL-DE-ARACAJU_SEMANAL_9-E-11-FEV-2026-2.pdf
2026-02-11,2026,2,Fevereiro,11,"02 Fev (9,11)",Origem vegetal,ALHO,Kg,2.5,Mercado Maria Virginia Leite Franco,PRECOS-DE-VAREJO_MERCADO-CENTRAL-DE-ARACAJU_SEMANAL_9-E-11-FEV-2026-2.pdf
2026-02-11,2026,2,Fevereiro,11,"02 Fev (9,11)",Origem vegetal,AMENDOIM C/CASCA COZIDO,Lata,10.0,Mercado Maria Virginia Leite Franco,PRECOS-DE-VAREJO_MERCADO-CENTRAL-DE-ARACAJU_SEMANAL_9-E-11-FEV-2026-2.pdf
2026-02-11,2026,2,Fevereiro,11,"02 Fev (9,11)",Origem vegetal,ARROZ AGULHA T 1,Kg,6.5,Mercado Maria Virginia Leite Franco,PRECOS-DE-VAREJO_MERCADO-CENTRAL-DE-ARACAJU_SEMANAL_9-E-11-FEV-2026-2.pdf
2026-02-11,2026,2,Fevereiro,11,"02 Fev (9,11)",Origem vegetal,BANANA PRATA,Dz,5.0,Mercado Maria Virginia Leite Franco,PRECOS-DE-VAREJO_MERCADO-CENTRAL-DE-ARACAJU_SEMANAL_9-E-11-FEV-2026-2.pdf
2026-02-11,2026,2,Fevereiro,11,"02 Fev (9,11)",Origem vegetal,BATATA DOCE,Kg,4.0,Mercado Maria Virginia Leite Franco,PRECOS-DE-VAREJO_MERCADO-CENTRAL-DE-ARACAJU_SEMANAL_9-E-11-FEV-2026-2.pdf
2026-02-11,2026,2,Fevereiro,11,"02 Fev (9,11)",Origem vegetal,BATATA LISA,Kg,4.0,Mercado Maria Virginia Leite Franco,PRECOS-DE-VAREJO_MERCADO-CENTRAL-DE-ARACAJU_SEMANAL_9-E-11-FEV-2026-2.pdf
2026-02-11,2026,2,Fevereiro,11,"02 Fev (9,11)",Origem vegetal,BETERRABA,Kg,5.0,Mercado Maria Virginia Leite Franco,PRECOS-DE-VAREJO_MERCADO-CENTRAL-DE-ARACAJU_SEMANAL_9-E-11-FEV-2026-2.pdf
2026-02-11,2026,2,Fevereiro,11,"02 Fev (9,11)",Origem vegetal,CAJU,Um,1.0,Mercado Maria Virginia Leite Franco,PRECOS-DE-VAREJO_MERCADO-CENTRAL-DE-ARACAJU_SEMANAL_9-E-11-FEV-2026-2.pdf
2026-02-11,2026,2,Fevereiro,11,"02 Fev (9,11)",Origem vegetal,CEBOLA BRANCA,Kg,3.0,Mercado Maria Virginia Leite Franco,PRECOS-DE-VAREJO_MERCADO-CENTRAL-DE-ARACAJU_SEMANAL_9-E-11-FEV-2026-2.pdf
2026-02-11,2026,2,Fevereiro,11,"02 Fev (9,11)",Origem vegetal,CEBOLA ROXA,Kg,4.0,Mercado Maria Virginia Leite Franco,PRECOS-DE-VAREJO_MERCADO-CENTRAL-DE-ARACAJU_SEMANAL_9-E-11-FEV-2026-2.pdf
2026-02-11,2026,2,Fevereiro,11,"02 Fev (9,11)",Origem vegetal,CEBOLINHA,Molho,2.0,Mercado Maria Virginia Leite Franco,PRECOS-DE-VAREJO_MERCADO-CENTRAL-DE-ARACAJU_SEMANAL_9-E-11-FEV-2026-2.pdf
2026-02-11,2026,2,Fevereiro,11,"02 Fev (9,11)",Origem vegetal,CENOURA,Kg,4.0,Mercado Maria Virginia Leite Franco,PRECOS-DE-VAREJO_MERCADO-CENTRAL-DE-ARACAJU_SEMANAL_9-E-11-FEV-2026-2.pdf
2026-02-11,2026,2,Fevereiro,11,"02 Fev (9,11)",Origem vegetal,CHUCHU,Um,2.0,Mercado Maria Virginia Leite Franco,PRECOS-DE-VAREJO_MERCADO-CENTRAL-DE-ARACAJU_SEMANAL_9-E-11-FEV-2026-2.pdf
2026-02-11,2026,2,Fevereiro,11,"02 Fev (9,11)",Origem vegetal,COCO SECO,Um,7.0,Mercado Maria Virginia Leite Franco,PRECOS-DE-VAREJO_MERCADO-CENTRAL-DE-ARACAJU_SEMANAL_9-E-11-FEV-2026-2.pdf
2026-02-11,2026,2,Fevereiro,11,"02 Fev (9,11)",Origem vegetal,COCO VERDE,Um,5.0,Mercado Maria Virginia Leite Franco,PRECOS-DE-VAREJO_MERCADO-CENTRAL-DE-ARACAJU_SEMANAL_9-E-11-FEV-2026-2.pdf
2026-02-11,2026,2,Fevereiro,11,"02 Fev (9,11)",Origem vegetal,COENTRO,Molho,2.0,Mercado Maria Virginia Leite Franco,PRECOS-DE-VAREJO_MERCADO-CENTRAL-DE-ARACAJU_SEMANAL_9-E-11-FEV-2026-2.pdf
2026-02-11,2026,2,Fevereiro,11,"02 Fev (9,11)",Origem vegetal,COUVE,Molho,2.0,Mercado Maria Virginia Leite Franco,PRECOS-DE-VAREJO_MERCADO-CENTRAL-DE-ARACAJU_SEMANAL_9-E-11-FEV-2026-2.pdf
2026-02-11,2026,2,Fevereiro,11,"02 Fev (9,11)",Origem vegetal,COUVE-FLOR,Kg,13.0,Mercado Maria Virginia Leite Franco,PRECOS-DE-VAREJO_MERCADO-CENTRAL-DE-ARACAJU_SEMANAL_9-E-11-FEV-2026-2.pdf
2026-02-11,2026,2,Fevereiro,11,"02 Fev (9,11)",Origem vegetal,FARINHA DE MANDIOCA,Kg,6.0,Mercado Maria Virginia Leite Franco,PRECOS-DE-VAREJO_MERCADO-CENTRAL-DE-ARACAJU_SEMANAL_9-E-11-FEV-2026-2.pdf
2026-02-11,2026,2,Fevereiro,11,"02 Fev (9,11)",Origem vegetal,FEIJAO CARIOQUINHA,Kg,7.0,Mercado Maria Virginia Leite Franco,PRECOS-DE-VAREJO_MERCADO-CENTRAL-DE-ARACAJU_SEMANAL_9-E-11-FEV-2026-2.pdf
2026-02-11,2026,2,Fevereiro,11,"02 Fev (9,11)",Origem vegetal,GOIABA VERMELHA,Kg,4.0,Mercado Maria Virginia Leite Franco,PRECOS-DE-VAREJO_MERCADO-CENTRAL-DE-ARACAJU_SEMANAL_9-E-11-FEV-2026-2.pdf
2026-02-11,2026,2,Fevereiro,11,"02 Fev (9,11)",Origem vegetal,INHAME DA COSTA,Kg,12.0,Mercado Maria Virginia Leite Franco,PRECOS-DE-VAREJO_MERCADO-CENTRAL-DE-ARACAJU_SEMANAL_9-E-11-FEV-2026-2.pdf
2026-02-11,2026,2,Fevereiro,11,"02 Fev (9,11)",Origem vegetal,LARANJA PERA,Uma,0.7,Mercado Maria Virginia Leite Franco,PRECOS-DE-VAREJO_MERCADO-CENTRAL-DE-ARACAJU_SEMANAL_9-E-11-FEV-2026-2.pdf
2026-02-11,2026,2,Fevereiro,11,"02 Fev (9,11)",Origem vegetal,LIMAO TAITI,Kg,4.0,Mercado Maria Virginia Leite Franco,PRECOS-DE-VAREJO_MERCADO-CENTRAL-DE-ARACAJU_SEMANAL_9-E-11-FEV-2026-2.pdf
2026-02-11,2026,2,Fevereiro,11,"02 Fev (9,11)",Origem vegetal,MACA NACIONAL,Kg,12.0,Mercado Maria Virginia Leite Franco,PRECOS-DE-VAREJO_MERCADO-CENTRAL-DE-ARACAJU_SEMANAL_9-E-11-FEV-2026-2.pdf
2026-02-11,2026,2,Fevereiro,11,"02 Fev (9,11)",Origem vegetal,MACAXEIRA (AIPIM),Kg,3.0,Mercado Maria Virginia Leite Franco,PRECOS-DE-VAREJO_MERCADO-CENTRAL-DE-ARACAJU_SEMANAL_9-E-11-FEV-2026-2.pdf
2026-02-11,2026,2,Fevereiro,11,"02 Fev (9,11)",Origem vegetal,MAMAO FORMOSA,Kg,3.0,Mercado Maria Virginia Leite Franco,PRECOS-DE-VAREJO_MERCADO-CENTRAL-DE-ARACAJU_SEMANAL_9-E-11-FEV-2026-2.pdf
2026-02-11,2026,2,Fevereiro,11,"02 Fev (9,11)",Origem vegetal,MAMAO HAWAY,Kg,4.0,Mercado Maria Virginia Leite Franco,PRECOS-DE-VAREJO_MERCADO-CENTRAL-DE-ARACAJU_SEMANAL_9-E-11-FEV-2026-2.pdf
2026-02-11,2026,2,Fevereiro,11,"02 Fev (9,11)",Origem vegetal,MANGA TOMMY,Kg,4.0,Mercado Maria Virginia Leite Franco,PRECOS-DE-VAREJO_MERCADO-CENTRAL-DE-ARACAJU_SEMANAL_9-E-11-FEV-2026-2.pdf
2026-02-11,2026,2,Fevereiro,11,"02 Fev (9,11)",Origem vegetal,MARACUJA,Kg,7.0,Mercado Maria Virginia Leite Franco,PRECOS-DE-VAREJO_MERCADO-CENTRAL-DE-ARACAJU_SEMANAL_9-E-11-FEV-2026-2.pdf
2026-02-11,2026,2,Fevereiro,11,"02 Fev (9,11)",Origem vegetal,MAXIXE,Kg,7.0,Mercado Maria Virginia Leite Franco,PRECOS-DE-VAREJO_MERCADO-CENTRAL-DE-ARACAJU_SEMANAL_9-E-11-FEV-2026-2.pdf
2026-02-11,2026,2,Fevereiro,11,"02 Fev (9,11)",Origem vegetal,MELANCIA,Kg,1.5,Mercado Maria Virginia Leite Franco,PRECOS-DE-VAREJO_MERCADO-CENTRAL-DE-ARACAJU_SEMANAL_9-E-11-FEV-2026-2.pdf
2026-02-11,2026,2,Fevereiro,11,"02 Fev (9,11)",Origem vegetal,MELAO ESPANHOL,Kg,4.0,Mercado Maria Virginia Leite Franco,PRECOS-DE-VAREJO_MERCADO-CENTRAL-DE-ARACAJU_SEMANAL_9-E-11-FEV-2026-2.pdf
2026-02-11,2026,2,Fevereiro,11,"02 Fev (9,11)",Origem vegetal,MILHO EM GRAO,Kg,2.0,Mercado Maria Virginia Leite Franco,PRECOS-DE-VAREJO_MERCADO-CENTRAL-DE-ARACAJU_SEMANAL_9-E-11-FEV-2026-2.pdf
2026-02-11,2026,2,Fevereiro,11,"02 Fev (9,11)",Origem vegetal,MILHO VERDE,Espiga,1.0,Mercado Maria Virginia Leite Franco,PRECOS-DE-VAREJO_MERCADO-CENTRAL-DE-ARACAJU_SEMANAL_9-E-11-FEV-2026-2.pdf
2026-02-11,2026,2,Fevereiro,11,"02 Fev (9,11)",Origem vegetal,MORANGO,"Cx 0,3Kg",7.0,Mercado Maria Virginia Leite Franco,PRECOS-DE-VAREJO_MERCADO-CENTRAL-DE-ARACAJU_SEMANAL_9-E-11-FEV-2026-2.pdf
2026-02-11,2026,2,Fevereiro,11,"02 Fev (9,11)",Origem vegetal,PIMENTAO VERDE,Um,1.5,Mercado Maria Virginia Leite Franco,PRECOS-DE-VAREJO_MERCADO-CENTRAL-DE-ARACAJU_SEMANAL_9-E-11-FEV-2026-2.pdf
2026-02-11,2026,2,Fevereiro,11,"02 Fev (9,11)",Origem vegetal,QUIABO,Cento,20.0,Mercado Maria Virginia Leite Franco,PRECOS-DE-VAREJO_MERCADO-CENTRAL-DE-ARACAJU_SEMANAL_9-E-11-FEV-2026-2.pdf
2026-02-11,2026,2,Fevereiro,11,"02 Fev (9,11)",Origem vegetal,REPOLHO VERDE,Kg,5.0,Mercado Maria Virginia Leite Franco,PRECOS-DE-VAREJO_MERCADO-CENTRAL-DE-ARACAJU_SEMANAL_9-E-11-FEV-2026-2.pdf
2026-02-11,2026,2,Fevereiro,11,"02 Fev (9,11)",Origem vegetal,TOMATE,Kg,3.0,Mercado Maria Virginia Leite Franco,PRECOS-DE-VAREJO_MERCADO-CENTRAL-DE-ARACAJU_SEMANAL_9-E-11-FEV-2026-2.pdf
2026-02-11,2026,2,Fevereiro,11,"02 Fev (9,11)",Origem vegetal,UVA SEM SEMENTE,Kg,13.0,Mercado Maria Virginia Leite Franco,PRECOS-DE-VAREJO_MERCADO-CENTRAL-DE-ARACAJU_SEMANAL_9-E-11-FEV-2026-2.pdf
2026-02-11,2026,2,Fevereiro,11,"02 Fev (9,11)",Origem vegetal,VAGEM,Kg,18.0,Mercado Maria Virginia Leite Franco,PRECOS-DE-VAREJO_MERCADO-CENTRAL-DE-ARACAJU_SEMANAL_9-E-11-FEV-2026-2.pdf
2026-02-23,2026,2,Fevereiro,23,"02 Fev (23,25)",Origem animal,ACEM C/ OSSO,Kg,25.0,Mercado Maria Virginia Leite Franco,PRECOS-DE-VAREJO_MERCADO-CENTRAL-DE-ARACAJU_SEMANAL_23-E-25-FEV-2026-3.pdf
2026-02-23,2026,2,Fevereiro,23,"02 Fev (23,25)",Origem animal,ACEM S/ OSSO,Kg,34.0,Mercado Maria Virginia Leite Franco,PRECOS-DE-VAREJO_MERCADO-CENTRAL-DE-ARACAJU_SEMANAL_23-E-25-FEV-2026-3.pdf
2026-02-23,2026,2,Fevereiro,23,"02 Fev (23,25)",Origem animal,ALCATRA,Kg,40.0,Mercado Maria Virginia Leite Franco,PRECOS-DE-VAREJO_MERCADO-CENTRAL-DE-ARACAJU_SEMANAL_23-E-25-FEV-2026-3.pdf
2026-02-23,2026,2,Fevereiro,23,"02 Fev (23,25)",Origem animal,CARNE SUINA TRASEIRA,Kg,23.0,Mercado Maria Virginia Leite Franco,PRECOS-DE-VAREJO_MERCADO-CENTRAL-DE-ARACAJU_SEMANAL_23-E-25-FEV-2026-3.pdf
2026-02-23,2026,2,Fevereiro,23,"02 Fev (23,25)",Origem animal,CHA DE DENTRO (COXAO MOLE),Kg,40.0,Mercado Maria Virginia Leite Franco,PRECOS-DE-VAREJO_MERCADO-CENTRAL-DE-ARACAJU_SEMANAL_23-E-25-FEV-2026-3.pdf
2026-02-23,2026,2,Fevereiro,23,"02 Fev (23,25)",Origem animal,CHA DE FORA (COXAO DURO),Kg,38.0,Mercado Maria Virginia Leite Franco,PRECOS-DE-VAREJO_MERCADO-CENTRAL-DE-ARACAJU_SEMANAL_23-E-25-FEV-2026-3.pdf
2026-02-23,2026,2,Fevereiro,23,"02 Fev (23,25)",Origem animal,CONTRA FILE,Kg,42.0,Mercado Maria Virginia Leite Franco,PRECOS-DE-VAREJO_MERCADO-CENTRAL-DE-ARACAJU_SEMANAL_23-E-25-FEV-2026-3.pdf
2026-02-23,2026,2,Fevereiro,23,"02 Fev (23,25)",Origem animal,COSTELA,Kg,20.0,Mercado Maria Virginia Leite Franco,PRECOS-DE-VAREJO_MERCADO-CENTRAL-DE-ARACAJU_SEMANAL_23-E-25-FEV-2026-3.pdf
2026-02-23,2026,2,Fevereiro,23,"02 Fev (23,25)",Origem animal,FILE MIGNION,Kg,50.0,Mercado Maria Virginia Leite Franco,PRECOS-DE-VAREJO_MERCADO-CENTRAL-DE-ARACAJU_SEMANAL_23-E-25-FEV-2026-3.pdf
2026-02-23,2026,2,Fevereiro,23,"02 Fev (23,25)",Origem animal,FRANGO DE GRANJA,Kg,16.0,Mercado Maria Virginia Leite Franco,PRECOS-DE-VAREJO_MERCADO-CENTRAL-DE-ARACAJU_SEMANAL_23-E-25-FEV-2026-3.pdf
2026-02-23,2026,2,Fevereiro,23,"02 Fev (23,25)",Origem animal,MANTEIGA,Kg,38.0,Mercado Maria Virginia Leite Franco,PRECOS-DE-VAREJO_MERCADO-CENTRAL-DE-ARACAJU_SEMANAL_23-E-25-FEV-2026-3.pdf
2026-02-23,2026,2,Fevereiro,23,"02 Fev (23,25)",Origem animal,MUSCULO,Kg,25.0,Mercado Maria Virginia Leite Franco,PRECOS-DE-VAREJO_MERCADO-CENTRAL-DE-ARACAJU_SEMANAL_23-E-25-FEV-2026-3.pdf
2026-02-23,2026,2,Fevereiro,23,"02 Fev (23,25)",Origem animal,OVO BRANCO GRANDE,Dz,7.0,Mercado Maria Virginia Leite Franco,PRECOS-DE-VAREJO_MERCADO-CENTRAL-DE-ARACAJU_SEMANAL_23-E-25-FEV-2026-3.pdf
2026-02-23,2026,2,Fevereiro,23,"02 Fev (23,25)",Origem animal,OVO VERMELHO GRANDE,Dz,8.0,Mercado Maria Virginia Leite Franco,PRECOS-DE-VAREJO_MERCADO-CENTRAL-DE-ARACAJU_SEMANAL_23-E-25-FEV-2026-3.pdf
2026-02-23,2026,2,Fevereiro,23,"02 Fev (23,25)",Origem animal,PALETA C/ OSSO,Kg,24.0,Mercado Maria Virginia Leite Franco,PRECOS-DE-VAREJO_MERCADO-CENTRAL-DE-ARACAJU_SEMANAL_23-E-25-FEV-2026-3.pdf
2026-02-23,2026,2,Fevereiro,23,"02 Fev (23,25)",Origem animal,PATINHO,Kg,38.0,Mercado Maria Virginia Leite Franco,PRECOS-DE-VAREJO_MERCADO-CENTRAL-DE-ARACAJU_SEMANAL_23-E-25-FEV-2026-3.pdf
2026-02-23,2026,2,Fevereiro,23,"02 Fev (23,25)",Origem animal,PEITO C/ OSSO,Kg,23.0,Mercado Maria Virginia Leite Franco,PRECOS-DE-VAREJO_MERCADO-CENTRAL-DE-ARACAJU_SEMANAL_23-E-25-FEV-2026-3.pdf
2026-02-23,2026,2,Fevereiro,23,"02 Fev (23,25)",Origem animal,QUEIJO COALHO,Kg,28.0,Mercado Maria Virginia Leite Franco,PRECOS-DE-VAREJO_MERCADO-CENTRAL-DE-ARACAJU_SEMANAL_23-E-25-FEV-2026-3.pdf
2026-02-23,2026,2,Fevereiro,23,"02 Fev (23,25)",Origem vegetal,ABACAXI GRANDE,Um,7.0,Mercado Maria Virginia Leite Franco,PRECOS-DE-VAREJO_MERCADO-CENTRAL-DE-ARACAJU_SEMANAL_23-E-25-FEV-2026-3.pdf
2026-02-23,2026,2,Fevereiro,23,"02 Fev (23,25)",Origem vegetal,ABOBORA,Kg,5.0,Mercado Maria Virginia Leite Franco,PRECOS-DE-VAREJO_MERCADO-CENTRAL-DE-ARACAJU_SEMANAL_23-E-25-FEV-2026-3.pdf
2026-02-23,2026,2,Fevereiro,23,"02 Fev (23,25)",Origem vegetal,ABOBRINHA,Kg,4.0,Mercado Maria Virginia Leite Franco,PRECOS-DE-VAREJO_MERCADO-CENTRAL-DE-ARACAJU_SEMANAL_23-E-25-FEV-2026-3.pdf
2026-02-23,2026,2,Fevereiro,23,"02 Fev (23,25)",Origem vegetal,ACEROLA,Kg,7.0,Mercado Maria Virginia Leite Franco,PRECOS-DE-VAREJO_MERCADO-CENTRAL-DE-ARACAJU_SEMANAL_23-E-25-FEV-2026-3.pdf
2026-02-23,2026,2,Fevereiro,23,"02 Fev (23,25)",Origem vegetal,ALFACE,Pe,2.0,Mercado Maria Virginia Leite Franco,PRECOS-DE-VAREJO_MERCADO-CENTRAL-DE-ARACAJU_SEMANAL_23-E-25-FEV-2026-3.pdf
2026-02-23,2026,2,Fevereiro,23,"02 Fev (23,25)",Origem vegetal,ALHO,Cab.,2.5,Mercado Maria Virginia Leite Franco,PRECOS-DE-VAREJO_MERCADO-CENTRAL-DE-ARACAJU_SEMANAL_23-E-25-FEV-2026-3.pdf
2026-02-23,2026,2,Fevereiro,23,"02 Fev (23,25)",Origem vegetal,AMENDOIM C/CASCA COZIDO,Lata,10.0,Mercado Maria Virginia Leite Franco,PRECOS-DE-VAREJO_MERCADO-CENTRAL-DE-ARACAJU_SEMANAL_23-E-25-FEV-2026-3.pdf
2026-02-23,2026,2,Fevereiro,23,"02 Fev (23,25)",Origem vegetal,ARROZ AGULHA T 1,Kg,6.5,Mercado Maria Virginia Leite Franco,PRECOS-DE-VAREJO_MERCADO-CENTRAL-DE-ARACAJU_SEMANAL_23-E-25-FEV-2026-3.pdf
2026-02-23,2026,2,Fevereiro,23,"02 Fev (23,25)",Origem vegetal,BANANA PRATA,Dz,5.0,Mercado Maria Virginia Leite Franco,PRECOS-DE-VAREJO_MERCADO-CENTRAL-DE-ARACAJU_SEMANAL_23-E-25-FEV-2026-3.pdf
2026-02-23,2026,2,Fevereiro,23,"02 Fev (23,25)",Origem vegetal,BATATA DOCE,Kg,4.0,Mercado Maria Virginia Leite Franco,PRECOS-DE-VAREJO_MERCADO-CENTRAL-DE-ARACAJU_SEMANAL_23-E-25-FEV-2026-3.pdf
2026-02-23,2026,2,Fevereiro,23,"02 Fev (23,25)",Origem vegetal,BATATA LISA,Kg,4.0,Mercado Maria Virginia Leite Franco,PRECOS-DE-VAREJO_MERCADO-CENTRAL-DE-ARACAJU_SEMANAL_23-E-25-FEV-2026-3.pdf
2026-02-23,2026,2,Fevereiro,23,"02 Fev (23,25)",Origem vegetal,BETERRABA,Kg,5.0,Mercado Maria Virginia Leite Franco,PRECOS-DE-VAREJO_MERCADO-CENTRAL-DE-ARACAJU_SEMANAL_23-E-25-FEV-2026-3.pdf
2026-02-23,2026,2,Fevereiro,23,"02 Fev (23,25)",Origem vegetal,CAJU,Um,1.0,Mercado Maria Virginia Leite Franco,PRECOS-DE-VAREJO_MERCADO-CENTRAL-DE-ARACAJU_SEMANAL_23-E-25-FEV-2026-3.pdf
2026-02-23,2026,2,Fevereiro,23,"02 Fev (23,25)",Origem vegetal,CEBOLA BRANCA,Kg,3.0,Mercado Maria Virginia Leite Franco,PRECOS-DE-VAREJO_MERCADO-CENTRAL-DE-ARACAJU_SEMANAL_23-E-25-FEV-2026-3.pdf
2026-02-23,2026,2,Fevereiro,23,"02 Fev (23,25)",Origem vegetal,CEBOLA ROXA,Kg,4.0,Mercado Maria Virginia Leite Franco,PRECOS-DE-VAREJO_MERCADO-CENTRAL-DE-ARACAJU_SEMANAL_23-E-25-FEV-2026-3.pdf
2026-02-23,2026,2,Fevereiro,23,"02 Fev (23,25)",Origem vegetal,CEBOLINHA,Molho,2.0,Mercado Maria Virginia Leite Franco,PRECOS-DE-VAREJO_MERCADO-CENTRAL-DE-ARACAJU_SEMANAL_23-E-25-FEV-2026-3.pdf
2026-02-23,2026,2,Fevereiro,23,"02 Fev (23,25)",Origem vegetal,CENOURA,Kg,4.0,Mercado Maria Virginia Leite Franco,PRECOS-DE-VAREJO_MERCADO-CENTRAL-DE-ARACAJU_SEMANAL_23-E-25-FEV-2026-3.pdf
2026-02-23,2026,2,Fevereiro,23,"02 Fev (23,25)",Origem vegetal,CHUCHU,Um,2.0,Mercado Maria Virginia Leite Franco,PRECOS-DE-VAREJO_MERCADO-CENTRAL-DE-ARACAJU_SEMANAL_23-E-25-FEV-2026-3.pdf
2026-02-23,2026,2,Fevereiro,23,"02 Fev (23,25)",Origem vegetal,COCO SECO,Um,7.0,Mercado Maria Virginia Leite Franco,PRECOS-DE-VAREJO_MERCADO-CENTRAL-DE-ARACAJU_SEMANAL_23-E-25-FEV-2026-3.pdf
2026-02-23,2026,2,Fevereiro,23,"02 Fev (23,25)",Origem vegetal,COCO VERDE,Um,5.0,Mercado Maria Virginia Leite Franco,PRECOS-DE-VAREJO_MERCADO-CENTRAL-DE-ARACAJU_SEMANAL_23-E-25-FEV-2026-3.pdf
2026-02-23,2026,2,Fevereiro,23,"02 Fev (23,25)",Origem vegetal,COENTRO,Molho,2.0,Mercado Maria Virginia Leite Franco,PRECOS-DE-VAREJO_MERCADO-CENTRAL-DE-ARACAJU_SEMANAL_23-E-25-FEV-2026-3.pdf
2026-02-23,2026,2,Fevereiro,23,"02 Fev (23,25)",Origem vegetal,COUVE,Molho,2.0,Mercado Maria Virginia Leite Franco,PRECOS-DE-VAREJO_MERCADO-CENTRAL-DE-ARACAJU_SEMANAL_23-E-25-FEV-2026-3.pdf
2026-02-23,2026,2,Fevereiro,23,"02 Fev (23,25)",Origem vegetal,COUVE-FLOR,Kg,13.0,Mercado Maria Virginia Leite Franco,PRECOS-DE-VAREJO_MERCADO-CENTRAL-DE-ARACAJU_SEMANAL_23-E-25-FEV-2026-3.pdf
2026-02-23,2026,2,Fevereiro,23,"02 Fev (23,25)",Origem vegetal,FARINHA DE MANDIOCA,Kg,6.0,Mercado Maria Virginia Leite Franco,PRECOS-DE-VAREJO_MERCADO-CENTRAL-DE-ARACAJU_SEMANAL_23-E-25-FEV-2026-3.pdf
2026-02-23,2026,2,Fevereiro,23,"02 Fev (23,25)",Origem vegetal,FEIJAO CARIOQUINHA,Kg,7.0,Mercado Maria Virginia Leite Franco,PRECOS-DE-VAREJO_MERCADO-CENTRAL-DE-ARACAJU_SEMANAL_23-E-25-FEV-2026-3.pdf
2026-02-23,2026,2,Fevereiro,23,"02 Fev (23,25)",Origem vegetal,GOIABA VERMELHA,Kg,4.0,Mercado Maria Virginia Leite Franco,PRECOS-DE-VAREJO_MERCADO-CENTRAL-DE-ARACAJU_SEMANAL_23-E-25-FEV-2026-3.pdf
2026-02-23,2026,2,Fevereiro,23,"02 Fev (23,25)",Origem vegetal,INHAME DA COSTA,Kg,12.0,Mercado Maria Virginia Leite Franco,PRECOS-DE-VAREJO_MERCADO-CENTRAL-DE-ARACAJU_SEMANAL_23-E-25-FEV-2026-3.pdf
2026-02-23,2026,2,Fevereiro,23,"02 Fev (23,25)",Origem vegetal,LARANJA PERA,Uma,0.7,Mercado Maria Virginia Leite Franco,PRECOS-DE-VAREJO_MERCADO-CENTRAL-DE-ARACAJU_SEMANAL_23-E-25-FEV-2026-3.pdf
2026-02-23,2026,2,Fevereiro,23,"02 Fev (23,25)",Origem vegetal,LIMAO TAITI,Kg,4.0,Mercado Maria Virginia Leite Franco,PRECOS-DE-VAREJO_MERCADO-CENTRAL-DE-ARACAJU_SEMANAL_23-E-25-FEV-2026-3.pdf
2026-02-23,2026,2,Fevereiro,23,"02 Fev (23,25)",Origem vegetal,MACA NACIONAL,Kg,12.0,Mercado Maria Virginia Leite Franco,PRECOS-DE-VAREJO_MERCADO-CENTRAL-DE-ARACAJU_SEMANAL_23-E-25-FEV-2026-3.pdf
2026-02-23,2026,2,Fevereiro,23,"02 Fev (23,25)",Origem vegetal,MACAXEIRA (AIPIM),Kg,3.0,Mercado Maria Virginia Leite Franco,PRECOS-DE-VAREJO_MERCADO-CENTRAL-DE-ARACAJU_SEMANAL_23-E-25-FEV-2026-3.pdf
2026-02-23,2026,2,Fevereiro,23,"02 Fev (23,25)",Origem vegetal,MAMAO FORMOSA,Kg,3.0,Mercado Maria Virginia Leite Franco,PRECOS-DE-VAREJO_MERCADO-CENTRAL-DE-ARACAJU_SEMANAL_23-E-25-FEV-2026-3.pdf
2026-02-23,2026,2,Fevereiro,23,"02 Fev (23,25)",Origem vegetal,MAMAO HAWAY,Kg,4.0,Mercado Maria Virginia Leite Franco,PRECOS-DE-VAREJO_MERCADO-CENTRAL-DE-ARACAJU_SEMANAL_23-E-25-FEV-2026-3.pdf
2026-02-23,2026,2,Fevereiro,23,"02 Fev (23,25)",Origem vegetal,MANGA TOMMY,Kg,4.0,Mercado Maria Virginia Leite Franco,PRECOS-DE-VAREJO_MERCADO-CENTRAL-DE-ARACAJU_SEMANAL_23-E-25-FEV-2026-3.pdf
2026-02-23,2026,2,Fevereiro,23,"02 Fev (23,25)",Origem vegetal,MARACUJA,Kg,7.0,Mercado Maria Virginia Leite Franco,PRECOS-DE-VAREJO_MERCADO-CENTRAL-DE-ARACAJU_SEMANAL_23-E-25-FEV-2026-3.pdf
2026-02-23,2026,2,Fevereiro,23,"02 Fev (23,25)",Origem vegetal,MAXIXE,Kg,7.0,Mercado Maria Virginia Leite Franco,PRECOS-DE-VAREJO_MERCADO-CENTRAL-DE-ARACAJU_SEMANAL_23-E-25-FEV-2026-3.pdf
2026-02-23,2026,2,Fevereiro,23,"02 Fev (23,25)",Origem vegetal,MELANCIA,Kg,1.5,Mercado Maria Virginia Leite Franco,PRECOS-DE-VAREJO_MERCADO-CENTRAL-DE-ARACAJU_SEMANAL_23-E-25-FEV-2026-3.pdf
2026-02-23,2026,2,Fevereiro,23,"02 Fev (23,25)",Origem vegetal,MELAO ESPANHOL,Kg,4.0,Mercado Maria Virginia Leite Franco,PRECOS-DE-VAREJO_MERCADO-CENTRAL-DE-ARACAJU_SEMANAL_23-E-25-FEV-2026-3.pdf
2026-02-23,2026,2,Fevereiro,23,"02 Fev (23,25)",Origem vegetal,MILHO EM GRAO,Kg,2.0,Mercado Maria Virginia Leite Franco,PRECOS-DE-VAREJO_MERCADO-CENTRAL-DE-ARACAJU_SEMANAL_23-E-25-FEV-2026-3.pdf
2026-02-23,2026,2,Fevereiro,23,"02 Fev (23,25)",Origem vegetal,MILHO VERDE,Espiga,1.0,Mercado Maria Virginia Leite Franco,PRECOS-DE-VAREJO_MERCADO-CENTRAL-DE-ARACAJU_SEMANAL_23-E-25-FEV-2026-3.pdf
2026-02-23,2026,2,Fevereiro,23,"02 Fev (23,25)",Origem vegetal,MORANGO,"Cx 0,3Kg",7.0,Mercado Maria Virginia Leite Franco,PRECOS-DE-VAREJO_MERCADO-CENTRAL-DE-ARACAJU_SEMANAL_23-E-25-FEV-2026-3.pdf
2026-02-23,2026,2,Fevereiro,23,"02 Fev (23,25)",Origem vegetal,PIMENTAO VERDE,Um,1.5,Mercado Maria Virginia Leite Franco,PRECOS-DE-VAREJO_MERCADO-CENTRAL-DE-ARACAJU_SEMANAL_23-E-25-FEV-2026-3.pdf
2026-02-23,2026,2,Fevereiro,23,"02 Fev (23,25)",Origem vegetal,QUIABO,Cento,20.0,Mercado Maria Virginia Leite Franco,PRECOS-DE-VAREJO_MERCADO-CENTRAL-DE-ARACAJU_SEMANAL_23-E-25-FEV-2026-3.pdf
2026-02-23,2026,2,Fevereiro,23,"02 Fev (23,25)",Origem vegetal,REPOLHO VERDE,Kg,5.0,Mercado Maria Virginia Leite Franco,PRECOS-DE-VAREJO_MERCADO-CENTRAL-DE-ARACAJU_SEMANAL_23-E-25-FEV-2026-3.pdf
2026-02-23,2026,2,Fevereiro,23,"02 Fev (23,25)",Origem vegetal,TOMATE,Kg,3.0,Mercado Maria Virginia Leite Franco,PRECOS-DE-VAREJO_MERCADO-CENTRAL-DE-ARACAJU_SEMANAL_23-E-25-FEV-2026-3.pdf
2026-02-23,2026,2,Fevereiro,23,"02 Fev (23,25)",Origem vegetal,UVA SEM SEMENTE,Kg,13.0,Mercado Maria Virginia Leite Franco,PRECOS-DE-VAREJO_MERCADO-CENTRAL-DE-ARACAJU_SEMANAL_23-E-25-FEV-2026-3.pdf
2026-02-23,2026,2,Fevereiro,23,"02 Fev (23,25)",Origem vegetal,VAGEM,Kg,18.0,Mercado Maria Virginia Leite Franco,PRECOS-DE-VAREJO_MERCADO-CENTRAL-DE-ARACAJU_SEMANAL_23-E-25-FEV-2026-3.pdf
2026-02-25,2026,2,Fevereiro,25,"02 Fev (23,25)",Origem animal,ACEM C/ OSSO,Kg,25.0,Mercado Maria Virginia Leite Franco,PRECOS-DE-VAREJO_MERCADO-CENTRAL-DE-ARACAJU_SEMANAL_23-E-25-FEV-2026-3.pdf
2026-02-25,2026,2,Fevereiro,25,"02 Fev (23,25)",Origem animal,ACEM S/ OSSO,Kg,34.0,Mercado Maria Virginia Leite Franco,PRECOS-DE-VAREJO_MERCADO-CENTRAL-DE-ARACAJU_SEMANAL_23-E-25-FEV-2026-3.pdf
2026-02-25,2026,2,Fevereiro,25,"02 Fev (23,25)",Origem animal,ALCATRA,Kg,40.0,Mercado Maria Virginia Leite Franco,PRECOS-DE-VAREJO_MERCADO-CENTRAL-DE-ARACAJU_SEMANAL_23-E-25-FEV-2026-3.pdf
2026-02-25,2026,2,Fevereiro,25,"02 Fev (23,25)",Origem animal,CARNE SUINA TRASEIRA,Kg,23.0,Mercado Maria Virginia Leite Franco,PRECOS-DE-VAREJO_MERCADO-CENTRAL-DE-ARACAJU_SEMANAL_23-E-25-FEV-2026-3.pdf
2026-02-25,2026,2,Fevereiro,25,"02 Fev (23,25)",Origem animal,CHA DE DENTRO (COXAO MOLE),Kg,40.0,Mercado Maria Virginia Leite Franco,PRECOS-DE-VAREJO_MERCADO-CENTRAL-DE-ARACAJU_SEMANAL_23-E-25-FEV-2026-3.pdf
2026-02-25,2026,2,Fevereiro,25,"02 Fev (23,25)",Origem animal,CHA DE FORA (COXAO DURO),Kg,38.0,Mercado Maria Virginia Leite Franco,PRECOS-DE-VAREJO_MERCADO-CENTRAL-DE-ARACAJU_SEMANAL_23-E-25-FEV-2026-3.pdf
2026-02-25,2026,2,Fevereiro,25,"02 Fev (23,25)",Origem animal,CONTRA FILE,Kg,42.0,Mercado Maria Virginia Leite Franco,PRECOS-DE-VAREJO_MERCADO-CENTRAL-DE-ARACAJU_SEMANAL_23-E-25-FEV-2026-3.pdf
2026-02-25,2026,2,Fevereiro,25,"02 Fev (23,25)",Origem animal,COSTELA,Kg,20.0,Mercado Maria Virginia Leite Franco,PRECOS-DE-VAREJO_MERCADO-CENTRAL-DE-ARACAJU_SEMANAL_23-E-25-FEV-2026-3.pdf
2026-02-25,2026,2,Fevereiro,25,"02 Fev (23,25)",Origem animal,FILE MIGNION,Kg,50.0,Mercado Maria Virginia Leite Franco,PRECOS-DE-VAREJO_MERCADO-CENTRAL-DE-ARACAJU_SEMANAL_23-E-25-FEV-2026-3.pdf
2026-02-25,2026,2,Fevereiro,25,"02 Fev (23,25)",Origem animal,FRANGO DE GRANJA,Kg,16.0,Mercado Maria Virginia Leite Franco,PRECOS-DE-VAREJO_MERCADO-CENTRAL-DE-ARACAJU_SEMANAL_23-E-25-FEV-2026-3.pdf
2026-02-25,2026,2,Fevereiro,25,"02 Fev (23,25)",Origem animal,MANTEIGA,Kg,38.0,Mercado Maria Virginia Leite Franco,PRECOS-DE-VAREJO_MERCADO-CENTRAL-DE-ARACAJU_SEMANAL_23-E-25-FEV-2026-3.pdf
2026-02-25,2026,2,Fevereiro,25,"02 Fev (23,25)",Origem animal,MUSCULO,Kg,25.0,Mercado Maria Virginia Leite Franco,PRECOS-DE-VAREJO_MERCADO-CENTRAL-DE-ARACAJU_SEMANAL_23-E-25-FEV-2026-3.pdf
2026-02-25,2026,2,Fevereiro,25,"02 Fev (23,25)",Origem animal,OVO BRANCO GRANDE,Dz,7.0,Mercado Maria Virginia Leite Franco,PRECOS-DE-VAREJO_MERCADO-CENTRAL-DE-ARACAJU_SEMANAL_23-E-25-FEV-2026-3.pdf
2026-02-25,2026,2,Fevereiro,25,"02 Fev (23,25)",Origem animal,OVO VERMELHO GRANDE,Dz,8.0,Mercado Maria Virginia Leite Franco,PRECOS-DE-VAREJO_MERCADO-CENTRAL-DE-ARACAJU_SEMANAL_23-E-25-FEV-2026-3.pdf
2026-02-25,2026,2,Fevereiro,25,"02 Fev (23,25)",Origem animal,PALETA C/ OSSO,Kg,24.0,Mercado Maria Virginia Leite Franco,PRECOS-DE-VAREJO_MERCADO-CENTRAL-DE-ARACAJU_SEMANAL_23-E-25-FEV-2026-3.pdf
2026-02-25,2026,2,Fevereiro,25,"02 Fev (23,25)",Origem animal,PATINHO,Kg,38.0,Mercado Maria Virginia Leite Franco,PRECOS-DE-VAREJO_MERCADO-CENTRAL-DE-ARACAJU_SEMANAL_23-E-25-FEV-2026-3.pdf
2026-02-25,2026,2,Fevereiro,25,"02 Fev (23,25)",Origem animal,PEITO C/ OSSO,Kg,23.0,Mercado Maria Virginia Leite Franco,PRECOS-DE-VAREJO_MERCADO-CENTRAL-DE-ARACAJU_SEMANAL_23-E-25-FEV-2026-3.pdf
2026-02-25,2026,2,Fevereiro,25,"02 Fev (23,25)",Origem animal,QUEIJO COALHO,Kg,28.0,Mercado Maria Virginia Leite Franco,PRECOS-DE-VAREJO_MERCADO-CENTRAL-DE-ARACAJU_SEMANAL_23-E-25-FEV-2026-3.pdf
2026-02-25,2026,2,Fevereiro,25,"02 Fev (23,25)",Origem vegetal,ABACAXI GRANDE,Um,7.0,Mercado Maria Virginia Leite Franco,PRECOS-DE-VAREJO_MERCADO-CENTRAL-DE-ARACAJU_SEMANAL_23-E-25-FEV-2026-3.pdf
2026-02-25,2026,2,Fevereiro,25,"02 Fev (23,25)",Origem vegetal,ABOBORA,Kg,5.0,Mercado Maria Virginia Leite Franco,PRECOS-DE-VAREJO_MERCADO-CENTRAL-DE-ARACAJU_SEMANAL_23-E-25-FEV-2026-3.pdf
2026-02-25,2026,2,Fevereiro,25,"02 Fev (23,25)",Origem vegetal,ABOBRINHA,Kg,4.0,Mercado Maria Virginia Leite Franco,PRECOS-DE-VAREJO_MERCADO-CENTRAL-DE-ARACAJU_SEMANAL_23-E-25-FEV-2026-3.pdf
2026-02-25,2026,2,Fevereiro,25,"02 Fev (23,25)",Origem vegetal,ACEROLA,Kg,7.0,Mercado Maria Virginia Leite Franco,PRECOS-DE-VAREJO_MERCADO-CENTRAL-DE-ARACAJU_SEMANAL_23-E-25-FEV-2026-3.pdf
2026-02-25,2026,2,Fevereiro,25,"02 Fev (23,25)",Origem vegetal,ALFACE,Pe,2.0,Mercado Maria Virginia Leite Franco,PRECOS-DE-VAREJO_MERCADO-CENTRAL-DE-ARACAJU_SEMANAL_23-E-25-FEV-2026-3.pdf
2026-02-25,2026,2,Fevereiro,25,"02 Fev (23,25)",Origem vegetal,ALHO,Cab.,2.5,Mercado Maria Virginia Leite Franco,PRECOS-DE-VAREJO_MERCADO-CENTRAL-DE-ARACAJU_SEMANAL_23-E-25-FEV-2026-3.pdf
2026-02-25,2026,2,Fevereiro,25,"02 Fev (23,25)",Origem vegetal,AMENDOIM C/CASCA COZIDO,Lata,10.0,Mercado Maria Virginia Leite Franco,PRECOS-DE-VAREJO_MERCADO-CENTRAL-DE-ARACAJU_SEMANAL_23-E-25-FEV-2026-3.pdf
2026-02-25,2026,2,Fevereiro,25,"02 Fev (23,25)",Origem vegetal,ARROZ AGULHA T 1,Kg,6.5,Mercado Maria Virginia Leite Franco,PRECOS-DE-VAREJO_MERCADO-CENTRAL-DE-ARACAJU_SEMANAL_23-E-25-FEV-2026-3.pdf
2026-02-25,2026,2,Fevereiro,25,"02 Fev (23,25)",Origem vegetal,BANANA PRATA,Dz,5.0,Mercado Maria Virginia Leite Franco,PRECOS-DE-VAREJO_MERCADO-CENTRAL-DE-ARACAJU_SEMANAL_23-E-25-FEV-2026-3.pdf
2026-02-25,2026,2,Fevereiro,25,"02 Fev (23,25)",Origem vegetal,BATATA DOCE,Kg,4.0,Mercado Maria Virginia Leite Franco,PRECOS-DE-VAREJO_MERCADO-CENTRAL-DE-ARACAJU_SEMANAL_23-E-25-FEV-2026-3.pdf
2026-02-25,2026,2,Fevereiro,25,"02 Fev (23,25)",Origem vegetal,BATATA LISA,Kg,4.0,Mercado Maria Virginia Leite Franco,PRECOS-DE-VAREJO_MERCADO-CENTRAL-DE-ARACAJU_SEMANAL_23-E-25-FEV-2026-3.pdf
2026-02-25,2026,2,Fevereiro,25,"02 Fev (23,25)",Origem vegetal,BETERRABA,Kg,5.0,Mercado Maria Virginia Leite Franco,PRECOS-DE-VAREJO_MERCADO-CENTRAL-DE-ARACAJU_SEMANAL_23-E-25-FEV-2026-3.pdf
2026-02-25,2026,2,Fevereiro,25,"02 Fev (23,25)",Origem vegetal,CAJU,Um,1.0,Mercado Maria Virginia Leite Franco,PRECOS-DE-VAREJO_MERCADO-CENTRAL-DE-ARACAJU_SEMANAL_23-E-25-FEV-2026-3.pdf
2026-02-25,2026,2,Fevereiro,25,"02 Fev (23,25)",Origem vegetal,CEBOLA BRANCA,Kg,3.0,Mercado Maria Virginia Leite Franco,PRECOS-DE-VAREJO_MERCADO-CENTRAL-DE-ARACAJU_SEMANAL_23-E-25-FEV-2026-3.pdf
2026-02-25,2026,2,Fevereiro,25,"02 Fev (23,25)",Origem vegetal,CEBOLA ROXA,Kg,4.0,Mercado Maria Virginia Leite Franco,PRECOS-DE-VAREJO_MERCADO-CENTRAL-DE-ARACAJU_SEMANAL_23-E-25-FEV-2026-3.pdf
2026-02-25,2026,2,Fevereiro,25,"02 Fev (23,25)",Origem vegetal,CEBOLINHA,Molho,2.0,Mercado Maria Virginia Leite Franco,PRECOS-DE-VAREJO_MERCADO-CENTRAL-DE-ARACAJU_SEMANAL_23-E-25-FEV-2026-3.pdf
2026-02-25,2026,2,Fevereiro,25,"02 Fev (23,25)",Origem vegetal,CENOURA,Kg,4.0,Mercado Maria Virginia Leite Franco,PRECOS-DE-VAREJO_MERCADO-CENTRAL-DE-ARACAJU_SEMANAL_23-E-25-FEV-2026-3.pdf
2026-02-25,2026,2,Fevereiro,25,"02 Fev (23,25)",Origem vegetal,CHUCHU,Um,2.0,Mercado Maria Virginia Leite Franco,PRECOS-DE-VAREJO_MERCADO-CENTRAL-DE-ARACAJU_SEMANAL_23-E-25-FEV-2026-3.pdf
2026-02-25,2026,2,Fevereiro,25,"02 Fev (23,25)",Origem vegetal,COCO SECO,Um,7.0,Mercado Maria Virginia Leite Franco,PRECOS-DE-VAREJO_MERCADO-CENTRAL-DE-ARACAJU_SEMANAL_23-E-25-FEV-2026-3.pdf
2026-02-25,2026,2,Fevereiro,25,"02 Fev (23,25)",Origem vegetal,COCO VERDE,Um,5.0,Mercado Maria Virginia Leite Franco,PRECOS-DE-VAREJO_MERCADO-CENTRAL-DE-ARACAJU_SEMANAL_23-E-25-FEV-2026-3.pdf
2026-02-25,2026,2,Fevereiro,25,"02 Fev (23,25)",Origem vegetal,COENTRO,Molho,2.0,Mercado Maria Virginia Leite Franco,PRECOS-DE-VAREJO_MERCADO-CENTRAL-DE-ARACAJU_SEMANAL_23-E-25-FEV-2026-3.pdf
2026-02-25,2026,2,Fevereiro,25,"02 Fev (23,25)",Origem vegetal,COUVE,Molho,2.0,Mercado Maria Virginia Leite Franco,PRECOS-DE-VAREJO_MERCADO-CENTRAL-DE-ARACAJU_SEMANAL_23-E-25-FEV-2026-3.pdf
2026-02-25,2026,2,Fevereiro,25,"02 Fev (23,25)",Origem vegetal,COUVE-FLOR,Kg,13.0,Mercado Maria Virginia Leite Franco,PRECOS-DE-VAREJO_MERCADO-CENTRAL-DE-ARACAJU_SEMANAL_23-E-25-FEV-2026-3.pdf
2026-02-25,2026,2,Fevereiro,25,"02 Fev (23,25)",Origem vegetal,FARINHA DE MANDIOCA,Kg,6.0,Mercado Maria Virginia Leite Franco,PRECOS-DE-VAREJO_MERCADO-CENTRAL-DE-ARACAJU_SEMANAL_23-E-25-FEV-2026-3.pdf
2026-02-25,2026,2,Fevereiro,25,"02 Fev (23,25)",Origem vegetal,FEIJAO CARIOQUINHA,Kg,7.0,Mercado Maria Virginia Leite Franco,PRECOS-DE-VAREJO_MERCADO-CENTRAL-DE-ARACAJU_SEMANAL_23-E-25-FEV-2026-3.pdf
2026-02-25,2026,2,Fevereiro,25,"02 Fev (23,25)",Origem vegetal,GOIABA VERMELHA,Kg,4.0,Mercado Maria Virginia Leite Franco,PRECOS-DE-VAREJO_MERCADO-CENTRAL-DE-ARACAJU_SEMANAL_23-E-25-FEV-2026-3.pdf
2026-02-25,2026,2,Fevereiro,25,"02 Fev (23,25)",Origem vegetal,INHAME DA COSTA,Kg,15.0,Mercado Maria Virginia Leite Franco,PRECOS-DE-VAREJO_MERCADO-CENTRAL-DE-ARACAJU_SEMANAL_23-E-25-FEV-2026-3.pdf
2026-02-25,2026,2,Fevereiro,25,"02 Fev (23,25)",Origem vegetal,LARANJA PERA,Uma,0.7,Mercado Maria Virginia Leite Franco,PRECOS-DE-VAREJO_MERCADO-CENTRAL-DE-ARACAJU_SEMANAL_23-E-25-FEV-2026-3.pdf
2026-02-25,2026,2,Fevereiro,25,"02 Fev (23,25)",Origem vegetal,LIMAO TAITI,Kg,4.0,Mercado Maria Virginia Leite Franco,PRECOS-DE-VAREJO_MERCADO-CENTRAL-DE-ARACAJU_SEMANAL_23-E-25-FEV-2026-3.pdf
2026-02-25,2026,2,Fevereiro,25,"02 Fev (23,25)",Origem vegetal,MACA NACIONAL,Kg,12.0,Mercado Maria Virginia Leite Franco,PRECOS-DE-VAREJO_MERCADO-CENTRAL-DE-ARACAJU_SEMANAL_23-E-25-FEV-2026-3.pdf
2026-02-25,2026,2,Fevereiro,25,"02 Fev (23,25)",Origem vegetal,MACAXEIRA (AIPIM),Kg,3.0,Mercado Maria Virginia Leite Franco,PRECOS-DE-VAREJO_MERCADO-CENTRAL-DE-ARACAJU_SEMANAL_23-E-25-FEV-2026-3.pdf
2026-02-25,2026,2,Fevereiro,25,"02 Fev (23,25)",Origem vegetal,MAMAO FORMOSA,Kg,3.0,Mercado Maria Virginia Leite Franco,PRECOS-DE-VAREJO_MERCADO-CENTRAL-DE-ARACAJU_SEMANAL_23-E-25-FEV-2026-3.pdf
2026-02-25,2026,2,Fevereiro,25,"02 Fev (23,25)",Origem vegetal,MAMAO HAWAY,Kg,4.0,Mercado Maria Virginia Leite Franco,PRECOS-DE-VAREJO_MERCADO-CENTRAL-DE-ARACAJU_SEMANAL_23-E-25-FEV-2026-3.pdf
2026-02-25,2026,2,Fevereiro,25,"02 Fev (23,25)",Origem vegetal,MANGA TOMMY,Kg,4.0,Mercado Maria Virginia Leite Franco,PRECOS-DE-VAREJO_MERCADO-CENTRAL-DE-ARACAJU_SEMANAL_23-E-25-FEV-2026-3.pdf
2026-02-25,2026,2,Fevereiro,25,"02 Fev (23,25)",Origem vegetal,MARACUJA,Kg,7.0,Mercado Maria Virginia Leite Franco,PRECOS-DE-VAREJO_MERCADO-CENTRAL-DE-ARACAJU_SEMANAL_23-E-25-FEV-2026-3.pdf
2026-02-25,2026,2,Fevereiro,25,"02 Fev (23,25)",Origem vegetal,MAXIXE,Kg,7.0,Mercado Maria Virginia Leite Franco,PRECOS-DE-VAREJO_MERCADO-CENTRAL-DE-ARACAJU_SEMANAL_23-E-25-FEV-2026-3.pdf
2026-02-25,2026,2,Fevereiro,25,"02 Fev (23,25)",Origem vegetal,MELANCIA,Kg,1.5,Mercado Maria Virginia Leite Franco,PRECOS-DE-VAREJO_MERCADO-CENTRAL-DE-ARACAJU_SEMANAL_23-E-25-FEV-2026-3.pdf
2026-02-25,2026,2,Fevereiro,25,"02 Fev (23,25)",Origem vegetal,MELAO ESPANHOL,Kg,4.0,Mercado Maria Virginia Leite Franco,PRECOS-DE-VAREJO_MERCADO-CENTRAL-DE-ARACAJU_SEMANAL_23-E-25-FEV-2026-3.pdf
2026-02-25,2026,2,Fevereiro,25,"02 Fev (23,25)",Origem vegetal,MILHO EM GRAO,Kg,2.0,Mercado Maria Virginia Leite Franco,PRECOS-DE-VAREJO_MERCADO-CENTRAL-DE-ARACAJU_SEMANAL_23-E-25-FEV-2026-3.pdf
2026-02-25,2026,2,Fevereiro,25,"02 Fev (23,25)",Origem vegetal,MILHO VERDE,Espiga,1.0,Mercado Maria Virginia Leite Franco,PRECOS-DE-VAREJO_MERCADO-CENTRAL-DE-ARACAJU_SEMANAL_23-E-25-FEV-2026-3.pdf
2026-02-25,2026,2,Fevereiro,25,"02 Fev (23,25)",Origem vegetal,MORANGO,"Cx 0,3Kg",7.0,Mercado Maria Virginia Leite Franco,PRECOS-DE-VAREJO_MERCADO-CENTRAL-DE-ARACAJU_SEMANAL_23-E-25-FEV-2026-3.pdf
2026-02-25,2026,2,Fevereiro,25,"02 Fev (23,25)",Origem vegetal,PIMENTAO VERDE,Um,1.5,Mercado Maria Virginia Leite Franco,PRECOS-DE-VAREJO_MERCADO-CENTRAL-DE-ARACAJU_SEMANAL_23-E-25-FEV-2026-3.pdf
2026-02-25,2026,2,Fevereiro,25,"02 Fev (23,25)",Origem vegetal,QUIABO,Cento,20.0,Mercado Maria Virginia Leite Franco,PRECOS-DE-VAREJO_MERCADO-CENTRAL-DE-ARACAJU_SEMANAL_23-E-25-FEV-2026-3.pdf
2026-02-25,2026,2,Fevereiro,25,"02 Fev (23,25)",Origem vegetal,REPOLHO VERDE,Kg,5.0,Mercado Maria Virginia Leite Franco,PRECOS-DE-VAREJO_MERCADO-CENTRAL-DE-ARACAJU_SEMANAL_23-E-25-FEV-2026-3.pdf
2026-02-25,2026,2,Fevereiro,25,"02 Fev (23,25)",Origem vegetal,TOMATE,Kg,3.0,Mercado Maria Virginia Leite Franco,PRECOS-DE-VAREJO_MERCADO-CENTRAL-DE-ARACAJU_SEMANAL_23-E-25-FEV-2026-3.pdf
2026-02-25,2026,2,Fevereiro,25,"02 Fev (23,25)",Origem vegetal,UVA SEM SEMENTE,Kg,13.0,Mercado Maria Virginia Leite Franco,PRECOS-DE-VAREJO_MERCADO-CENTRAL-DE-ARACAJU_SEMANAL_23-E-25-FEV-2026-3.pdf
2026-02-25,2026,2,Fevereiro,25,"02 Fev (23,25)",Origem vegetal,VAGEM,Kg,18.0,Mercado Maria Virginia Leite Franco,PRECOS-DE-VAREJO_MERCADO-CENTRAL-DE-ARACAJU_SEMANAL_23-E-25-FEV-2026-3.pdf
2026-03-02,2026,3,Marco,2,"03 Mar (2,4)",Origem animal,ACEM C/ OSSO,Kg,25.0,Mercado Maria Virginia Leite Franco,PRECOS-DE-VAREJO_MERCADO-CENTRAL-DE-ARACAJU_SEMANAL_2-E-4-MAR-2026-1.pdf
2026-03-02,2026,3,Marco,2,"03 Mar (2,4)",Origem animal,ACEM S/ OSSO,Kg,34.0,Mercado Maria Virginia Leite Franco,PRECOS-DE-VAREJO_MERCADO-CENTRAL-DE-ARACAJU_SEMANAL_2-E-4-MAR-2026-1.pdf
2026-03-02,2026,3,Marco,2,"03 Mar (2,4)",Origem animal,ALCATRA,Kg,40.0,Mercado Maria Virginia Leite Franco,PRECOS-DE-VAREJO_MERCADO-CENTRAL-DE-ARACAJU_SEMANAL_2-E-4-MAR-2026-1.pdf
2026-03-02,2026,3,Marco,2,"03 Mar (2,4)",Origem animal,CARNE SUINA TRASEIRA,Kg,23.0,Mercado Maria Virginia Leite Franco,PRECOS-DE-VAREJO_MERCADO-CENTRAL-DE-ARACAJU_SEMANAL_2-E-4-MAR-2026-1.pdf
2026-03-02,2026,3,Marco,2,"03 Mar (2,4)",Origem animal,CHA DE DENTRO (COXAO MOLE),Kg,40.0,Mercado Maria Virginia Leite Franco,PRECOS-DE-VAREJO_MERCADO-CENTRAL-DE-ARACAJU_SEMANAL_2-E-4-MAR-2026-1.pdf
2026-03-02,2026,3,Marco,2,"03 Mar (2,4)",Origem animal,CHA DE FORA (COXAO DURO),Kg,38.0,Mercado Maria Virginia Leite Franco,PRECOS-DE-VAREJO_MERCADO-CENTRAL-DE-ARACAJU_SEMANAL_2-E-4-MAR-2026-1.pdf
2026-03-02,2026,3,Marco,2,"03 Mar (2,4)",Origem animal,CONTRA FILE,Kg,42.0,Mercado Maria Virginia Leite Franco,PRECOS-DE-VAREJO_MERCADO-CENTRAL-DE-ARACAJU_SEMANAL_2-E-4-MAR-2026-1.pdf
2026-03-02,2026,3,Marco,2,"03 Mar (2,4)",Origem animal,COSTELA,Kg,20.0,Mercado Maria Virginia Leite Franco,PRECOS-DE-VAREJO_MERCADO-CENTRAL-DE-ARACAJU_SEMANAL_2-E-4-MAR-2026-1.pdf
2026-03-02,2026,3,Marco,2,"03 Mar (2,4)",Origem animal,FILE MIGNION,Kg,50.0,Mercado Maria Virginia Leite Franco,PRECOS-DE-VAREJO_MERCADO-CENTRAL-DE-ARACAJU_SEMANAL_2-E-4-MAR-2026-1.pdf
2026-03-02,2026,3,Marco,2,"03 Mar (2,4)",Origem animal,FRANGO DE GRANJA,Kg,16.0,Mercado Maria Virginia Leite Franco,PRECOS-DE-VAREJO_MERCADO-CENTRAL-DE-ARACAJU_SEMANAL_2-E-4-MAR-2026-1.pdf
2026-03-02,2026,3,Marco,2,"03 Mar (2,4)",Origem animal,MANTEIGA,Kg,38.0,Mercado Maria Virginia Leite Franco,PRECOS-DE-VAREJO_MERCADO-CENTRAL-DE-ARACAJU_SEMANAL_2-E-4-MAR-2026-1.pdf
2026-03-02,2026,3,Marco,2,"03 Mar (2,4)",Origem animal,MUSCULO,Kg,25.0,Mercado Maria Virginia Leite Franco,PRECOS-DE-VAREJO_MERCADO-CENTRAL-DE-ARACAJU_SEMANAL_2-E-4-MAR-2026-1.pdf
2026-03-02,2026,3,Marco,2,"03 Mar (2,4)",Origem animal,OVO BRANCO GRANDE,Dz,7.0,Mercado Maria Virginia Leite Franco,PRECOS-DE-VAREJO_MERCADO-CENTRAL-DE-ARACAJU_SEMANAL_2-E-4-MAR-2026-1.pdf
2026-03-02,2026,3,Marco,2,"03 Mar (2,4)",Origem animal,OVO VERMELHO GRANDE,Dz,8.0,Mercado Maria Virginia Leite Franco,PRECOS-DE-VAREJO_MERCADO-CENTRAL-DE-ARACAJU_SEMANAL_2-E-4-MAR-2026-1.pdf
2026-03-02,2026,3,Marco,2,"03 Mar (2,4)",Origem animal,PALETA C/ OSSO,Kg,24.0,Mercado Maria Virginia Leite Franco,PRECOS-DE-VAREJO_MERCADO-CENTRAL-DE-ARACAJU_SEMANAL_2-E-4-MAR-2026-1.pdf
2026-03-02,2026,3,Marco,2,"03 Mar (2,4)",Origem animal,PATINHO,Kg,38.0,Mercado Maria Virginia Leite Franco,PRECOS-DE-VAREJO_MERCADO-CENTRAL-DE-ARACAJU_SEMANAL_2-E-4-MAR-2026-1.pdf
2026-03-02,2026,3,Marco,2,"03 Mar (2,4)",Origem animal,PEITO C/ OSSO,Kg,23.0,Mercado Maria Virginia Leite Franco,PRECOS-DE-VAREJO_MERCADO-CENTRAL-DE-ARACAJU_SEMANAL_2-E-4-MAR-2026-1.pdf
2026-03-02,2026,3,Marco,2,"03 Mar (2,4)",Origem animal,QUEIJO COALHO,Kg,28.0,Mercado Maria Virginia Leite Franco,PRECOS-DE-VAREJO_MERCADO-CENTRAL-DE-ARACAJU_SEMANAL_2-E-4-MAR-2026-1.pdf
2026-03-02,2026,3,Marco,2,"03 Mar (2,4)",Origem vegetal,ABACAXI GRANDE,Um,7.0,Mercado Maria Virginia Leite Franco,PRECOS-DE-VAREJO_MERCADO-CENTRAL-DE-ARACAJU_SEMANAL_2-E-4-MAR-2026-1.pdf
2026-03-02,2026,3,Marco,2,"03 Mar (2,4)",Origem vegetal,ABOBORA,Kg,6.0,Mercado Maria Virginia Leite Franco,PRECOS-DE-VAREJO_MERCADO-CENTRAL-DE-ARACAJU_SEMANAL_2-E-4-MAR-2026-1.pdf
2026-03-02,2026,3,Marco,2,"03 Mar (2,4)",Origem vegetal,ABOBRINHA,Kg,4.0,Mercado Maria Virginia Leite Franco,PRECOS-DE-VAREJO_MERCADO-CENTRAL-DE-ARACAJU_SEMANAL_2-E-4-MAR-2026-1.pdf
2026-03-02,2026,3,Marco,2,"03 Mar (2,4)",Origem vegetal,ACEROLA,Kg,7.0,Mercado Maria Virginia Leite Franco,PRECOS-DE-VAREJO_MERCADO-CENTRAL-DE-ARACAJU_SEMANAL_2-E-4-MAR-2026-1.pdf
2026-03-02,2026,3,Marco,2,"03 Mar (2,4)",Origem vegetal,ALFACE,Pe,2.0,Mercado Maria Virginia Leite Franco,PRECOS-DE-VAREJO_MERCADO-CENTRAL-DE-ARACAJU_SEMANAL_2-E-4-MAR-2026-1.pdf
2026-03-02,2026,3,Marco,2,"03 Mar (2,4)",Origem vegetal,ALHO,Kg,2.5,Mercado Maria Virginia Leite Franco,PRECOS-DE-VAREJO_MERCADO-CENTRAL-DE-ARACAJU_SEMANAL_2-E-4-MAR-2026-1.pdf
2026-03-02,2026,3,Marco,2,"03 Mar (2,4)",Origem vegetal,AMENDOIM C/CASCA COZIDO,Kg,10.0,Mercado Maria Virginia Leite Franco,PRECOS-DE-VAREJO_MERCADO-CENTRAL-DE-ARACAJU_SEMANAL_2-E-4-MAR-2026-1.pdf
2026-03-02,2026,3,Marco,2,"03 Mar (2,4)",Origem vegetal,ARROZ AGULHA T 1,Kg,6.5,Mercado Maria Virginia Leite Franco,PRECOS-DE-VAREJO_MERCADO-CENTRAL-DE-ARACAJU_SEMANAL_2-E-4-MAR-2026-1.pdf
2026-03-02,2026,3,Marco,2,"03 Mar (2,4)",Origem vegetal,BANANA PRATA,Dz,5.0,Mercado Maria Virginia Leite Franco,PRECOS-DE-VAREJO_MERCADO-CENTRAL-DE-ARACAJU_SEMANAL_2-E-4-MAR-2026-1.pdf
2026-03-02,2026,3,Marco,2,"03 Mar (2,4)",Origem vegetal,BATATA DOCE,Kg,4.0,Mercado Maria Virginia Leite Franco,PRECOS-DE-VAREJO_MERCADO-CENTRAL-DE-ARACAJU_SEMANAL_2-E-4-MAR-2026-1.pdf
2026-03-02,2026,3,Marco,2,"03 Mar (2,4)",Origem vegetal,BATATA LISA,Kg,7.0,Mercado Maria Virginia Leite Franco,PRECOS-DE-VAREJO_MERCADO-CENTRAL-DE-ARACAJU_SEMANAL_2-E-4-MAR-2026-1.pdf
2026-03-02,2026,3,Marco,2,"03 Mar (2,4)",Origem vegetal,BETERRABA,Kg,6.0,Mercado Maria Virginia Leite Franco,PRECOS-DE-VAREJO_MERCADO-CENTRAL-DE-ARACAJU_SEMANAL_2-E-4-MAR-2026-1.pdf
2026-03-02,2026,3,Marco,2,"03 Mar (2,4)",Origem vegetal,CAJU,Kg,1.0,Mercado Maria Virginia Leite Franco,PRECOS-DE-VAREJO_MERCADO-CENTRAL-DE-ARACAJU_SEMANAL_2-E-4-MAR-2026-1.pdf
2026-03-02,2026,3,Marco,2,"03 Mar (2,4)",Origem vegetal,CEBOLA BRANCA,Kg,6.0,Mercado Maria Virginia Leite Franco,PRECOS-DE-VAREJO_MERCADO-CENTRAL-DE-ARACAJU_SEMANAL_2-E-4-MAR-2026-1.pdf
2026-03-02,2026,3,Marco,2,"03 Mar (2,4)",Origem vegetal,CEBOLA ROXA,Kg,7.0,Mercado Maria Virginia Leite Franco,PRECOS-DE-VAREJO_MERCADO-CENTRAL-DE-ARACAJU_SEMANAL_2-E-4-MAR-2026-1.pdf
2026-03-02,2026,3,Marco,2,"03 Mar (2,4)",Origem vegetal,CEBOLINHA,Molho,2.0,Mercado Maria Virginia Leite Franco,PRECOS-DE-VAREJO_MERCADO-CENTRAL-DE-ARACAJU_SEMANAL_2-E-4-MAR-2026-1.pdf
2026-03-02,2026,3,Marco,2,"03 Mar (2,4)",Origem vegetal,CENOURA,Kg,6.0,Mercado Maria Virginia Leite Franco,PRECOS-DE-VAREJO_MERCADO-CENTRAL-DE-ARACAJU_SEMANAL_2-E-4-MAR-2026-1.pdf
2026-03-02,2026,3,Marco,2,"03 Mar (2,4)",Origem vegetal,CHUCHU,Um,2.0,Mercado Maria Virginia Leite Franco,PRECOS-DE-VAREJO_MERCADO-CENTRAL-DE-ARACAJU_SEMANAL_2-E-4-MAR-2026-1.pdf
2026-03-02,2026,3,Marco,2,"03 Mar (2,4)",Origem vegetal,COCO SECO,Um,7.0,Mercado Maria Virginia Leite Franco,PRECOS-DE-VAREJO_MERCADO-CENTRAL-DE-ARACAJU_SEMANAL_2-E-4-MAR-2026-1.pdf
2026-03-02,2026,3,Marco,2,"03 Mar (2,4)",Origem vegetal,COCO VERDE,Um,5.0,Mercado Maria Virginia Leite Franco,PRECOS-DE-VAREJO_MERCADO-CENTRAL-DE-ARACAJU_SEMANAL_2-E-4-MAR-2026-1.pdf
2026-03-02,2026,3,Marco,2,"03 Mar (2,4)",Origem vegetal,COENTRO,Molho,2.0,Mercado Maria Virginia Leite Franco,PRECOS-DE-VAREJO_MERCADO-CENTRAL-DE-ARACAJU_SEMANAL_2-E-4-MAR-2026-1.pdf
2026-03-02,2026,3,Marco,2,"03 Mar (2,4)",Origem vegetal,COUVE,Molho,2.0,Mercado Maria Virginia Leite Franco,PRECOS-DE-VAREJO_MERCADO-CENTRAL-DE-ARACAJU_SEMANAL_2-E-4-MAR-2026-1.pdf
2026-03-02,2026,3,Marco,2,"03 Mar (2,4)",Origem vegetal,COUVE-FLOR,Kg,13.0,Mercado Maria Virginia Leite Franco,PRECOS-DE-VAREJO_MERCADO-CENTRAL-DE-ARACAJU_SEMANAL_2-E-4-MAR-2026-1.pdf
2026-03-02,2026,3,Marco,2,"03 Mar (2,4)",Origem vegetal,FARINHA DE MANDIOCA,Kg,6.0,Mercado Maria Virginia Leite Franco,PRECOS-DE-VAREJO_MERCADO-CENTRAL-DE-ARACAJU_SEMANAL_2-E-4-MAR-2026-1.pdf
2026-03-02,2026,3,Marco,2,"03 Mar (2,4)",Origem vegetal,FEIJAO CARIOQUINHA,Kg,7.0,Mercado Maria Virginia Leite Franco,PRECOS-DE-VAREJO_MERCADO-CENTRAL-DE-ARACAJU_SEMANAL_2-E-4-MAR-2026-1.pdf
2026-03-02,2026,3,Marco,2,"03 Mar (2,4)",Origem vegetal,GOIABA VERMELHA,Kg,4.0,Mercado Maria Virginia Leite Franco,PRECOS-DE-VAREJO_MERCADO-CENTRAL-DE-ARACAJU_SEMANAL_2-E-4-MAR-2026-1.pdf
2026-03-02,2026,3,Marco,2,"03 Mar (2,4)",Origem vegetal,INHAME DA COSTA,Kg,15.0,Mercado Maria Virginia Leite Franco,PRECOS-DE-VAREJO_MERCADO-CENTRAL-DE-ARACAJU_SEMANAL_2-E-4-MAR-2026-1.pdf
2026-03-02,2026,3,Marco,2,"03 Mar (2,4)",Origem vegetal,LARANJA PERA,Uma,0.7,Mercado Maria Virginia Leite Franco,PRECOS-DE-VAREJO_MERCADO-CENTRAL-DE-ARACAJU_SEMANAL_2-E-4-MAR-2026-1.pdf
2026-03-02,2026,3,Marco,2,"03 Mar (2,4)",Origem vegetal,LIMAO TAITI,Kg,4.0,Mercado Maria Virginia Leite Franco,PRECOS-DE-VAREJO_MERCADO-CENTRAL-DE-ARACAJU_SEMANAL_2-E-4-MAR-2026-1.pdf
2026-03-02,2026,3,Marco,2,"03 Mar (2,4)",Origem vegetal,MACA NACIONAL,Kg,12.0,Mercado Maria Virginia Leite Franco,PRECOS-DE-VAREJO_MERCADO-CENTRAL-DE-ARACAJU_SEMANAL_2-E-4-MAR-2026-1.pdf
2026-03-02,2026,3,Marco,2,"03 Mar (2,4)",Origem vegetal,MACAXEIRA (AIPIM),Kg,3.0,Mercado Maria Virginia Leite Franco,PRECOS-DE-VAREJO_MERCADO-CENTRAL-DE-ARACAJU_SEMANAL_2-E-4-MAR-2026-1.pdf
2026-03-02,2026,3,Marco,2,"03 Mar (2,4)",Origem vegetal,MAMAO FORMOSA,Kg,3.0,Mercado Maria Virginia Leite Franco,PRECOS-DE-VAREJO_MERCADO-CENTRAL-DE-ARACAJU_SEMANAL_2-E-4-MAR-2026-1.pdf
2026-03-02,2026,3,Marco,2,"03 Mar (2,4)",Origem vegetal,MAMAO HAWAY,Kg,4.0,Mercado Maria Virginia Leite Franco,PRECOS-DE-VAREJO_MERCADO-CENTRAL-DE-ARACAJU_SEMANAL_2-E-4-MAR-2026-1.pdf
2026-03-02,2026,3,Marco,2,"03 Mar (2,4)",Origem vegetal,MANGA TOMMY,Kg,4.0,Mercado Maria Virginia Leite Franco,PRECOS-DE-VAREJO_MERCADO-CENTRAL-DE-ARACAJU_SEMANAL_2-E-4-MAR-2026-1.pdf
2026-03-02,2026,3,Marco,2,"03 Mar (2,4)",Origem vegetal,MARACUJA,Kg,7.0,Mercado Maria Virginia Leite Franco,PRECOS-DE-VAREJO_MERCADO-CENTRAL-DE-ARACAJU_SEMANAL_2-E-4-MAR-2026-1.pdf
2026-03-02,2026,3,Marco,2,"03 Mar (2,4)",Origem vegetal,MAXIXE,Kg,7.0,Mercado Maria Virginia Leite Franco,PRECOS-DE-VAREJO_MERCADO-CENTRAL-DE-ARACAJU_SEMANAL_2-E-4-MAR-2026-1.pdf
2026-03-02,2026,3,Marco,2,"03 Mar (2,4)",Origem vegetal,MELANCIA,Kg,1.5,Mercado Maria Virginia Leite Franco,PRECOS-DE-VAREJO_MERCADO-CENTRAL-DE-ARACAJU_SEMANAL_2-E-4-MAR-2026-1.pdf
2026-03-02,2026,3,Marco,2,"03 Mar (2,4)",Origem vegetal,MELAO ESPANHOL,Kg,4.0,Mercado Maria Virginia Leite Franco,PRECOS-DE-VAREJO_MERCADO-CENTRAL-DE-ARACAJU_SEMANAL_2-E-4-MAR-2026-1.pdf
2026-03-02,2026,3,Marco,2,"03 Mar (2,4)",Origem vegetal,MILHO EM GRAO,Kg,2.0,Mercado Maria Virginia Leite Franco,PRECOS-DE-VAREJO_MERCADO-CENTRAL-DE-ARACAJU_SEMANAL_2-E-4-MAR-2026-1.pdf
2026-03-02,2026,3,Marco,2,"03 Mar (2,4)",Origem vegetal,MILHO VERDE,Espiga,1.0,Mercado Maria Virginia Leite Franco,PRECOS-DE-VAREJO_MERCADO-CENTRAL-DE-ARACAJU_SEMANAL_2-E-4-MAR-2026-1.pdf
2026-03-02,2026,3,Marco,2,"03 Mar (2,4)",Origem vegetal,MORANGO,"Cx 0,3Kg",7.0,Mercado Maria Virginia Leite Franco,PRECOS-DE-VAREJO_MERCADO-CENTRAL-DE-ARACAJU_SEMANAL_2-E-4-MAR-2026-1.pdf
2026-03-02,2026,3,Marco,2,"03 Mar (2,4)",Origem vegetal,PIMENTAO VERDE,Um,2.0,Mercado Maria Virginia Leite Franco,PRECOS-DE-VAREJO_MERCADO-CENTRAL-DE-ARACAJU_SEMANAL_2-E-4-MAR-2026-1.pdf
2026-03-02,2026,3,Marco,2,"03 Mar (2,4)",Origem vegetal,QUIABO,Cento,20.0,Mercado Maria Virginia Leite Franco,PRECOS-DE-VAREJO_MERCADO-CENTRAL-DE-ARACAJU_SEMANAL_2-E-4-MAR-2026-1.pdf
2026-03-02,2026,3,Marco,2,"03 Mar (2,4)",Origem vegetal,REPOLHO VERDE,Kg,5.0,Mercado Maria Virginia Leite Franco,PRECOS-DE-VAREJO_MERCADO-CENTRAL-DE-ARACAJU_SEMANAL_2-E-4-MAR-2026-1.pdf
2026-03-02,2026,3,Marco,2,"03 Mar (2,4)",Origem vegetal,TOMATE,Kg,3.0,Mercado Maria Virginia Leite Franco,PRECOS-DE-VAREJO_MERCADO-CENTRAL-DE-ARACAJU_SEMANAL_2-E-4-MAR-2026-1.pdf
2026-03-02,2026,3,Marco,2,"03 Mar (2,4)",Origem vegetal,UVA SEM SEMENTE,Kg,13.0,Mercado Maria Virginia Leite Franco,PRECOS-DE-VAREJO_MERCADO-CENTRAL-DE-ARACAJU_SEMANAL_2-E-4-MAR-2026-1.pdf
2026-03-02,2026,3,Marco,2,"03 Mar (2,4)",Origem vegetal,VAGEM,Kg,18.0,Mercado Maria Virginia Leite Franco,PRECOS-DE-VAREJO_MERCADO-CENTRAL-DE-ARACAJU_SEMANAL_2-E-4-MAR-2026-1.pdf
2026-03-04,2026,3,Marco,4,"03 Mar (2,4)",Origem animal,ACEM C/ OSSO,Kg,25.0,Mercado Maria Virginia Leite Franco,PRECOS-DE-VAREJO_MERCADO-CENTRAL-DE-ARACAJU_SEMANAL_2-E-4-MAR-2026-1.pdf
2026-03-04,2026,3,Marco,4,"03 Mar (2,4)",Origem animal,ACEM S/ OSSO,Kg,34.0,Mercado Maria Virginia Leite Franco,PRECOS-DE-VAREJO_MERCADO-CENTRAL-DE-ARACAJU_SEMANAL_2-E-4-MAR-2026-1.pdf
2026-03-04,2026,3,Marco,4,"03 Mar (2,4)",Origem animal,ALCATRA,Kg,40.0,Mercado Maria Virginia Leite Franco,PRECOS-DE-VAREJO_MERCADO-CENTRAL-DE-ARACAJU_SEMANAL_2-E-4-MAR-2026-1.pdf
2026-03-04,2026,3,Marco,4,"03 Mar (2,4)",Origem animal,CARNE SUINA TRASEIRA,Kg,23.0,Mercado Maria Virginia Leite Franco,PRECOS-DE-VAREJO_MERCADO-CENTRAL-DE-ARACAJU_SEMANAL_2-E-4-MAR-2026-1.pdf
2026-03-04,2026,3,Marco,4,"03 Mar (2,4)",Origem animal,CHA DE DENTRO (COXAO MOLE),Kg,40.0,Mercado Maria Virginia Leite Franco,PRECOS-DE-VAREJO_MERCADO-CENTRAL-DE-ARACAJU_SEMANAL_2-E-4-MAR-2026-1.pdf
2026-03-04,2026,3,Marco,4,"03 Mar (2,4)",Origem animal,CHA DE FORA (COXAO DURO),Kg,38.0,Mercado Maria Virginia Leite Franco,PRECOS-DE-VAREJO_MERCADO-CENTRAL-DE-ARACAJU_SEMANAL_2-E-4-MAR-2026-1.pdf
2026-03-04,2026,3,Marco,4,"03 Mar (2,4)",Origem animal,CONTRA FILE,Kg,42.0,Mercado Maria Virginia Leite Franco,PRECOS-DE-VAREJO_MERCADO-CENTRAL-DE-ARACAJU_SEMANAL_2-E-4-MAR-2026-1.pdf
2026-03-04,2026,3,Marco,4,"03 Mar (2,4)",Origem animal,COSTELA,Kg,20.0,Mercado Maria Virginia Leite Franco,PRECOS-DE-VAREJO_MERCADO-CENTRAL-DE-ARACAJU_SEMANAL_2-E-4-MAR-2026-1.pdf
2026-03-04,2026,3,Marco,4,"03 Mar (2,4)",Origem animal,FILE MIGNION,Kg,50.0,Mercado Maria Virginia Leite Franco,PRECOS-DE-VAREJO_MERCADO-CENTRAL-DE-ARACAJU_SEMANAL_2-E-4-MAR-2026-1.pdf
2026-03-04,2026,3,Marco,4,"03 Mar (2,4)",Origem animal,FRANGO DE GRANJA,Kg,16.0,Mercado Maria Virginia Leite Franco,PRECOS-DE-VAREJO_MERCADO-CENTRAL-DE-ARACAJU_SEMANAL_2-E-4-MAR-2026-1.pdf
2026-03-04,2026,3,Marco,4,"03 Mar (2,4)",Origem animal,MANTEIGA,Kg,38.0,Mercado Maria Virginia Leite Franco,PRECOS-DE-VAREJO_MERCADO-CENTRAL-DE-ARACAJU_SEMANAL_2-E-4-MAR-2026-1.pdf
2026-03-04,2026,3,Marco,4,"03 Mar (2,4)",Origem animal,MUSCULO,Kg,25.0,Mercado Maria Virginia Leite Franco,PRECOS-DE-VAREJO_MERCADO-CENTRAL-DE-ARACAJU_SEMANAL_2-E-4-MAR-2026-1.pdf
2026-03-04,2026,3,Marco,4,"03 Mar (2,4)",Origem animal,OVO BRANCO GRANDE,Dz,7.0,Mercado Maria Virginia Leite Franco,PRECOS-DE-VAREJO_MERCADO-CENTRAL-DE-ARACAJU_SEMANAL_2-E-4-MAR-2026-1.pdf
2026-03-04,2026,3,Marco,4,"03 Mar (2,4)",Origem animal,OVO VERMELHO GRANDE,Dz,8.0,Mercado Maria Virginia Leite Franco,PRECOS-DE-VAREJO_MERCADO-CENTRAL-DE-ARACAJU_SEMANAL_2-E-4-MAR-2026-1.pdf
2026-03-04,2026,3,Marco,4,"03 Mar (2,4)",Origem animal,PALETA C/ OSSO,Kg,24.0,Mercado Maria Virginia Leite Franco,PRECOS-DE-VAREJO_MERCADO-CENTRAL-DE-ARACAJU_SEMANAL_2-E-4-MAR-2026-1.pdf
2026-03-04,2026,3,Marco,4,"03 Mar (2,4)",Origem animal,PATINHO,Kg,38.0,Mercado Maria Virginia Leite Franco,PRECOS-DE-VAREJO_MERCADO-CENTRAL-DE-ARACAJU_SEMANAL_2-E-4-MAR-2026-1.pdf
2026-03-04,2026,3,Marco,4,"03 Mar (2,4)",Origem animal,PEITO C/ OSSO,Kg,23.0,Mercado Maria Virginia Leite Franco,PRECOS-DE-VAREJO_MERCADO-CENTRAL-DE-ARACAJU_SEMANAL_2-E-4-MAR-2026-1.pdf
2026-03-04,2026,3,Marco,4,"03 Mar (2,4)",Origem animal,QUEIJO COALHO,Kg,28.0,Mercado Maria Virginia Leite Franco,PRECOS-DE-VAREJO_MERCADO-CENTRAL-DE-ARACAJU_SEMANAL_2-E-4-MAR-2026-1.pdf
2026-03-04,2026,3,Marco,4,"03 Mar (2,4)",Origem vegetal,ABACAXI GRANDE,Um,7.0,Mercado Maria Virginia Leite Franco,PRECOS-DE-VAREJO_MERCADO-CENTRAL-DE-ARACAJU_SEMANAL_2-E-4-MAR-2026-1.pdf
2026-03-04,2026,3,Marco,4,"03 Mar (2,4)",Origem vegetal,ABOBORA,Kg,6.0,Mercado Maria Virginia Leite Franco,PRECOS-DE-VAREJO_MERCADO-CENTRAL-DE-ARACAJU_SEMANAL_2-E-4-MAR-2026-1.pdf
2026-03-04,2026,3,Marco,4,"03 Mar (2,4)",Origem vegetal,ABOBRINHA,Kg,4.0,Mercado Maria Virginia Leite Franco,PRECOS-DE-VAREJO_MERCADO-CENTRAL-DE-ARACAJU_SEMANAL_2-E-4-MAR-2026-1.pdf
2026-03-04,2026,3,Marco,4,"03 Mar (2,4)",Origem vegetal,ACEROLA,Kg,7.0,Mercado Maria Virginia Leite Franco,PRECOS-DE-VAREJO_MERCADO-CENTRAL-DE-ARACAJU_SEMANAL_2-E-4-MAR-2026-1.pdf
2026-03-04,2026,3,Marco,4,"03 Mar (2,4)",Origem vegetal,ALFACE,Pe,2.0,Mercado Maria Virginia Leite Franco,PRECOS-DE-VAREJO_MERCADO-CENTRAL-DE-ARACAJU_SEMANAL_2-E-4-MAR-2026-1.pdf
2026-03-04,2026,3,Marco,4,"03 Mar (2,4)",Origem vegetal,ALHO,Kg,2.5,Mercado Maria Virginia Leite Franco,PRECOS-DE-VAREJO_MERCADO-CENTRAL-DE-ARACAJU_SEMANAL_2-E-4-MAR-2026-1.pdf
2026-03-04,2026,3,Marco,4,"03 Mar (2,4)",Origem vegetal,AMENDOIM C/CASCA COZIDO,Kg,10.0,Mercado Maria Virginia Leite Franco,PRECOS-DE-VAREJO_MERCADO-CENTRAL-DE-ARACAJU_SEMANAL_2-E-4-MAR-2026-1.pdf
2026-03-04,2026,3,Marco,4,"03 Mar (2,4)",Origem vegetal,ARROZ AGULHA T 1,Kg,6.5,Mercado Maria Virginia Leite Franco,PRECOS-DE-VAREJO_MERCADO-CENTRAL-DE-ARACAJU_SEMANAL_2-E-4-MAR-2026-1.pdf
2026-03-04,2026,3,Marco,4,"03 Mar (2,4)",Origem vegetal,BANANA PRATA,Dz,5.0,Mercado Maria Virginia Leite Franco,PRECOS-DE-VAREJO_MERCADO-CENTRAL-DE-ARACAJU_SEMANAL_2-E-4-MAR-2026-1.pdf
2026-03-04,2026,3,Marco,4,"03 Mar (2,4)",Origem vegetal,BATATA DOCE,Kg,4.0,Mercado Maria Virginia Leite Franco,PRECOS-DE-VAREJO_MERCADO-CENTRAL-DE-ARACAJU_SEMANAL_2-E-4-MAR-2026-1.pdf
2026-03-04,2026,3,Marco,4,"03 Mar (2,4)",Origem vegetal,BATATA LISA,Kg,7.0,Mercado Maria Virginia Leite Franco,PRECOS-DE-VAREJO_MERCADO-CENTRAL-DE-ARACAJU_SEMANAL_2-E-4-MAR-2026-1.pdf
2026-03-04,2026,3,Marco,4,"03 Mar (2,4)",Origem vegetal,BETERRABA,Kg,6.0,Mercado Maria Virginia Leite Franco,PRECOS-DE-VAREJO_MERCADO-CENTRAL-DE-ARACAJU_SEMANAL_2-E-4-MAR-2026-1.pdf
2026-03-04,2026,3,Marco,4,"03 Mar (2,4)",Origem vegetal,CAJU,Kg,1.0,Mercado Maria Virginia Leite Franco,PRECOS-DE-VAREJO_MERCADO-CENTRAL-DE-ARACAJU_SEMANAL_2-E-4-MAR-2026-1.pdf
2026-03-04,2026,3,Marco,4,"03 Mar (2,4)",Origem vegetal,CEBOLA BRANCA,Kg,6.0,Mercado Maria Virginia Leite Franco,PRECOS-DE-VAREJO_MERCADO-CENTRAL-DE-ARACAJU_SEMANAL_2-E-4-MAR-2026-1.pdf
2026-03-04,2026,3,Marco,4,"03 Mar (2,4)",Origem vegetal,CEBOLA ROXA,Kg,7.0,Mercado Maria Virginia Leite Franco,PRECOS-DE-VAREJO_MERCADO-CENTRAL-DE-ARACAJU_SEMANAL_2-E-4-MAR-2026-1.pdf
2026-03-04,2026,3,Marco,4,"03 Mar (2,4)",Origem vegetal,CEBOLINHA,Molho,2.0,Mercado Maria Virginia Leite Franco,PRECOS-DE-VAREJO_MERCADO-CENTRAL-DE-ARACAJU_SEMANAL_2-E-4-MAR-2026-1.pdf
2026-03-04,2026,3,Marco,4,"03 Mar (2,4)",Origem vegetal,CENOURA,Kg,6.0,Mercado Maria Virginia Leite Franco,PRECOS-DE-VAREJO_MERCADO-CENTRAL-DE-ARACAJU_SEMANAL_2-E-4-MAR-2026-1.pdf
2026-03-04,2026,3,Marco,4,"03 Mar (2,4)",Origem vegetal,CHUCHU,Um,2.0,Mercado Maria Virginia Leite Franco,PRECOS-DE-VAREJO_MERCADO-CENTRAL-DE-ARACAJU_SEMANAL_2-E-4-MAR-2026-1.pdf
2026-03-04,2026,3,Marco,4,"03 Mar (2,4)",Origem vegetal,COCO SECO,Um,7.0,Mercado Maria Virginia Leite Franco,PRECOS-DE-VAREJO_MERCADO-CENTRAL-DE-ARACAJU_SEMANAL_2-E-4-MAR-2026-1.pdf
2026-03-04,2026,3,Marco,4,"03 Mar (2,4)",Origem vegetal,COCO VERDE,Um,5.0,Mercado Maria Virginia Leite Franco,PRECOS-DE-VAREJO_MERCADO-CENTRAL-DE-ARACAJU_SEMANAL_2-E-4-MAR-2026-1.pdf
2026-03-04,2026,3,Marco,4,"03 Mar (2,4)",Origem vegetal,COENTRO,Molho,2.0,Mercado Maria Virginia Leite Franco,PRECOS-DE-VAREJO_MERCADO-CENTRAL-DE-ARACAJU_SEMANAL_2-E-4-MAR-2026-1.pdf
2026-03-04,2026,3,Marco,4,"03 Mar (2,4)",Origem vegetal,COUVE,Molho,2.0,Mercado Maria Virginia Leite Franco,PRECOS-DE-VAREJO_MERCADO-CENTRAL-DE-ARACAJU_SEMANAL_2-E-4-MAR-2026-1.pdf
2026-03-04,2026,3,Marco,4,"03 Mar (2,4)",Origem vegetal,COUVE-FLOR,Kg,13.0,Mercado Maria Virginia Leite Franco,PRECOS-DE-VAREJO_MERCADO-CENTRAL-DE-ARACAJU_SEMANAL_2-E-4-MAR-2026-1.pdf
2026-03-04,2026,3,Marco,4,"03 Mar (2,4)",Origem vegetal,FARINHA DE MANDIOCA,Kg,6.0,Mercado Maria Virginia Leite Franco,PRECOS-DE-VAREJO_MERCADO-CENTRAL-DE-ARACAJU_SEMANAL_2-E-4-MAR-2026-1.pdf
2026-03-04,2026,3,Marco,4,"03 Mar (2,4)",Origem vegetal,FEIJAO CARIOQUINHA,Kg,7.0,Mercado Maria Virginia Leite Franco,PRECOS-DE-VAREJO_MERCADO-CENTRAL-DE-ARACAJU_SEMANAL_2-E-4-MAR-2026-1.pdf
2026-03-04,2026,3,Marco,4,"03 Mar (2,4)",Origem vegetal,GOIABA VERMELHA,Kg,4.0,Mercado Maria Virginia Leite Franco,PRECOS-DE-VAREJO_MERCADO-CENTRAL-DE-ARACAJU_SEMANAL_2-E-4-MAR-2026-1.pdf
2026-03-04,2026,3,Marco,4,"03 Mar (2,4)",Origem vegetal,INHAME DA COSTA,Kg,15.0,Mercado Maria Virginia Leite Franco,PRECOS-DE-VAREJO_MERCADO-CENTRAL-DE-ARACAJU_SEMANAL_2-E-4-MAR-2026-1.pdf
2026-03-04,2026,3,Marco,4,"03 Mar (2,4)",Origem vegetal,LARANJA PERA,Uma,0.7,Mercado Maria Virginia Leite Franco,PRECOS-DE-VAREJO_MERCADO-CENTRAL-DE-ARACAJU_SEMANAL_2-E-4-MAR-2026-1.pdf
2026-03-04,2026,3,Marco,4,"03 Mar (2,4)",Origem vegetal,LIMAO TAITI,Kg,4.0,Mercado Maria Virginia Leite Franco,PRECOS-DE-VAREJO_MERCADO-CENTRAL-DE-ARACAJU_SEMANAL_2-E-4-MAR-2026-1.pdf
2026-03-04,2026,3,Marco,4,"03 Mar (2,4)",Origem vegetal,MACA NACIONAL,Kg,12.0,Mercado Maria Virginia Leite Franco,PRECOS-DE-VAREJO_MERCADO-CENTRAL-DE-ARACAJU_SEMANAL_2-E-4-MAR-2026-1.pdf
2026-03-04,2026,3,Marco,4,"03 Mar (2,4)",Origem vegetal,MACAXEIRA (AIPIM),Kg,3.0,Mercado Maria Virginia Leite Franco,PRECOS-DE-VAREJO_MERCADO-CENTRAL-DE-ARACAJU_SEMANAL_2-E-4-MAR-2026-1.pdf
2026-03-04,2026,3,Marco,4,"03 Mar (2,4)",Origem vegetal,MAMAO FORMOSA,Kg,3.0,Mercado Maria Virginia Leite Franco,PRECOS-DE-VAREJO_MERCADO-CENTRAL-DE-ARACAJU_SEMANAL_2-E-4-MAR-2026-1.pdf
2026-03-04,2026,3,Marco,4,"03 Mar (2,4)",Origem vegetal,MAMAO HAWAY,Kg,4.0,Mercado Maria Virginia Leite Franco,PRECOS-DE-VAREJO_MERCADO-CENTRAL-DE-ARACAJU_SEMANAL_2-E-4-MAR-2026-1.pdf
2026-03-04,2026,3,Marco,4,"03 Mar (2,4)",Origem vegetal,MANGA TOMMY,Kg,4.0,Mercado Maria Virginia Leite Franco,PRECOS-DE-VAREJO_MERCADO-CENTRAL-DE-ARACAJU_SEMANAL_2-E-4-MAR-2026-1.pdf
2026-03-04,2026,3,Marco,4,"03 Mar (2,4)",Origem vegetal,MARACUJA,Kg,7.0,Mercado Maria Virginia Leite Franco,PRECOS-DE-VAREJO_MERCADO-CENTRAL-DE-ARACAJU_SEMANAL_2-E-4-MAR-2026-1.pdf
2026-03-04,2026,3,Marco,4,"03 Mar (2,4)",Origem vegetal,MAXIXE,Kg,7.0,Mercado Maria Virginia Leite Franco,PRECOS-DE-VAREJO_MERCADO-CENTRAL-DE-ARACAJU_SEMANAL_2-E-4-MAR-2026-1.pdf
2026-03-04,2026,3,Marco,4,"03 Mar (2,4)",Origem vegetal,MELANCIA,Kg,1.5,Mercado Maria Virginia Leite Franco,PRECOS-DE-VAREJO_MERCADO-CENTRAL-DE-ARACAJU_SEMANAL_2-E-4-MAR-2026-1.pdf
2026-03-04,2026,3,Marco,4,"03 Mar (2,4)",Origem vegetal,MELAO ESPANHOL,Kg,4.0,Mercado Maria Virginia Leite Franco,PRECOS-DE-VAREJO_MERCADO-CENTRAL-DE-ARACAJU_SEMANAL_2-E-4-MAR-2026-1.pdf
2026-03-04,2026,3,Marco,4,"03 Mar (2,4)",Origem vegetal,MILHO EM GRAO,Kg,2.0,Mercado Maria Virginia Leite Franco,PRECOS-DE-VAREJO_MERCADO-CENTRAL-DE-ARACAJU_SEMANAL_2-E-4-MAR-2026-1.pdf
2026-03-04,2026,3,Marco,4,"03 Mar (2,4)",Origem vegetal,MILHO VERDE,Espiga,1.0,Mercado Maria Virginia Leite Franco,PRECOS-DE-VAREJO_MERCADO-CENTRAL-DE-ARACAJU_SEMANAL_2-E-4-MAR-2026-1.pdf
2026-03-04,2026,3,Marco,4,"03 Mar (2,4)",Origem vegetal,MORANGO,"Cx 0,3Kg",7.0,Mercado Maria Virginia Leite Franco,PRECOS-DE-VAREJO_MERCADO-CENTRAL-DE-ARACAJU_SEMANAL_2-E-4-MAR-2026-1.pdf
2026-03-04,2026,3,Marco,4,"03 Mar (2,4)",Origem vegetal,PIMENTAO VERDE,Um,2.0,Mercado Maria Virginia Leite Franco,PRECOS-DE-VAREJO_MERCADO-CENTRAL-DE-ARACAJU_SEMANAL_2-E-4-MAR-2026-1.pdf
2026-03-04,2026,3,Marco,4,"03 Mar (2,4)",Origem vegetal,QUIABO,Cento,20.0,Mercado Maria Virginia Leite Franco,PRECOS-DE-VAREJO_MERCADO-CENTRAL-DE-ARACAJU_SEMANAL_2-E-4-MAR-2026-1.pdf
2026-03-04,2026,3,Marco,4,"03 Mar (2,4)",Origem vegetal,REPOLHO VERDE,Kg,5.0,Mercado Maria Virginia Leite Franco,PRECOS-DE-VAREJO_MERCADO-CENTRAL-DE-ARACAJU_SEMANAL_2-E-4-MAR-2026-1.pdf
2026-03-04,2026,3,Marco,4,"03 Mar (2,4)",Origem vegetal,TOMATE,Kg,4.0,Mercado Maria Virginia Leite Franco,PRECOS-DE-VAREJO_MERCADO-CENTRAL-DE-ARACAJU_SEMANAL_2-E-4-MAR-2026-1.pdf
2026-03-04,2026,3,Marco,4,"03 Mar (2,4)",Origem vegetal,UVA SEM SEMENTE,Kg,13.0,Mercado Maria Virginia Leite Franco,PRECOS-DE-VAREJO_MERCADO-CENTRAL-DE-ARACAJU_SEMANAL_2-E-4-MAR-2026-1.pdf
2026-03-04,2026,3,Marco,4,"03 Mar (2,4)",Origem vegetal,VAGEM,Kg,18.0,Mercado Maria Virginia Leite Franco,PRECOS-DE-VAREJO_MERCADO-CENTRAL-DE-ARACAJU_SEMANAL_2-E-4-MAR-2026-1.pdf
2026-03-09,2026,3,Marco,9,"03 Mar (9,11)",Origem animal,ACEM C/ OSSO,Kg,25.0,Mercado Maria Virginia Leite Franco,PRECOS-DE-VAREJO_MERCADO-CENTRAL-DE-ARACAJU_SEMANAL_9-E-11-MAR-2026-2.pdf
2026-03-09,2026,3,Marco,9,"03 Mar (9,11)",Origem animal,ACEM S/ OSSO,Kg,34.0,Mercado Maria Virginia Leite Franco,PRECOS-DE-VAREJO_MERCADO-CENTRAL-DE-ARACAJU_SEMANAL_9-E-11-MAR-2026-2.pdf
2026-03-09,2026,3,Marco,9,"03 Mar (9,11)",Origem animal,ALCATRA,Kg,40.0,Mercado Maria Virginia Leite Franco,PRECOS-DE-VAREJO_MERCADO-CENTRAL-DE-ARACAJU_SEMANAL_9-E-11-MAR-2026-2.pdf
2026-03-09,2026,3,Marco,9,"03 Mar (9,11)",Origem animal,CARNE SUINA TRASEIRA,Kg,23.0,Mercado Maria Virginia Leite Franco,PRECOS-DE-VAREJO_MERCADO-CENTRAL-DE-ARACAJU_SEMANAL_9-E-11-MAR-2026-2.pdf
2026-03-09,2026,3,Marco,9,"03 Mar (9,11)",Origem animal,CHA DE DENTRO (COXAO MOLE),Kg,40.0,Mercado Maria Virginia Leite Franco,PRECOS-DE-VAREJO_MERCADO-CENTRAL-DE-ARACAJU_SEMANAL_9-E-11-MAR-2026-2.pdf
2026-03-09,2026,3,Marco,9,"03 Mar (9,11)",Origem animal,CHA DE FORA (COXAO DURO),Kg,38.0,Mercado Maria Virginia Leite Franco,PRECOS-DE-VAREJO_MERCADO-CENTRAL-DE-ARACAJU_SEMANAL_9-E-11-MAR-2026-2.pdf
2026-03-09,2026,3,Marco,9,"03 Mar (9,11)",Origem animal,CONTRA FILE,Kg,42.0,Mercado Maria Virginia Leite Franco,PRECOS-DE-VAREJO_MERCADO-CENTRAL-DE-ARACAJU_SEMANAL_9-E-11-MAR-2026-2.pdf
2026-03-09,2026,3,Marco,9,"03 Mar (9,11)",Origem animal,COSTELA,Kg,20.0,Mercado Maria Virginia Leite Franco,PRECOS-DE-VAREJO_MERCADO-CENTRAL-DE-ARACAJU_SEMANAL_9-E-11-MAR-2026-2.pdf
2026-03-09,2026,3,Marco,9,"03 Mar (9,11)",Origem animal,FILE MIGNION,Kg,50.0,Mercado Maria Virginia Leite Franco,PRECOS-DE-VAREJO_MERCADO-CENTRAL-DE-ARACAJU_SEMANAL_9-E-11-MAR-2026-2.pdf
2026-03-09,2026,3,Marco,9,"03 Mar (9,11)",Origem animal,FRANGO DE GRANJA,Kg,16.0,Mercado Maria Virginia Leite Franco,PRECOS-DE-VAREJO_MERCADO-CENTRAL-DE-ARACAJU_SEMANAL_9-E-11-MAR-2026-2.pdf
2026-03-09,2026,3,Marco,9,"03 Mar (9,11)",Origem animal,MANTEIGA,Kg,38.0,Mercado Maria Virginia Leite Franco,PRECOS-DE-VAREJO_MERCADO-CENTRAL-DE-ARACAJU_SEMANAL_9-E-11-MAR-2026-2.pdf
2026-03-09,2026,3,Marco,9,"03 Mar (9,11)",Origem animal,MUSCULO,Kg,25.0,Mercado Maria Virginia Leite Franco,PRECOS-DE-VAREJO_MERCADO-CENTRAL-DE-ARACAJU_SEMANAL_9-E-11-MAR-2026-2.pdf
2026-03-09,2026,3,Marco,9,"03 Mar (9,11)",Origem animal,OVO BRANCO GRANDE,Dz,7.0,Mercado Maria Virginia Leite Franco,PRECOS-DE-VAREJO_MERCADO-CENTRAL-DE-ARACAJU_SEMANAL_9-E-11-MAR-2026-2.pdf
2026-03-09,2026,3,Marco,9,"03 Mar (9,11)",Origem animal,OVO VERMELHO GRANDE,Dz,8.0,Mercado Maria Virginia Leite Franco,PRECOS-DE-VAREJO_MERCADO-CENTRAL-DE-ARACAJU_SEMANAL_9-E-11-MAR-2026-2.pdf
2026-03-09,2026,3,Marco,9,"03 Mar (9,11)",Origem animal,PALETA C/ OSSO,Kg,24.0,Mercado Maria Virginia Leite Franco,PRECOS-DE-VAREJO_MERCADO-CENTRAL-DE-ARACAJU_SEMANAL_9-E-11-MAR-2026-2.pdf
2026-03-09,2026,3,Marco,9,"03 Mar (9,11)",Origem animal,PATINHO,Kg,38.0,Mercado Maria Virginia Leite Franco,PRECOS-DE-VAREJO_MERCADO-CENTRAL-DE-ARACAJU_SEMANAL_9-E-11-MAR-2026-2.pdf
2026-03-09,2026,3,Marco,9,"03 Mar (9,11)",Origem animal,PEITO C/ OSSO,Kg,23.0,Mercado Maria Virginia Leite Franco,PRECOS-DE-VAREJO_MERCADO-CENTRAL-DE-ARACAJU_SEMANAL_9-E-11-MAR-2026-2.pdf
2026-03-09,2026,3,Marco,9,"03 Mar (9,11)",Origem animal,QUEIJO COALHO,Kg,28.0,Mercado Maria Virginia Leite Franco,PRECOS-DE-VAREJO_MERCADO-CENTRAL-DE-ARACAJU_SEMANAL_9-E-11-MAR-2026-2.pdf
2026-03-09,2026,3,Marco,9,"03 Mar (9,11)",Origem vegetal,ABACAXI GRANDE,Um,7.0,Mercado Maria Virginia Leite Franco,PRECOS-DE-VAREJO_MERCADO-CENTRAL-DE-ARACAJU_SEMANAL_9-E-11-MAR-2026-2.pdf
2026-03-09,2026,3,Marco,9,"03 Mar (9,11)",Origem vegetal,ABOBORA,Kg,6.0,Mercado Maria Virginia Leite Franco,PRECOS-DE-VAREJO_MERCADO-CENTRAL-DE-ARACAJU_SEMANAL_9-E-11-MAR-2026-2.pdf
2026-03-09,2026,3,Marco,9,"03 Mar (9,11)",Origem vegetal,ABOBRINHA,Kg,4.0,Mercado Maria Virginia Leite Franco,PRECOS-DE-VAREJO_MERCADO-CENTRAL-DE-ARACAJU_SEMANAL_9-E-11-MAR-2026-2.pdf
2026-03-09,2026,3,Marco,9,"03 Mar (9,11)",Origem vegetal,ACEROLA,Kg,7.0,Mercado Maria Virginia Leite Franco,PRECOS-DE-VAREJO_MERCADO-CENTRAL-DE-ARACAJU_SEMANAL_9-E-11-MAR-2026-2.pdf
2026-03-09,2026,3,Marco,9,"03 Mar (9,11)",Origem vegetal,ALFACE,Pe,2.0,Mercado Maria Virginia Leite Franco,PRECOS-DE-VAREJO_MERCADO-CENTRAL-DE-ARACAJU_SEMANAL_9-E-11-MAR-2026-2.pdf
2026-03-09,2026,3,Marco,9,"03 Mar (9,11)",Origem vegetal,ALHO,Kg,2.5,Mercado Maria Virginia Leite Franco,PRECOS-DE-VAREJO_MERCADO-CENTRAL-DE-ARACAJU_SEMANAL_9-E-11-MAR-2026-2.pdf
2026-03-09,2026,3,Marco,9,"03 Mar (9,11)",Origem vegetal,AMENDOIM C/CASCA COZIDO,Kg,10.0,Mercado Maria Virginia Leite Franco,PRECOS-DE-VAREJO_MERCADO-CENTRAL-DE-ARACAJU_SEMANAL_9-E-11-MAR-2026-2.pdf
2026-03-09,2026,3,Marco,9,"03 Mar (9,11)",Origem vegetal,ARROZ AGULHA T 1,Kg,6.5,Mercado Maria Virginia Leite Franco,PRECOS-DE-VAREJO_MERCADO-CENTRAL-DE-ARACAJU_SEMANAL_9-E-11-MAR-2026-2.pdf
2026-03-09,2026,3,Marco,9,"03 Mar (9,11)",Origem vegetal,BANANA PRATA,Dz,5.0,Mercado Maria Virginia Leite Franco,PRECOS-DE-VAREJO_MERCADO-CENTRAL-DE-ARACAJU_SEMANAL_9-E-11-MAR-2026-2.pdf
2026-03-09,2026,3,Marco,9,"03 Mar (9,11)",Origem vegetal,BATATA DOCE,Kg,4.0,Mercado Maria Virginia Leite Franco,PRECOS-DE-VAREJO_MERCADO-CENTRAL-DE-ARACAJU_SEMANAL_9-E-11-MAR-2026-2.pdf
2026-03-09,2026,3,Marco,9,"03 Mar (9,11)",Origem vegetal,BATATA LISA,Kg,7.0,Mercado Maria Virginia Leite Franco,PRECOS-DE-VAREJO_MERCADO-CENTRAL-DE-ARACAJU_SEMANAL_9-E-11-MAR-2026-2.pdf
2026-03-09,2026,3,Marco,9,"03 Mar (9,11)",Origem vegetal,BETERRABA,Kg,6.0,Mercado Maria Virginia Leite Franco,PRECOS-DE-VAREJO_MERCADO-CENTRAL-DE-ARACAJU_SEMANAL_9-E-11-MAR-2026-2.pdf
2026-03-09,2026,3,Marco,9,"03 Mar (9,11)",Origem vegetal,CAJU,Kg,1.0,Mercado Maria Virginia Leite Franco,PRECOS-DE-VAREJO_MERCADO-CENTRAL-DE-ARACAJU_SEMANAL_9-E-11-MAR-2026-2.pdf
2026-03-09,2026,3,Marco,9,"03 Mar (9,11)",Origem vegetal,CEBOLA BRANCA,Kg,6.0,Mercado Maria Virginia Leite Franco,PRECOS-DE-VAREJO_MERCADO-CENTRAL-DE-ARACAJU_SEMANAL_9-E-11-MAR-2026-2.pdf
2026-03-09,2026,3,Marco,9,"03 Mar (9,11)",Origem vegetal,CEBOLA ROXA,Kg,7.0,Mercado Maria Virginia Leite Franco,PRECOS-DE-VAREJO_MERCADO-CENTRAL-DE-ARACAJU_SEMANAL_9-E-11-MAR-2026-2.pdf
2026-03-09,2026,3,Marco,9,"03 Mar (9,11)",Origem vegetal,CEBOLINHA,Molho,2.0,Mercado Maria Virginia Leite Franco,PRECOS-DE-VAREJO_MERCADO-CENTRAL-DE-ARACAJU_SEMANAL_9-E-11-MAR-2026-2.pdf
2026-03-09,2026,3,Marco,9,"03 Mar (9,11)",Origem vegetal,CENOURA,Kg,6.0,Mercado Maria Virginia Leite Franco,PRECOS-DE-VAREJO_MERCADO-CENTRAL-DE-ARACAJU_SEMANAL_9-E-11-MAR-2026-2.pdf
2026-03-09,2026,3,Marco,9,"03 Mar (9,11)",Origem vegetal,CHUCHU,Um,2.0,Mercado Maria Virginia Leite Franco,PRECOS-DE-VAREJO_MERCADO-CENTRAL-DE-ARACAJU_SEMANAL_9-E-11-MAR-2026-2.pdf
2026-03-09,2026,3,Marco,9,"03 Mar (9,11)",Origem vegetal,COCO SECO,Um,7.0,Mercado Maria Virginia Leite Franco,PRECOS-DE-VAREJO_MERCADO-CENTRAL-DE-ARACAJU_SEMANAL_9-E-11-MAR-2026-2.pdf
2026-03-09,2026,3,Marco,9,"03 Mar (9,11)",Origem vegetal,COCO VERDE,Um,5.0,Mercado Maria Virginia Leite Franco,PRECOS-DE-VAREJO_MERCADO-CENTRAL-DE-ARACAJU_SEMANAL_9-E-11-MAR-2026-2.pdf
2026-03-09,2026,3,Marco,9,"03 Mar (9,11)",Origem vegetal,COENTRO,Molho,2.0,Mercado Maria Virginia Leite Franco,PRECOS-DE-VAREJO_MERCADO-CENTRAL-DE-ARACAJU_SEMANAL_9-E-11-MAR-2026-2.pdf
2026-03-09,2026,3,Marco,9,"03 Mar (9,11)",Origem vegetal,COUVE,Molho,2.0,Mercado Maria Virginia Leite Franco,PRECOS-DE-VAREJO_MERCADO-CENTRAL-DE-ARACAJU_SEMANAL_9-E-11-MAR-2026-2.pdf
2026-03-09,2026,3,Marco,9,"03 Mar (9,11)",Origem vegetal,COUVE-FLOR,Kg,13.0,Mercado Maria Virginia Leite Franco,PRECOS-DE-VAREJO_MERCADO-CENTRAL-DE-ARACAJU_SEMANAL_9-E-11-MAR-2026-2.pdf
2026-03-09,2026,3,Marco,9,"03 Mar (9,11)",Origem vegetal,FARINHA DE MANDIOCA,Kg,6.0,Mercado Maria Virginia Leite Franco,PRECOS-DE-VAREJO_MERCADO-CENTRAL-DE-ARACAJU_SEMANAL_9-E-11-MAR-2026-2.pdf
2026-03-09,2026,3,Marco,9,"03 Mar (9,11)",Origem vegetal,FEIJAO CARIOQUINHA,Kg,7.0,Mercado Maria Virginia Leite Franco,PRECOS-DE-VAREJO_MERCADO-CENTRAL-DE-ARACAJU_SEMANAL_9-E-11-MAR-2026-2.pdf
2026-03-09,2026,3,Marco,9,"03 Mar (9,11)",Origem vegetal,GOIABA VERMELHA,Kg,4.0,Mercado Maria Virginia Leite Franco,PRECOS-DE-VAREJO_MERCADO-CENTRAL-DE-ARACAJU_SEMANAL_9-E-11-MAR-2026-2.pdf
2026-03-09,2026,3,Marco,9,"03 Mar (9,11)",Origem vegetal,INHAME DA COSTA,Kg,12.0,Mercado Maria Virginia Leite Franco,PRECOS-DE-VAREJO_MERCADO-CENTRAL-DE-ARACAJU_SEMANAL_9-E-11-MAR-2026-2.pdf
2026-03-09,2026,3,Marco,9,"03 Mar (9,11)",Origem vegetal,LARANJA PERA,Uma,0.7,Mercado Maria Virginia Leite Franco,PRECOS-DE-VAREJO_MERCADO-CENTRAL-DE-ARACAJU_SEMANAL_9-E-11-MAR-2026-2.pdf
2026-03-09,2026,3,Marco,9,"03 Mar (9,11)",Origem vegetal,LIMAO TAITI,Kg,4.0,Mercado Maria Virginia Leite Franco,PRECOS-DE-VAREJO_MERCADO-CENTRAL-DE-ARACAJU_SEMANAL_9-E-11-MAR-2026-2.pdf
2026-03-09,2026,3,Marco,9,"03 Mar (9,11)",Origem vegetal,MACA NACIONAL,Kg,12.0,Mercado Maria Virginia Leite Franco,PRECOS-DE-VAREJO_MERCADO-CENTRAL-DE-ARACAJU_SEMANAL_9-E-11-MAR-2026-2.pdf
2026-03-09,2026,3,Marco,9,"03 Mar (9,11)",Origem vegetal,MACAXEIRA (AIPIM),Kg,3.0,Mercado Maria Virginia Leite Franco,PRECOS-DE-VAREJO_MERCADO-CENTRAL-DE-ARACAJU_SEMANAL_9-E-11-MAR-2026-2.pdf
2026-03-09,2026,3,Marco,9,"03 Mar (9,11)",Origem vegetal,MAMAO FORMOSA,Kg,3.0,Mercado Maria Virginia Leite Franco,PRECOS-DE-VAREJO_MERCADO-CENTRAL-DE-ARACAJU_SEMANAL_9-E-11-MAR-2026-2.pdf
2026-03-09,2026,3,Marco,9,"03 Mar (9,11)",Origem vegetal,MAMAO HAWAY,Kg,4.0,Mercado Maria Virginia Leite Franco,PRECOS-DE-VAREJO_MERCADO-CENTRAL-DE-ARACAJU_SEMANAL_9-E-11-MAR-2026-2.pdf
2026-03-09,2026,3,Marco,9,"03 Mar (9,11)",Origem vegetal,MANGA TOMMY,Kg,4.0,Mercado Maria Virginia Leite Franco,PRECOS-DE-VAREJO_MERCADO-CENTRAL-DE-ARACAJU_SEMANAL_9-E-11-MAR-2026-2.pdf
2026-03-09,2026,3,Marco,9,"03 Mar (9,11)",Origem vegetal,MARACUJA,Kg,7.0,Mercado Maria Virginia Leite Franco,PRECOS-DE-VAREJO_MERCADO-CENTRAL-DE-ARACAJU_SEMANAL_9-E-11-MAR-2026-2.pdf
2026-03-09,2026,3,Marco,9,"03 Mar (9,11)",Origem vegetal,MAXIXE,Kg,7.0,Mercado Maria Virginia Leite Franco,PRECOS-DE-VAREJO_MERCADO-CENTRAL-DE-ARACAJU_SEMANAL_9-E-11-MAR-2026-2.pdf
2026-03-09,2026,3,Marco,9,"03 Mar (9,11)",Origem vegetal,MELANCIA,Kg,1.5,Mercado Maria Virginia Leite Franco,PRECOS-DE-VAREJO_MERCADO-CENTRAL-DE-ARACAJU_SEMANAL_9-E-11-MAR-2026-2.pdf
2026-03-09,2026,3,Marco,9,"03 Mar (9,11)",Origem vegetal,MELAO ESPANHOL,Kg,4.0,Mercado Maria Virginia Leite Franco,PRECOS-DE-VAREJO_MERCADO-CENTRAL-DE-ARACAJU_SEMANAL_9-E-11-MAR-2026-2.pdf
2026-03-09,2026,3,Marco,9,"03 Mar (9,11)",Origem vegetal,MILHO EM GRAO,Kg,2.0,Mercado Maria Virginia Leite Franco,PRECOS-DE-VAREJO_MERCADO-CENTRAL-DE-ARACAJU_SEMANAL_9-E-11-MAR-2026-2.pdf
2026-03-09,2026,3,Marco,9,"03 Mar (9,11)",Origem vegetal,MILHO VERDE,Espiga,1.0,Mercado Maria Virginia Leite Franco,PRECOS-DE-VAREJO_MERCADO-CENTRAL-DE-ARACAJU_SEMANAL_9-E-11-MAR-2026-2.pdf
2026-03-09,2026,3,Marco,9,"03 Mar (9,11)",Origem vegetal,MORANGO,"Cx 0,3Kg",7.0,Mercado Maria Virginia Leite Franco,PRECOS-DE-VAREJO_MERCADO-CENTRAL-DE-ARACAJU_SEMANAL_9-E-11-MAR-2026-2.pdf
2026-03-09,2026,3,Marco,9,"03 Mar (9,11)",Origem vegetal,PIMENTAO VERDE,Um,2.0,Mercado Maria Virginia Leite Franco,PRECOS-DE-VAREJO_MERCADO-CENTRAL-DE-ARACAJU_SEMANAL_9-E-11-MAR-2026-2.pdf
2026-03-09,2026,3,Marco,9,"03 Mar (9,11)",Origem vegetal,QUIABO,Cento,20.0,Mercado Maria Virginia Leite Franco,PRECOS-DE-VAREJO_MERCADO-CENTRAL-DE-ARACAJU_SEMANAL_9-E-11-MAR-2026-2.pdf
2026-03-09,2026,3,Marco,9,"03 Mar (9,11)",Origem vegetal,REPOLHO VERDE,Kg,5.0,Mercado Maria Virginia Leite Franco,PRECOS-DE-VAREJO_MERCADO-CENTRAL-DE-ARACAJU_SEMANAL_9-E-11-MAR-2026-2.pdf
2026-03-09,2026,3,Marco,9,"03 Mar (9,11)",Origem vegetal,TOMATE,Kg,4.0,Mercado Maria Virginia Leite Franco,PRECOS-DE-VAREJO_MERCADO-CENTRAL-DE-ARACAJU_SEMANAL_9-E-11-MAR-2026-2.pdf
2026-03-09,2026,3,Marco,9,"03 Mar (9,11)",Origem vegetal,UVA SEM SEMENTE,Kg,12.0,Mercado Maria Virginia Leite Franco,PRECOS-DE-VAREJO_MERCADO-CENTRAL-DE-ARACAJU_SEMANAL_9-E-11-MAR-2026-2.pdf
2026-03-09,2026,3,Marco,9,"03 Mar (9,11)",Origem vegetal,VAGEM,Kg,18.0,Mercado Maria Virginia Leite Franco,PRECOS-DE-VAREJO_MERCADO-CENTRAL-DE-ARACAJU_SEMANAL_9-E-11-MAR-2026-2.pdf
2026-03-11,2026,3,Marco,11,"03 Mar (9,11)",Origem animal,ACEM C/ OSSO,Kg,25.0,Mercado Maria Virginia Leite Franco,PRECOS-DE-VAREJO_MERCADO-CENTRAL-DE-ARACAJU_SEMANAL_9-E-11-MAR-2026-2.pdf
2026-03-11,2026,3,Marco,11,"03 Mar (9,11)",Origem animal,ACEM S/ OSSO,Kg,34.0,Mercado Maria Virginia Leite Franco,PRECOS-DE-VAREJO_MERCADO-CENTRAL-DE-ARACAJU_SEMANAL_9-E-11-MAR-2026-2.pdf
2026-03-11,2026,3,Marco,11,"03 Mar (9,11)",Origem animal,ALCATRA,Kg,40.0,Mercado Maria Virginia Leite Franco,PRECOS-DE-VAREJO_MERCADO-CENTRAL-DE-ARACAJU_SEMANAL_9-E-11-MAR-2026-2.pdf
2026-03-11,2026,3,Marco,11,"03 Mar (9,11)",Origem animal,CARNE SUINA TRASEIRA,Kg,23.0,Mercado Maria Virginia Leite Franco,PRECOS-DE-VAREJO_MERCADO-CENTRAL-DE-ARACAJU_SEMANAL_9-E-11-MAR-2026-2.pdf
2026-03-11,2026,3,Marco,11,"03 Mar (9,11)",Origem animal,CHA DE DENTRO (COXAO MOLE),Kg,40.0,Mercado Maria Virginia Leite Franco,PRECOS-DE-VAREJO_MERCADO-CENTRAL-DE-ARACAJU_SEMANAL_9-E-11-MAR-2026-2.pdf
2026-03-11,2026,3,Marco,11,"03 Mar (9,11)",Origem animal,CHA DE FORA (COXAO DURO),Kg,38.0,Mercado Maria Virginia Leite Franco,PRECOS-DE-VAREJO_MERCADO-CENTRAL-DE-ARACAJU_SEMANAL_9-E-11-MAR-2026-2.pdf
2026-03-11,2026,3,Marco,11,"03 Mar (9,11)",Origem animal,CONTRA FILE,Kg,42.0,Mercado Maria Virginia Leite Franco,PRECOS-DE-VAREJO_MERCADO-CENTRAL-DE-ARACAJU_SEMANAL_9-E-11-MAR-2026-2.pdf
2026-03-11,2026,3,Marco,11,"03 Mar (9,11)",Origem animal,COSTELA,Kg,20.0,Mercado Maria Virginia Leite Franco,PRECOS-DE-VAREJO_MERCADO-CENTRAL-DE-ARACAJU_SEMANAL_9-E-11-MAR-2026-2.pdf
2026-03-11,2026,3,Marco,11,"03 Mar (9,11)",Origem animal,FILE MIGNION,Kg,50.0,Mercado Maria Virginia Leite Franco,PRECOS-DE-VAREJO_MERCADO-CENTRAL-DE-ARACAJU_SEMANAL_9-E-11-MAR-2026-2.pdf
2026-03-11,2026,3,Marco,11,"03 Mar (9,11)",Origem animal,FRANGO DE GRANJA,Kg,16.0,Mercado Maria Virginia Leite Franco,PRECOS-DE-VAREJO_MERCADO-CENTRAL-DE-ARACAJU_SEMANAL_9-E-11-MAR-2026-2.pdf
2026-03-11,2026,3,Marco,11,"03 Mar (9,11)",Origem animal,MANTEIGA,Kg,38.0,Mercado Maria Virginia Leite Franco,PRECOS-DE-VAREJO_MERCADO-CENTRAL-DE-ARACAJU_SEMANAL_9-E-11-MAR-2026-2.pdf
2026-03-11,2026,3,Marco,11,"03 Mar (9,11)",Origem animal,MUSCULO,Kg,25.0,Mercado Maria Virginia Leite Franco,PRECOS-DE-VAREJO_MERCADO-CENTRAL-DE-ARACAJU_SEMANAL_9-E-11-MAR-2026-2.pdf
2026-03-11,2026,3,Marco,11,"03 Mar (9,11)",Origem animal,OVO BRANCO GRANDE,Dz,7.0,Mercado Maria Virginia Leite Franco,PRECOS-DE-VAREJO_MERCADO-CENTRAL-DE-ARACAJU_SEMANAL_9-E-11-MAR-2026-2.pdf
2026-03-11,2026,3,Marco,11,"03 Mar (9,11)",Origem animal,OVO VERMELHO GRANDE,Dz,8.0,Mercado Maria Virginia Leite Franco,PRECOS-DE-VAREJO_MERCADO-CENTRAL-DE-ARACAJU_SEMANAL_9-E-11-MAR-2026-2.pdf
2026-03-11,2026,3,Marco,11,"03 Mar (9,11)",Origem animal,PALETA C/ OSSO,Kg,24.0,Mercado Maria Virginia Leite Franco,PRECOS-DE-VAREJO_MERCADO-CENTRAL-DE-ARACAJU_SEMANAL_9-E-11-MAR-2026-2.pdf
2026-03-11,2026,3,Marco,11,"03 Mar (9,11)",Origem animal,PATINHO,Kg,38.0,Mercado Maria Virginia Leite Franco,PRECOS-DE-VAREJO_MERCADO-CENTRAL-DE-ARACAJU_SEMANAL_9-E-11-MAR-2026-2.pdf
2026-03-11,2026,3,Marco,11,"03 Mar (9,11)",Origem animal,PEITO C/ OSSO,Kg,23.0,Mercado Maria Virginia Leite Franco,PRECOS-DE-VAREJO_MERCADO-CENTRAL-DE-ARACAJU_SEMANAL_9-E-11-MAR-2026-2.pdf
2026-03-11,2026,3,Marco,11,"03 Mar (9,11)",Origem animal,QUEIJO COALHO,Kg,28.0,Mercado Maria Virginia Leite Franco,PRECOS-DE-VAREJO_MERCADO-CENTRAL-DE-ARACAJU_SEMANAL_9-E-11-MAR-2026-2.pdf
2026-03-11,2026,3,Marco,11,"03 Mar (9,11)",Origem vegetal,ABACAXI GRANDE,Um,7.0,Mercado Maria Virginia Leite Franco,PRECOS-DE-VAREJO_MERCADO-CENTRAL-DE-ARACAJU_SEMANAL_9-E-11-MAR-2026-2.pdf
2026-03-11,2026,3,Marco,11,"03 Mar (9,11)",Origem vegetal,ABOBORA,Kg,6.0,Mercado Maria Virginia Leite Franco,PRECOS-DE-VAREJO_MERCADO-CENTRAL-DE-ARACAJU_SEMANAL_9-E-11-MAR-2026-2.pdf
2026-03-11,2026,3,Marco,11,"03 Mar (9,11)",Origem vegetal,ABOBRINHA,Kg,4.0,Mercado Maria Virginia Leite Franco,PRECOS-DE-VAREJO_MERCADO-CENTRAL-DE-ARACAJU_SEMANAL_9-E-11-MAR-2026-2.pdf
2026-03-11,2026,3,Marco,11,"03 Mar (9,11)",Origem vegetal,ACEROLA,Kg,7.0,Mercado Maria Virginia Leite Franco,PRECOS-DE-VAREJO_MERCADO-CENTRAL-DE-ARACAJU_SEMANAL_9-E-11-MAR-2026-2.pdf
2026-03-11,2026,3,Marco,11,"03 Mar (9,11)",Origem vegetal,ALFACE,Pe,2.0,Mercado Maria Virginia Leite Franco,PRECOS-DE-VAREJO_MERCADO-CENTRAL-DE-ARACAJU_SEMANAL_9-E-11-MAR-2026-2.pdf
2026-03-11,2026,3,Marco,11,"03 Mar (9,11)",Origem vegetal,ALHO,Kg,2.5,Mercado Maria Virginia Leite Franco,PRECOS-DE-VAREJO_MERCADO-CENTRAL-DE-ARACAJU_SEMANAL_9-E-11-MAR-2026-2.pdf
2026-03-11,2026,3,Marco,11,"03 Mar (9,11)",Origem vegetal,AMENDOIM C/CASCA COZIDO,Kg,10.0,Mercado Maria Virginia Leite Franco,PRECOS-DE-VAREJO_MERCADO-CENTRAL-DE-ARACAJU_SEMANAL_9-E-11-MAR-2026-2.pdf
2026-03-11,2026,3,Marco,11,"03 Mar (9,11)",Origem vegetal,ARROZ AGULHA T 1,Kg,6.5,Mercado Maria Virginia Leite Franco,PRECOS-DE-VAREJO_MERCADO-CENTRAL-DE-ARACAJU_SEMANAL_9-E-11-MAR-2026-2.pdf
2026-03-11,2026,3,Marco,11,"03 Mar (9,11)",Origem vegetal,BANANA PRATA,Dz,5.0,Mercado Maria Virginia Leite Franco,PRECOS-DE-VAREJO_MERCADO-CENTRAL-DE-ARACAJU_SEMANAL_9-E-11-MAR-2026-2.pdf
2026-03-11,2026,3,Marco,11,"03 Mar (9,11)",Origem vegetal,BATATA DOCE,Kg,4.0,Mercado Maria Virginia Leite Franco,PRECOS-DE-VAREJO_MERCADO-CENTRAL-DE-ARACAJU_SEMANAL_9-E-11-MAR-2026-2.pdf
2026-03-11,2026,3,Marco,11,"03 Mar (9,11)",Origem vegetal,BATATA LISA,Kg,7.0,Mercado Maria Virginia Leite Franco,PRECOS-DE-VAREJO_MERCADO-CENTRAL-DE-ARACAJU_SEMANAL_9-E-11-MAR-2026-2.pdf
2026-03-11,2026,3,Marco,11,"03 Mar (9,11)",Origem vegetal,BETERRABA,Kg,6.0,Mercado Maria Virginia Leite Franco,PRECOS-DE-VAREJO_MERCADO-CENTRAL-DE-ARACAJU_SEMANAL_9-E-11-MAR-2026-2.pdf
2026-03-11,2026,3,Marco,11,"03 Mar (9,11)",Origem vegetal,CAJU,Kg,1.0,Mercado Maria Virginia Leite Franco,PRECOS-DE-VAREJO_MERCADO-CENTRAL-DE-ARACAJU_SEMANAL_9-E-11-MAR-2026-2.pdf
2026-03-11,2026,3,Marco,11,"03 Mar (9,11)",Origem vegetal,CEBOLA BRANCA,Kg,5.0,Mercado Maria Virginia Leite Franco,PRECOS-DE-VAREJO_MERCADO-CENTRAL-DE-ARACAJU_SEMANAL_9-E-11-MAR-2026-2.pdf
2026-03-11,2026,3,Marco,11,"03 Mar (9,11)",Origem vegetal,CEBOLA ROXA,Kg,6.0,Mercado Maria Virginia Leite Franco,PRECOS-DE-VAREJO_MERCADO-CENTRAL-DE-ARACAJU_SEMANAL_9-E-11-MAR-2026-2.pdf
2026-03-11,2026,3,Marco,11,"03 Mar (9,11)",Origem vegetal,CEBOLINHA,Molho,2.0,Mercado Maria Virginia Leite Franco,PRECOS-DE-VAREJO_MERCADO-CENTRAL-DE-ARACAJU_SEMANAL_9-E-11-MAR-2026-2.pdf
2026-03-11,2026,3,Marco,11,"03 Mar (9,11)",Origem vegetal,CENOURA,Kg,5.0,Mercado Maria Virginia Leite Franco,PRECOS-DE-VAREJO_MERCADO-CENTRAL-DE-ARACAJU_SEMANAL_9-E-11-MAR-2026-2.pdf
2026-03-11,2026,3,Marco,11,"03 Mar (9,11)",Origem vegetal,CHUCHU,Um,2.0,Mercado Maria Virginia Leite Franco,PRECOS-DE-VAREJO_MERCADO-CENTRAL-DE-ARACAJU_SEMANAL_9-E-11-MAR-2026-2.pdf
2026-03-11,2026,3,Marco,11,"03 Mar (9,11)",Origem vegetal,COCO SECO,Um,7.0,Mercado Maria Virginia Leite Franco,PRECOS-DE-VAREJO_MERCADO-CENTRAL-DE-ARACAJU_SEMANAL_9-E-11-MAR-2026-2.pdf
2026-03-11,2026,3,Marco,11,"03 Mar (9,11)",Origem vegetal,COCO VERDE,Um,5.0,Mercado Maria Virginia Leite Franco,PRECOS-DE-VAREJO_MERCADO-CENTRAL-DE-ARACAJU_SEMANAL_9-E-11-MAR-2026-2.pdf
2026-03-11,2026,3,Marco,11,"03 Mar (9,11)",Origem vegetal,COENTRO,Molho,2.0,Mercado Maria Virginia Leite Franco,PRECOS-DE-VAREJO_MERCADO-CENTRAL-DE-ARACAJU_SEMANAL_9-E-11-MAR-2026-2.pdf
2026-03-11,2026,3,Marco,11,"03 Mar (9,11)",Origem vegetal,COUVE,Molho,2.0,Mercado Maria Virginia Leite Franco,PRECOS-DE-VAREJO_MERCADO-CENTRAL-DE-ARACAJU_SEMANAL_9-E-11-MAR-2026-2.pdf
2026-03-11,2026,3,Marco,11,"03 Mar (9,11)",Origem vegetal,COUVE-FLOR,Kg,13.0,Mercado Maria Virginia Leite Franco,PRECOS-DE-VAREJO_MERCADO-CENTRAL-DE-ARACAJU_SEMANAL_9-E-11-MAR-2026-2.pdf
2026-03-11,2026,3,Marco,11,"03 Mar (9,11)",Origem vegetal,FARINHA DE MANDIOCA,Kg,6.0,Mercado Maria Virginia Leite Franco,PRECOS-DE-VAREJO_MERCADO-CENTRAL-DE-ARACAJU_SEMANAL_9-E-11-MAR-2026-2.pdf
2026-03-11,2026,3,Marco,11,"03 Mar (9,11)",Origem vegetal,FEIJAO CARIOQUINHA,Kg,7.0,Mercado Maria Virginia Leite Franco,PRECOS-DE-VAREJO_MERCADO-CENTRAL-DE-ARACAJU_SEMANAL_9-E-11-MAR-2026-2.pdf
2026-03-11,2026,3,Marco,11,"03 Mar (9,11)",Origem vegetal,GOIABA VERMELHA,Kg,4.0,Mercado Maria Virginia Leite Franco,PRECOS-DE-VAREJO_MERCADO-CENTRAL-DE-ARACAJU_SEMANAL_9-E-11-MAR-2026-2.pdf
2026-03-11,2026,3,Marco,11,"03 Mar (9,11)",Origem vegetal,INHAME DA COSTA,Kg,12.0,Mercado Maria Virginia Leite Franco,PRECOS-DE-VAREJO_MERCADO-CENTRAL-DE-ARACAJU_SEMANAL_9-E-11-MAR-2026-2.pdf
2026-03-11,2026,3,Marco,11,"03 Mar (9,11)",Origem vegetal,LARANJA PERA,Uma,0.7,Mercado Maria Virginia Leite Franco,PRECOS-DE-VAREJO_MERCADO-CENTRAL-DE-ARACAJU_SEMANAL_9-E-11-MAR-2026-2.pdf
2026-03-11,2026,3,Marco,11,"03 Mar (9,11)",Origem vegetal,LIMAO TAITI,Kg,4.0,Mercado Maria Virginia Leite Franco,PRECOS-DE-VAREJO_MERCADO-CENTRAL-DE-ARACAJU_SEMANAL_9-E-11-MAR-2026-2.pdf
2026-03-11,2026,3,Marco,11,"03 Mar (9,11)",Origem vegetal,MACA NACIONAL,Kg,12.0,Mercado Maria Virginia Leite Franco,PRECOS-DE-VAREJO_MERCADO-CENTRAL-DE-ARACAJU_SEMANAL_9-E-11-MAR-2026-2.pdf
2026-03-11,2026,3,Marco,11,"03 Mar (9,11)",Origem vegetal,MACAXEIRA (AIPIM),Kg,3.0,Mercado Maria Virginia Leite Franco,PRECOS-DE-VAREJO_MERCADO-CENTRAL-DE-ARACAJU_SEMANAL_9-E-11-MAR-2026-2.pdf
2026-03-11,2026,3,Marco,11,"03 Mar (9,11)",Origem vegetal,MAMAO FORMOSA,Kg,3.0,Mercado Maria Virginia Leite Franco,PRECOS-DE-VAREJO_MERCADO-CENTRAL-DE-ARACAJU_SEMANAL_9-E-11-MAR-2026-2.pdf
2026-03-11,2026,3,Marco,11,"03 Mar (9,11)",Origem vegetal,MAMAO HAWAY,Kg,4.0,Mercado Maria Virginia Leite Franco,PRECOS-DE-VAREJO_MERCADO-CENTRAL-DE-ARACAJU_SEMANAL_9-E-11-MAR-2026-2.pdf
2026-03-11,2026,3,Marco,11,"03 Mar (9,11)",Origem vegetal,MANGA TOMMY,Kg,4.0,Mercado Maria Virginia Leite Franco,PRECOS-DE-VAREJO_MERCADO-CENTRAL-DE-ARACAJU_SEMANAL_9-E-11-MAR-2026-2.pdf
2026-03-11,2026,3,Marco,11,"03 Mar (9,11)",Origem vegetal,MARACUJA,Kg,7.0,Mercado Maria Virginia Leite Franco,PRECOS-DE-VAREJO_MERCADO-CENTRAL-DE-ARACAJU_SEMANAL_9-E-11-MAR-2026-2.pdf
2026-03-11,2026,3,Marco,11,"03 Mar (9,11)",Origem vegetal,MAXIXE,Kg,7.0,Mercado Maria Virginia Leite Franco,PRECOS-DE-VAREJO_MERCADO-CENTRAL-DE-ARACAJU_SEMANAL_9-E-11-MAR-2026-2.pdf
2026-03-11,2026,3,Marco,11,"03 Mar (9,11)",Origem vegetal,MELANCIA,Kg,1.5,Mercado Maria Virginia Leite Franco,PRECOS-DE-VAREJO_MERCADO-CENTRAL-DE-ARACAJU_SEMANAL_9-E-11-MAR-2026-2.pdf
2026-03-11,2026,3,Marco,11,"03 Mar (9,11)",Origem vegetal,MELAO ESPANHOL,Kg,4.0,Mercado Maria Virginia Leite Franco,PRECOS-DE-VAREJO_MERCADO-CENTRAL-DE-ARACAJU_SEMANAL_9-E-11-MAR-2026-2.pdf
2026-03-11,2026,3,Marco,11,"03 Mar (9,11)",Origem vegetal,MILHO EM GRAO,Kg,2.0,Mercado Maria Virginia Leite Franco,PRECOS-DE-VAREJO_MERCADO-CENTRAL-DE-ARACAJU_SEMANAL_9-E-11-MAR-2026-2.pdf
2026-03-11,2026,3,Marco,11,"03 Mar (9,11)",Origem vegetal,MILHO VERDE,Espiga,1.0,Mercado Maria Virginia Leite Franco,PRECOS-DE-VAREJO_MERCADO-CENTRAL-DE-ARACAJU_SEMANAL_9-E-11-MAR-2026-2.pdf
2026-03-11,2026,3,Marco,11,"03 Mar (9,11)",Origem vegetal,MORANGO,"Cx 0,3Kg",7.0,Mercado Maria Virginia Leite Franco,PRECOS-DE-VAREJO_MERCADO-CENTRAL-DE-ARACAJU_SEMANAL_9-E-11-MAR-2026-2.pdf
2026-03-11,2026,3,Marco,11,"03 Mar (9,11)",Origem vegetal,PIMENTAO VERDE,Um,2.0,Mercado Maria Virginia Leite Franco,PRECOS-DE-VAREJO_MERCADO-CENTRAL-DE-ARACAJU_SEMANAL_9-E-11-MAR-2026-2.pdf
2026-03-11,2026,3,Marco,11,"03 Mar (9,11)",Origem vegetal,QUIABO,Cento,20.0,Mercado Maria Virginia Leite Franco,PRECOS-DE-VAREJO_MERCADO-CENTRAL-DE-ARACAJU_SEMANAL_9-E-11-MAR-2026-2.pdf
2026-03-11,2026,3,Marco,11,"03 Mar (9,11)",Origem vegetal,REPOLHO VERDE,Kg,5.0,Mercado Maria Virginia Leite Franco,PRECOS-DE-VAREJO_MERCADO-CENTRAL-DE-ARACAJU_SEMANAL_9-E-11-MAR-2026-2.pdf
2026-03-11,2026,3,Marco,11,"03 Mar (9,11)",Origem vegetal,TOMATE,Kg,5.0,Mercado Maria Virginia Leite Franco,PRECOS-DE-VAREJO_MERCADO-CENTRAL-DE-ARACAJU_SEMANAL_9-E-11-MAR-2026-2.pdf
2026-03-11,2026,3,Marco,11,"03 Mar (9,11)",Origem vegetal,UVA SEM SEMENTE,Kg,12.0,Mercado Maria Virginia Leite Franco,PRECOS-DE-VAREJO_MERCADO-CENTRAL-DE-ARACAJU_SEMANAL_9-E-11-MAR-2026-2.pdf
2026-03-11,2026,3,Marco,11,"03 Mar (9,11)",Origem vegetal,VAGEM,Kg,18.0,Mercado Maria Virginia Leite Franco,PRECOS-DE-VAREJO_MERCADO-CENTRAL-DE-ARACAJU_SEMANAL_9-E-11-MAR-2026-2.pdf
2026-03-16,2026,3,Marco,16,"03 Mar (16,18)",Origem animal,ACEM C/ OSSO,Kg,25.0,Mercado Maria Virginia Leite Franco,PRECOS-DE-VAREJO_MERCADO-CENTRAL-DE-ARACAJU_SEMANAL_16-E-18-MAR-2026-3.pdf
2026-03-16,2026,3,Marco,16,"03 Mar (16,18)",Origem animal,ACEM S/ OSSO,Kg,34.0,Mercado Maria Virginia Leite Franco,PRECOS-DE-VAREJO_MERCADO-CENTRAL-DE-ARACAJU_SEMANAL_16-E-18-MAR-2026-3.pdf
2026-03-16,2026,3,Marco,16,"03 Mar (16,18)",Origem animal,ALCATRA,Kg,40.0,Mercado Maria Virginia Leite Franco,PRECOS-DE-VAREJO_MERCADO-CENTRAL-DE-ARACAJU_SEMANAL_16-E-18-MAR-2026-3.pdf
2026-03-16,2026,3,Marco,16,"03 Mar (16,18)",Origem animal,CARNE SUINA TRASEIRA,Kg,23.0,Mercado Maria Virginia Leite Franco,PRECOS-DE-VAREJO_MERCADO-CENTRAL-DE-ARACAJU_SEMANAL_16-E-18-MAR-2026-3.pdf
2026-03-16,2026,3,Marco,16,"03 Mar (16,18)",Origem animal,CHA DE DENTRO (COXAO MOLE),Kg,40.0,Mercado Maria Virginia Leite Franco,PRECOS-DE-VAREJO_MERCADO-CENTRAL-DE-ARACAJU_SEMANAL_16-E-18-MAR-2026-3.pdf
2026-03-16,2026,3,Marco,16,"03 Mar (16,18)",Origem animal,CHA DE FORA (COXAO DURO),Kg,38.0,Mercado Maria Virginia Leite Franco,PRECOS-DE-VAREJO_MERCADO-CENTRAL-DE-ARACAJU_SEMANAL_16-E-18-MAR-2026-3.pdf
2026-03-16,2026,3,Marco,16,"03 Mar (16,18)",Origem animal,CONTRA FILE,Kg,42.0,Mercado Maria Virginia Leite Franco,PRECOS-DE-VAREJO_MERCADO-CENTRAL-DE-ARACAJU_SEMANAL_16-E-18-MAR-2026-3.pdf
2026-03-16,2026,3,Marco,16,"03 Mar (16,18)",Origem animal,COSTELA,Kg,20.0,Mercado Maria Virginia Leite Franco,PRECOS-DE-VAREJO_MERCADO-CENTRAL-DE-ARACAJU_SEMANAL_16-E-18-MAR-2026-3.pdf
2026-03-16,2026,3,Marco,16,"03 Mar (16,18)",Origem animal,FILE MIGNION,Kg,50.0,Mercado Maria Virginia Leite Franco,PRECOS-DE-VAREJO_MERCADO-CENTRAL-DE-ARACAJU_SEMANAL_16-E-18-MAR-2026-3.pdf
2026-03-16,2026,3,Marco,16,"03 Mar (16,18)",Origem animal,FRANGO DE GRANJA,Kg,16.0,Mercado Maria Virginia Leite Franco,PRECOS-DE-VAREJO_MERCADO-CENTRAL-DE-ARACAJU_SEMANAL_16-E-18-MAR-2026-3.pdf
2026-03-16,2026,3,Marco,16,"03 Mar (16,18)",Origem animal,MANTEIGA,Kg,38.0,Mercado Maria Virginia Leite Franco,PRECOS-DE-VAREJO_MERCADO-CENTRAL-DE-ARACAJU_SEMANAL_16-E-18-MAR-2026-3.pdf
2026-03-16,2026,3,Marco,16,"03 Mar (16,18)",Origem animal,MUSCULO,Kg,25.0,Mercado Maria Virginia Leite Franco,PRECOS-DE-VAREJO_MERCADO-CENTRAL-DE-ARACAJU_SEMANAL_16-E-18-MAR-2026-3.pdf
2026-03-16,2026,3,Marco,16,"03 Mar (16,18)",Origem animal,OVO BRANCO GRANDE,Dz,7.0,Mercado Maria Virginia Leite Franco,PRECOS-DE-VAREJO_MERCADO-CENTRAL-DE-ARACAJU_SEMANAL_16-E-18-MAR-2026-3.pdf
2026-03-16,2026,3,Marco,16,"03 Mar (16,18)",Origem animal,OVO VERMELHO GRANDE,Dz,8.0,Mercado Maria Virginia Leite Franco,PRECOS-DE-VAREJO_MERCADO-CENTRAL-DE-ARACAJU_SEMANAL_16-E-18-MAR-2026-3.pdf
2026-03-16,2026,3,Marco,16,"03 Mar (16,18)",Origem animal,PALETA C/ OSSO,Kg,24.0,Mercado Maria Virginia Leite Franco,PRECOS-DE-VAREJO_MERCADO-CENTRAL-DE-ARACAJU_SEMANAL_16-E-18-MAR-2026-3.pdf
2026-03-16,2026,3,Marco,16,"03 Mar (16,18)",Origem animal,PATINHO,Kg,38.0,Mercado Maria Virginia Leite Franco,PRECOS-DE-VAREJO_MERCADO-CENTRAL-DE-ARACAJU_SEMANAL_16-E-18-MAR-2026-3.pdf
2026-03-16,2026,3,Marco,16,"03 Mar (16,18)",Origem animal,PEITO C/ OSSO,Kg,23.0,Mercado Maria Virginia Leite Franco,PRECOS-DE-VAREJO_MERCADO-CENTRAL-DE-ARACAJU_SEMANAL_16-E-18-MAR-2026-3.pdf
2026-03-16,2026,3,Marco,16,"03 Mar (16,18)",Origem animal,QUEIJO COALHO,Kg,28.0,Mercado Maria Virginia Leite Franco,PRECOS-DE-VAREJO_MERCADO-CENTRAL-DE-ARACAJU_SEMANAL_16-E-18-MAR-2026-3.pdf
2026-03-16,2026,3,Marco,16,"03 Mar (16,18)",Origem vegetal,ABACAXI GRANDE,Um,7.0,Mercado Maria Virginia Leite Franco,PRECOS-DE-VAREJO_MERCADO-CENTRAL-DE-ARACAJU_SEMANAL_16-E-18-MAR-2026-3.pdf
2026-03-16,2026,3,Marco,16,"03 Mar (16,18)",Origem vegetal,ABOBORA,Kg,6.0,Mercado Maria Virginia Leite Franco,PRECOS-DE-VAREJO_MERCADO-CENTRAL-DE-ARACAJU_SEMANAL_16-E-18-MAR-2026-3.pdf
2026-03-16,2026,3,Marco,16,"03 Mar (16,18)",Origem vegetal,ABOBRINHA,Kg,4.0,Mercado Maria Virginia Leite Franco,PRECOS-DE-VAREJO_MERCADO-CENTRAL-DE-ARACAJU_SEMANAL_16-E-18-MAR-2026-3.pdf
2026-03-16,2026,3,Marco,16,"03 Mar (16,18)",Origem vegetal,ACEROLA,Kg,7.0,Mercado Maria Virginia Leite Franco,PRECOS-DE-VAREJO_MERCADO-CENTRAL-DE-ARACAJU_SEMANAL_16-E-18-MAR-2026-3.pdf
2026-03-16,2026,3,Marco,16,"03 Mar (16,18)",Origem vegetal,ALFACE,Pe,2.0,Mercado Maria Virginia Leite Franco,PRECOS-DE-VAREJO_MERCADO-CENTRAL-DE-ARACAJU_SEMANAL_16-E-18-MAR-2026-3.pdf
2026-03-16,2026,3,Marco,16,"03 Mar (16,18)",Origem vegetal,ALHO,Kg,2.5,Mercado Maria Virginia Leite Franco,PRECOS-DE-VAREJO_MERCADO-CENTRAL-DE-ARACAJU_SEMANAL_16-E-18-MAR-2026-3.pdf
2026-03-16,2026,3,Marco,16,"03 Mar (16,18)",Origem vegetal,AMENDOIM C/CASCA COZIDO,Kg,10.0,Mercado Maria Virginia Leite Franco,PRECOS-DE-VAREJO_MERCADO-CENTRAL-DE-ARACAJU_SEMANAL_16-E-18-MAR-2026-3.pdf
2026-03-16,2026,3,Marco,16,"03 Mar (16,18)",Origem vegetal,ARROZ AGULHA T 1,Kg,6.5,Mercado Maria Virginia Leite Franco,PRECOS-DE-VAREJO_MERCADO-CENTRAL-DE-ARACAJU_SEMANAL_16-E-18-MAR-2026-3.pdf
2026-03-16,2026,3,Marco,16,"03 Mar (16,18)",Origem vegetal,BANANA PRATA,Dz,5.0,Mercado Maria Virginia Leite Franco,PRECOS-DE-VAREJO_MERCADO-CENTRAL-DE-ARACAJU_SEMANAL_16-E-18-MAR-2026-3.pdf
2026-03-16,2026,3,Marco,16,"03 Mar (16,18)",Origem vegetal,BATATA DOCE,Kg,4.0,Mercado Maria Virginia Leite Franco,PRECOS-DE-VAREJO_MERCADO-CENTRAL-DE-ARACAJU_SEMANAL_16-E-18-MAR-2026-3.pdf
2026-03-16,2026,3,Marco,16,"03 Mar (16,18)",Origem vegetal,BATATA LISA,Kg,6.0,Mercado Maria Virginia Leite Franco,PRECOS-DE-VAREJO_MERCADO-CENTRAL-DE-ARACAJU_SEMANAL_16-E-18-MAR-2026-3.pdf
2026-03-16,2026,3,Marco,16,"03 Mar (16,18)",Origem vegetal,BETERRABA,Kg,6.0,Mercado Maria Virginia Leite Franco,PRECOS-DE-VAREJO_MERCADO-CENTRAL-DE-ARACAJU_SEMANAL_16-E-18-MAR-2026-3.pdf
2026-03-16,2026,3,Marco,16,"03 Mar (16,18)",Origem vegetal,CAJU,Kg,1.0,Mercado Maria Virginia Leite Franco,PRECOS-DE-VAREJO_MERCADO-CENTRAL-DE-ARACAJU_SEMANAL_16-E-18-MAR-2026-3.pdf
2026-03-16,2026,3,Marco,16,"03 Mar (16,18)",Origem vegetal,CEBOLA BRANCA,Kg,5.0,Mercado Maria Virginia Leite Franco,PRECOS-DE-VAREJO_MERCADO-CENTRAL-DE-ARACAJU_SEMANAL_16-E-18-MAR-2026-3.pdf
2026-03-16,2026,3,Marco,16,"03 Mar (16,18)",Origem vegetal,CEBOLA ROXA,Kg,6.0,Mercado Maria Virginia Leite Franco,PRECOS-DE-VAREJO_MERCADO-CENTRAL-DE-ARACAJU_SEMANAL_16-E-18-MAR-2026-3.pdf
2026-03-16,2026,3,Marco,16,"03 Mar (16,18)",Origem vegetal,CEBOLINHA,Molho,2.0,Mercado Maria Virginia Leite Franco,PRECOS-DE-VAREJO_MERCADO-CENTRAL-DE-ARACAJU_SEMANAL_16-E-18-MAR-2026-3.pdf
2026-03-16,2026,3,Marco,16,"03 Mar (16,18)",Origem vegetal,CENOURA,Kg,5.0,Mercado Maria Virginia Leite Franco,PRECOS-DE-VAREJO_MERCADO-CENTRAL-DE-ARACAJU_SEMANAL_16-E-18-MAR-2026-3.pdf
2026-03-16,2026,3,Marco,16,"03 Mar (16,18)",Origem vegetal,CHUCHU,Um,2.0,Mercado Maria Virginia Leite Franco,PRECOS-DE-VAREJO_MERCADO-CENTRAL-DE-ARACAJU_SEMANAL_16-E-18-MAR-2026-3.pdf
2026-03-16,2026,3,Marco,16,"03 Mar (16,18)",Origem vegetal,COCO SECO,Um,7.0,Mercado Maria Virginia Leite Franco,PRECOS-DE-VAREJO_MERCADO-CENTRAL-DE-ARACAJU_SEMANAL_16-E-18-MAR-2026-3.pdf
2026-03-16,2026,3,Marco,16,"03 Mar (16,18)",Origem vegetal,COCO VERDE,Um,5.0,Mercado Maria Virginia Leite Franco,PRECOS-DE-VAREJO_MERCADO-CENTRAL-DE-ARACAJU_SEMANAL_16-E-18-MAR-2026-3.pdf
2026-03-16,2026,3,Marco,16,"03 Mar (16,18)",Origem vegetal,COENTRO,Molho,2.0,Mercado Maria Virginia Leite Franco,PRECOS-DE-VAREJO_MERCADO-CENTRAL-DE-ARACAJU_SEMANAL_16-E-18-MAR-2026-3.pdf
2026-03-16,2026,3,Marco,16,"03 Mar (16,18)",Origem vegetal,COUVE,Molho,2.0,Mercado Maria Virginia Leite Franco,PRECOS-DE-VAREJO_MERCADO-CENTRAL-DE-ARACAJU_SEMANAL_16-E-18-MAR-2026-3.pdf
2026-03-16,2026,3,Marco,16,"03 Mar (16,18)",Origem vegetal,COUVE-FLOR,Kg,13.0,Mercado Maria Virginia Leite Franco,PRECOS-DE-VAREJO_MERCADO-CENTRAL-DE-ARACAJU_SEMANAL_16-E-18-MAR-2026-3.pdf
2026-03-16,2026,3,Marco,16,"03 Mar (16,18)",Origem vegetal,FARINHA DE MANDIOCA,Kg,6.0,Mercado Maria Virginia Leite Franco,PRECOS-DE-VAREJO_MERCADO-CENTRAL-DE-ARACAJU_SEMANAL_16-E-18-MAR-2026-3.pdf
2026-03-16,2026,3,Marco,16,"03 Mar (16,18)",Origem vegetal,FEIJAO CARIOQUINHA,Kg,7.0,Mercado Maria Virginia Leite Franco,PRECOS-DE-VAREJO_MERCADO-CENTRAL-DE-ARACAJU_SEMANAL_16-E-18-MAR-2026-3.pdf
2026-03-16,2026,3,Marco,16,"03 Mar (16,18)",Origem vegetal,GOIABA VERMELHA,Kg,4.0,Mercado Maria Virginia Leite Franco,PRECOS-DE-VAREJO_MERCADO-CENTRAL-DE-ARACAJU_SEMANAL_16-E-18-MAR-2026-3.pdf
2026-03-16,2026,3,Marco,16,"03 Mar (16,18)",Origem vegetal,INHAME DA COSTA,Kg,12.0,Mercado Maria Virginia Leite Franco,PRECOS-DE-VAREJO_MERCADO-CENTRAL-DE-ARACAJU_SEMANAL_16-E-18-MAR-2026-3.pdf
2026-03-16,2026,3,Marco,16,"03 Mar (16,18)",Origem vegetal,LARANJA PERA,Uma,0.7,Mercado Maria Virginia Leite Franco,PRECOS-DE-VAREJO_MERCADO-CENTRAL-DE-ARACAJU_SEMANAL_16-E-18-MAR-2026-3.pdf
2026-03-16,2026,3,Marco,16,"03 Mar (16,18)",Origem vegetal,LIMAO TAITI,Kg,4.0,Mercado Maria Virginia Leite Franco,PRECOS-DE-VAREJO_MERCADO-CENTRAL-DE-ARACAJU_SEMANAL_16-E-18-MAR-2026-3.pdf
2026-03-16,2026,3,Marco,16,"03 Mar (16,18)",Origem vegetal,MACA NACIONAL,Kg,12.0,Mercado Maria Virginia Leite Franco,PRECOS-DE-VAREJO_MERCADO-CENTRAL-DE-ARACAJU_SEMANAL_16-E-18-MAR-2026-3.pdf
2026-03-16,2026,3,Marco,16,"03 Mar (16,18)",Origem vegetal,MACAXEIRA (AIPIM),Kg,3.0,Mercado Maria Virginia Leite Franco,PRECOS-DE-VAREJO_MERCADO-CENTRAL-DE-ARACAJU_SEMANAL_16-E-18-MAR-2026-3.pdf
2026-03-16,2026,3,Marco,16,"03 Mar (16,18)",Origem vegetal,MAMAO FORMOSA,Kg,3.0,Mercado Maria Virginia Leite Franco,PRECOS-DE-VAREJO_MERCADO-CENTRAL-DE-ARACAJU_SEMANAL_16-E-18-MAR-2026-3.pdf
2026-03-16,2026,3,Marco,16,"03 Mar (16,18)",Origem vegetal,MAMAO HAWAY,Kg,4.0,Mercado Maria Virginia Leite Franco,PRECOS-DE-VAREJO_MERCADO-CENTRAL-DE-ARACAJU_SEMANAL_16-E-18-MAR-2026-3.pdf
2026-03-16,2026,3,Marco,16,"03 Mar (16,18)",Origem vegetal,MANGA TOMMY,Kg,4.0,Mercado Maria Virginia Leite Franco,PRECOS-DE-VAREJO_MERCADO-CENTRAL-DE-ARACAJU_SEMANAL_16-E-18-MAR-2026-3.pdf
2026-03-16,2026,3,Marco,16,"03 Mar (16,18)",Origem vegetal,MARACUJA,Kg,7.0,Mercado Maria Virginia Leite Franco,PRECOS-DE-VAREJO_MERCADO-CENTRAL-DE-ARACAJU_SEMANAL_16-E-18-MAR-2026-3.pdf
2026-03-16,2026,3,Marco,16,"03 Mar (16,18)",Origem vegetal,MAXIXE,Kg,7.0,Mercado Maria Virginia Leite Franco,PRECOS-DE-VAREJO_MERCADO-CENTRAL-DE-ARACAJU_SEMANAL_16-E-18-MAR-2026-3.pdf
2026-03-16,2026,3,Marco,16,"03 Mar (16,18)",Origem vegetal,MELANCIA,Kg,1.5,Mercado Maria Virginia Leite Franco,PRECOS-DE-VAREJO_MERCADO-CENTRAL-DE-ARACAJU_SEMANAL_16-E-18-MAR-2026-3.pdf
2026-03-16,2026,3,Marco,16,"03 Mar (16,18)",Origem vegetal,MELAO ESPANHOL,Kg,4.0,Mercado Maria Virginia Leite Franco,PRECOS-DE-VAREJO_MERCADO-CENTRAL-DE-ARACAJU_SEMANAL_16-E-18-MAR-2026-3.pdf
2026-03-16,2026,3,Marco,16,"03 Mar (16,18)",Origem vegetal,MILHO EM GRAO,Kg,2.0,Mercado Maria Virginia Leite Franco,PRECOS-DE-VAREJO_MERCADO-CENTRAL-DE-ARACAJU_SEMANAL_16-E-18-MAR-2026-3.pdf
2026-03-16,2026,3,Marco,16,"03 Mar (16,18)",Origem vegetal,MILHO VERDE,Espiga,1.0,Mercado Maria Virginia Leite Franco,PRECOS-DE-VAREJO_MERCADO-CENTRAL-DE-ARACAJU_SEMANAL_16-E-18-MAR-2026-3.pdf
2026-03-16,2026,3,Marco,16,"03 Mar (16,18)",Origem vegetal,MORANGO,"Cx 0,3Kg",7.0,Mercado Maria Virginia Leite Franco,PRECOS-DE-VAREJO_MERCADO-CENTRAL-DE-ARACAJU_SEMANAL_16-E-18-MAR-2026-3.pdf
2026-03-16,2026,3,Marco,16,"03 Mar (16,18)",Origem vegetal,PIMENTAO VERDE,Um,2.0,Mercado Maria Virginia Leite Franco,PRECOS-DE-VAREJO_MERCADO-CENTRAL-DE-ARACAJU_SEMANAL_16-E-18-MAR-2026-3.pdf
2026-03-16,2026,3,Marco,16,"03 Mar (16,18)",Origem vegetal,QUIABO,Cento,20.0,Mercado Maria Virginia Leite Franco,PRECOS-DE-VAREJO_MERCADO-CENTRAL-DE-ARACAJU_SEMANAL_16-E-18-MAR-2026-3.pdf
2026-03-16,2026,3,Marco,16,"03 Mar (16,18)",Origem vegetal,REPOLHO VERDE,Kg,5.0,Mercado Maria Virginia Leite Franco,PRECOS-DE-VAREJO_MERCADO-CENTRAL-DE-ARACAJU_SEMANAL_16-E-18-MAR-2026-3.pdf
2026-03-16,2026,3,Marco,16,"03 Mar (16,18)",Origem vegetal,TOMATE,Kg,5.0,Mercado Maria Virginia Leite Franco,PRECOS-DE-VAREJO_MERCADO-CENTRAL-DE-ARACAJU_SEMANAL_16-E-18-MAR-2026-3.pdf
2026-03-16,2026,3,Marco,16,"03 Mar (16,18)",Origem vegetal,UVA SEM SEMENTE,Kg,12.0,Mercado Maria Virginia Leite Franco,PRECOS-DE-VAREJO_MERCADO-CENTRAL-DE-ARACAJU_SEMANAL_16-E-18-MAR-2026-3.pdf
2026-03-16,2026,3,Marco,16,"03 Mar (16,18)",Origem vegetal,VAGEM,Kg,18.0,Mercado Maria Virginia Leite Franco,PRECOS-DE-VAREJO_MERCADO-CENTRAL-DE-ARACAJU_SEMANAL_16-E-18-MAR-2026-3.pdf
2026-03-18,2026,3,Marco,18,"03 Mar (16,18)",Origem animal,ACEM C/ OSSO,Kg,25.0,Mercado Maria Virginia Leite Franco,PRECOS-DE-VAREJO_MERCADO-CENTRAL-DE-ARACAJU_SEMANAL_16-E-18-MAR-2026-3.pdf
2026-03-18,2026,3,Marco,18,"03 Mar (16,18)",Origem animal,ACEM S/ OSSO,Kg,34.0,Mercado Maria Virginia Leite Franco,PRECOS-DE-VAREJO_MERCADO-CENTRAL-DE-ARACAJU_SEMANAL_16-E-18-MAR-2026-3.pdf
2026-03-18,2026,3,Marco,18,"03 Mar (16,18)",Origem animal,ALCATRA,Kg,40.0,Mercado Maria Virginia Leite Franco,PRECOS-DE-VAREJO_MERCADO-CENTRAL-DE-ARACAJU_SEMANAL_16-E-18-MAR-2026-3.pdf
2026-03-18,2026,3,Marco,18,"03 Mar (16,18)",Origem animal,CARNE SUINA TRASEIRA,Kg,23.0,Mercado Maria Virginia Leite Franco,PRECOS-DE-VAREJO_MERCADO-CENTRAL-DE-ARACAJU_SEMANAL_16-E-18-MAR-2026-3.pdf
2026-03-18,2026,3,Marco,18,"03 Mar (16,18)",Origem animal,CHA DE DENTRO (COXAO MOLE),Kg,40.0,Mercado Maria Virginia Leite Franco,PRECOS-DE-VAREJO_MERCADO-CENTRAL-DE-ARACAJU_SEMANAL_16-E-18-MAR-2026-3.pdf
2026-03-18,2026,3,Marco,18,"03 Mar (16,18)",Origem animal,CHA DE FORA (COXAO DURO),Kg,38.0,Mercado Maria Virginia Leite Franco,PRECOS-DE-VAREJO_MERCADO-CENTRAL-DE-ARACAJU_SEMANAL_16-E-18-MAR-2026-3.pdf
2026-03-18,2026,3,Marco,18,"03 Mar (16,18)",Origem animal,CONTRA FILE,Kg,42.0,Mercado Maria Virginia Leite Franco,PRECOS-DE-VAREJO_MERCADO-CENTRAL-DE-ARACAJU_SEMANAL_16-E-18-MAR-2026-3.pdf
2026-03-18,2026,3,Marco,18,"03 Mar (16,18)",Origem animal,COSTELA,Kg,20.0,Mercado Maria Virginia Leite Franco,PRECOS-DE-VAREJO_MERCADO-CENTRAL-DE-ARACAJU_SEMANAL_16-E-18-MAR-2026-3.pdf
2026-03-18,2026,3,Marco,18,"03 Mar (16,18)",Origem animal,FILE MIGNION,Kg,50.0,Mercado Maria Virginia Leite Franco,PRECOS-DE-VAREJO_MERCADO-CENTRAL-DE-ARACAJU_SEMANAL_16-E-18-MAR-2026-3.pdf
2026-03-18,2026,3,Marco,18,"03 Mar (16,18)",Origem animal,FRANGO DE GRANJA,Kg,16.0,Mercado Maria Virginia Leite Franco,PRECOS-DE-VAREJO_MERCADO-CENTRAL-DE-ARACAJU_SEMANAL_16-E-18-MAR-2026-3.pdf
2026-03-18,2026,3,Marco,18,"03 Mar (16,18)",Origem animal,MANTEIGA,Kg,38.0,Mercado Maria Virginia Leite Franco,PRECOS-DE-VAREJO_MERCADO-CENTRAL-DE-ARACAJU_SEMANAL_16-E-18-MAR-2026-3.pdf
2026-03-18,2026,3,Marco,18,"03 Mar (16,18)",Origem animal,MUSCULO,Kg,25.0,Mercado Maria Virginia Leite Franco,PRECOS-DE-VAREJO_MERCADO-CENTRAL-DE-ARACAJU_SEMANAL_16-E-18-MAR-2026-3.pdf
2026-03-18,2026,3,Marco,18,"03 Mar (16,18)",Origem animal,OVO BRANCO GRANDE,Dz,7.0,Mercado Maria Virginia Leite Franco,PRECOS-DE-VAREJO_MERCADO-CENTRAL-DE-ARACAJU_SEMANAL_16-E-18-MAR-2026-3.pdf
2026-03-18,2026,3,Marco,18,"03 Mar (16,18)",Origem animal,OVO VERMELHO GRANDE,Dz,8.0,Mercado Maria Virginia Leite Franco,PRECOS-DE-VAREJO_MERCADO-CENTRAL-DE-ARACAJU_SEMANAL_16-E-18-MAR-2026-3.pdf
2026-03-18,2026,3,Marco,18,"03 Mar (16,18)",Origem animal,PALETA C/ OSSO,Kg,24.0,Mercado Maria Virginia Leite Franco,PRECOS-DE-VAREJO_MERCADO-CENTRAL-DE-ARACAJU_SEMANAL_16-E-18-MAR-2026-3.pdf
2026-03-18,2026,3,Marco,18,"03 Mar (16,18)",Origem animal,PATINHO,Kg,38.0,Mercado Maria Virginia Leite Franco,PRECOS-DE-VAREJO_MERCADO-CENTRAL-DE-ARACAJU_SEMANAL_16-E-18-MAR-2026-3.pdf
2026-03-18,2026,3,Marco,18,"03 Mar (16,18)",Origem animal,PEITO C/ OSSO,Kg,23.0,Mercado Maria Virginia Leite Franco,PRECOS-DE-VAREJO_MERCADO-CENTRAL-DE-ARACAJU_SEMANAL_16-E-18-MAR-2026-3.pdf
2026-03-18,2026,3,Marco,18,"03 Mar (16,18)",Origem animal,QUEIJO COALHO,Kg,28.0,Mercado Maria Virginia Leite Franco,PRECOS-DE-VAREJO_MERCADO-CENTRAL-DE-ARACAJU_SEMANAL_16-E-18-MAR-2026-3.pdf
2026-03-18,2026,3,Marco,18,"03 Mar (16,18)",Origem vegetal,ABACAXI GRANDE,Um,7.0,Mercado Maria Virginia Leite Franco,PRECOS-DE-VAREJO_MERCADO-CENTRAL-DE-ARACAJU_SEMANAL_16-E-18-MAR-2026-3.pdf
2026-03-18,2026,3,Marco,18,"03 Mar (16,18)",Origem vegetal,ABOBORA,Kg,6.0,Mercado Maria Virginia Leite Franco,PRECOS-DE-VAREJO_MERCADO-CENTRAL-DE-ARACAJU_SEMANAL_16-E-18-MAR-2026-3.pdf
2026-03-18,2026,3,Marco,18,"03 Mar (16,18)",Origem vegetal,ABOBRINHA,Kg,4.0,Mercado Maria Virginia Leite Franco,PRECOS-DE-VAREJO_MERCADO-CENTRAL-DE-ARACAJU_SEMANAL_16-E-18-MAR-2026-3.pdf
2026-03-18,2026,3,Marco,18,"03 Mar (16,18)",Origem vegetal,ACEROLA,Kg,6.0,Mercado Maria Virginia Leite Franco,PRECOS-DE-VAREJO_MERCADO-CENTRAL-DE-ARACAJU_SEMANAL_16-E-18-MAR-2026-3.pdf
2026-03-18,2026,3,Marco,18,"03 Mar (16,18)",Origem vegetal,ALFACE,Pe,2.0,Mercado Maria Virginia Leite Franco,PRECOS-DE-VAREJO_MERCADO-CENTRAL-DE-ARACAJU_SEMANAL_16-E-18-MAR-2026-3.pdf
2026-03-18,2026,3,Marco,18,"03 Mar (16,18)",Origem vegetal,ALHO,Kg,2.5,Mercado Maria Virginia Leite Franco,PRECOS-DE-VAREJO_MERCADO-CENTRAL-DE-ARACAJU_SEMANAL_16-E-18-MAR-2026-3.pdf
2026-03-18,2026,3,Marco,18,"03 Mar (16,18)",Origem vegetal,AMENDOIM C/CASCA COZIDO,Kg,10.0,Mercado Maria Virginia Leite Franco,PRECOS-DE-VAREJO_MERCADO-CENTRAL-DE-ARACAJU_SEMANAL_16-E-18-MAR-2026-3.pdf
2026-03-18,2026,3,Marco,18,"03 Mar (16,18)",Origem vegetal,ARROZ AGULHA T 1,Kg,6.5,Mercado Maria Virginia Leite Franco,PRECOS-DE-VAREJO_MERCADO-CENTRAL-DE-ARACAJU_SEMANAL_16-E-18-MAR-2026-3.pdf
2026-03-18,2026,3,Marco,18,"03 Mar (16,18)",Origem vegetal,BANANA PRATA,Dz,5.0,Mercado Maria Virginia Leite Franco,PRECOS-DE-VAREJO_MERCADO-CENTRAL-DE-ARACAJU_SEMANAL_16-E-18-MAR-2026-3.pdf
2026-03-18,2026,3,Marco,18,"03 Mar (16,18)",Origem vegetal,BATATA DOCE,Kg,5.0,Mercado Maria Virginia Leite Franco,PRECOS-DE-VAREJO_MERCADO-CENTRAL-DE-ARACAJU_SEMANAL_16-E-18-MAR-2026-3.pdf
2026-03-18,2026,3,Marco,18,"03 Mar (16,18)",Origem vegetal,BATATA LISA,Kg,6.0,Mercado Maria Virginia Leite Franco,PRECOS-DE-VAREJO_MERCADO-CENTRAL-DE-ARACAJU_SEMANAL_16-E-18-MAR-2026-3.pdf
2026-03-18,2026,3,Marco,18,"03 Mar (16,18)",Origem vegetal,BETERRABA,Kg,6.0,Mercado Maria Virginia Leite Franco,PRECOS-DE-VAREJO_MERCADO-CENTRAL-DE-ARACAJU_SEMANAL_16-E-18-MAR-2026-3.pdf
2026-03-18,2026,3,Marco,18,"03 Mar (16,18)",Origem vegetal,CAJU,Kg,1.0,Mercado Maria Virginia Leite Franco,PRECOS-DE-VAREJO_MERCADO-CENTRAL-DE-ARACAJU_SEMANAL_16-E-18-MAR-2026-3.pdf
2026-03-18,2026,3,Marco,18,"03 Mar (16,18)",Origem vegetal,CEBOLA BRANCA,Kg,5.0,Mercado Maria Virginia Leite Franco,PRECOS-DE-VAREJO_MERCADO-CENTRAL-DE-ARACAJU_SEMANAL_16-E-18-MAR-2026-3.pdf
2026-03-18,2026,3,Marco,18,"03 Mar (16,18)",Origem vegetal,CEBOLA ROXA,Kg,6.0,Mercado Maria Virginia Leite Franco,PRECOS-DE-VAREJO_MERCADO-CENTRAL-DE-ARACAJU_SEMANAL_16-E-18-MAR-2026-3.pdf
2026-03-18,2026,3,Marco,18,"03 Mar (16,18)",Origem vegetal,CEBOLINHA,Molho,2.0,Mercado Maria Virginia Leite Franco,PRECOS-DE-VAREJO_MERCADO-CENTRAL-DE-ARACAJU_SEMANAL_16-E-18-MAR-2026-3.pdf
2026-03-18,2026,3,Marco,18,"03 Mar (16,18)",Origem vegetal,CENOURA,Kg,4.0,Mercado Maria Virginia Leite Franco,PRECOS-DE-VAREJO_MERCADO-CENTRAL-DE-ARACAJU_SEMANAL_16-E-18-MAR-2026-3.pdf
2026-03-18,2026,3,Marco,18,"03 Mar (16,18)",Origem vegetal,CHUCHU,Um,2.0,Mercado Maria Virginia Leite Franco,PRECOS-DE-VAREJO_MERCADO-CENTRAL-DE-ARACAJU_SEMANAL_16-E-18-MAR-2026-3.pdf
2026-03-18,2026,3,Marco,18,"03 Mar (16,18)",Origem vegetal,COCO SECO,Um,7.0,Mercado Maria Virginia Leite Franco,PRECOS-DE-VAREJO_MERCADO-CENTRAL-DE-ARACAJU_SEMANAL_16-E-18-MAR-2026-3.pdf
2026-03-18,2026,3,Marco,18,"03 Mar (16,18)",Origem vegetal,COCO VERDE,Um,5.0,Mercado Maria Virginia Leite Franco,PRECOS-DE-VAREJO_MERCADO-CENTRAL-DE-ARACAJU_SEMANAL_16-E-18-MAR-2026-3.pdf
2026-03-18,2026,3,Marco,18,"03 Mar (16,18)",Origem vegetal,COENTRO,Molho,2.0,Mercado Maria Virginia Leite Franco,PRECOS-DE-VAREJO_MERCADO-CENTRAL-DE-ARACAJU_SEMANAL_16-E-18-MAR-2026-3.pdf
2026-03-18,2026,3,Marco,18,"03 Mar (16,18)",Origem vegetal,COUVE,Molho,2.0,Mercado Maria Virginia Leite Franco,PRECOS-DE-VAREJO_MERCADO-CENTRAL-DE-ARACAJU_SEMANAL_16-E-18-MAR-2026-3.pdf
2026-03-18,2026,3,Marco,18,"03 Mar (16,18)",Origem vegetal,COUVE-FLOR,Kg,13.0,Mercado Maria Virginia Leite Franco,PRECOS-DE-VAREJO_MERCADO-CENTRAL-DE-ARACAJU_SEMANAL_16-E-18-MAR-2026-3.pdf
2026-03-18,2026,3,Marco,18,"03 Mar (16,18)",Origem vegetal,FARINHA DE MANDIOCA,Kg,6.0,Mercado Maria Virginia Leite Franco,PRECOS-DE-VAREJO_MERCADO-CENTRAL-DE-ARACAJU_SEMANAL_16-E-18-MAR-2026-3.pdf
2026-03-18,2026,3,Marco,18,"03 Mar (16,18)",Origem vegetal,FEIJAO CARIOQUINHA,Kg,7.0,Mercado Maria Virginia Leite Franco,PRECOS-DE-VAREJO_MERCADO-CENTRAL-DE-ARACAJU_SEMANAL_16-E-18-MAR-2026-3.pdf
2026-03-18,2026,3,Marco,18,"03 Mar (16,18)",Origem vegetal,GOIABA VERMELHA,Kg,4.0,Mercado Maria Virginia Leite Franco,PRECOS-DE-VAREJO_MERCADO-CENTRAL-DE-ARACAJU_SEMANAL_16-E-18-MAR-2026-3.pdf
2026-03-18,2026,3,Marco,18,"03 Mar (16,18)",Origem vegetal,INHAME DA COSTA,Kg,10.0,Mercado Maria Virginia Leite Franco,PRECOS-DE-VAREJO_MERCADO-CENTRAL-DE-ARACAJU_SEMANAL_16-E-18-MAR-2026-3.pdf
2026-03-18,2026,3,Marco,18,"03 Mar (16,18)",Origem vegetal,LARANJA PERA,Uma,0.7,Mercado Maria Virginia Leite Franco,PRECOS-DE-VAREJO_MERCADO-CENTRAL-DE-ARACAJU_SEMANAL_16-E-18-MAR-2026-3.pdf
2026-03-18,2026,3,Marco,18,"03 Mar (16,18)",Origem vegetal,LIMAO TAITI,Kg,4.0,Mercado Maria Virginia Leite Franco,PRECOS-DE-VAREJO_MERCADO-CENTRAL-DE-ARACAJU_SEMANAL_16-E-18-MAR-2026-3.pdf
2026-03-18,2026,3,Marco,18,"03 Mar (16,18)",Origem vegetal,MACA NACIONAL,Kg,12.0,Mercado Maria Virginia Leite Franco,PRECOS-DE-VAREJO_MERCADO-CENTRAL-DE-ARACAJU_SEMANAL_16-E-18-MAR-2026-3.pdf
2026-03-18,2026,3,Marco,18,"03 Mar (16,18)",Origem vegetal,MACAXEIRA (AIPIM),Kg,3.0,Mercado Maria Virginia Leite Franco,PRECOS-DE-VAREJO_MERCADO-CENTRAL-DE-ARACAJU_SEMANAL_16-E-18-MAR-2026-3.pdf
2026-03-18,2026,3,Marco,18,"03 Mar (16,18)",Origem vegetal,MAMAO FORMOSA,Kg,3.0,Mercado Maria Virginia Leite Franco,PRECOS-DE-VAREJO_MERCADO-CENTRAL-DE-ARACAJU_SEMANAL_16-E-18-MAR-2026-3.pdf
2026-03-18,2026,3,Marco,18,"03 Mar (16,18)",Origem vegetal,MAMAO HAWAY,Kg,4.0,Mercado Maria Virginia Leite Franco,PRECOS-DE-VAREJO_MERCADO-CENTRAL-DE-ARACAJU_SEMANAL_16-E-18-MAR-2026-3.pdf
2026-03-18,2026,3,Marco,18,"03 Mar (16,18)",Origem vegetal,MANGA TOMMY,Kg,4.0,Mercado Maria Virginia Leite Franco,PRECOS-DE-VAREJO_MERCADO-CENTRAL-DE-ARACAJU_SEMANAL_16-E-18-MAR-2026-3.pdf
2026-03-18,2026,3,Marco,18,"03 Mar (16,18)",Origem vegetal,MARACUJA,Kg,7.0,Mercado Maria Virginia Leite Franco,PRECOS-DE-VAREJO_MERCADO-CENTRAL-DE-ARACAJU_SEMANAL_16-E-18-MAR-2026-3.pdf
2026-03-18,2026,3,Marco,18,"03 Mar (16,18)",Origem vegetal,MAXIXE,Kg,7.0,Mercado Maria Virginia Leite Franco,PRECOS-DE-VAREJO_MERCADO-CENTRAL-DE-ARACAJU_SEMANAL_16-E-18-MAR-2026-3.pdf
2026-03-18,2026,3,Marco,18,"03 Mar (16,18)",Origem vegetal,MELANCIA,Kg,1.5,Mercado Maria Virginia Leite Franco,PRECOS-DE-VAREJO_MERCADO-CENTRAL-DE-ARACAJU_SEMANAL_16-E-18-MAR-2026-3.pdf
2026-03-18,2026,3,Marco,18,"03 Mar (16,18)",Origem vegetal,MELAO ESPANHOL,Kg,4.0,Mercado Maria Virginia Leite Franco,PRECOS-DE-VAREJO_MERCADO-CENTRAL-DE-ARACAJU_SEMANAL_16-E-18-MAR-2026-3.pdf
2026-03-18,2026,3,Marco,18,"03 Mar (16,18)",Origem vegetal,MILHO EM GRAO,Kg,2.0,Mercado Maria Virginia Leite Franco,PRECOS-DE-VAREJO_MERCADO-CENTRAL-DE-ARACAJU_SEMANAL_16-E-18-MAR-2026-3.pdf
2026-03-18,2026,3,Marco,18,"03 Mar (16,18)",Origem vegetal,MILHO VERDE,Espiga,1.0,Mercado Maria Virginia Leite Franco,PRECOS-DE-VAREJO_MERCADO-CENTRAL-DE-ARACAJU_SEMANAL_16-E-18-MAR-2026-3.pdf
2026-03-18,2026,3,Marco,18,"03 Mar (16,18)",Origem vegetal,MORANGO,"Cx 0,3Kg",7.0,Mercado Maria Virginia Leite Franco,PRECOS-DE-VAREJO_MERCADO-CENTRAL-DE-ARACAJU_SEMANAL_16-E-18-MAR-2026-3.pdf
2026-03-18,2026,3,Marco,18,"03 Mar (16,18)",Origem vegetal,PIMENTAO VERDE,Um,2.0,Mercado Maria Virginia Leite Franco,PRECOS-DE-VAREJO_MERCADO-CENTRAL-DE-ARACAJU_SEMANAL_16-E-18-MAR-2026-3.pdf
2026-03-18,2026,3,Marco,18,"03 Mar (16,18)",Origem vegetal,QUIABO,Cento,20.0,Mercado Maria Virginia Leite Franco,PRECOS-DE-VAREJO_MERCADO-CENTRAL-DE-ARACAJU_SEMANAL_16-E-18-MAR-2026-3.pdf
2026-03-18,2026,3,Marco,18,"03 Mar (16,18)",Origem vegetal,REPOLHO VERDE,Kg,5.0,Mercado Maria Virginia Leite Franco,PRECOS-DE-VAREJO_MERCADO-CENTRAL-DE-ARACAJU_SEMANAL_16-E-18-MAR-2026-3.pdf
2026-03-18,2026,3,Marco,18,"03 Mar (16,18)",Origem vegetal,TOMATE,Kg,5.0,Mercado Maria Virginia Leite Franco,PRECOS-DE-VAREJO_MERCADO-CENTRAL-DE-ARACAJU_SEMANAL_16-E-18-MAR-2026-3.pdf
2026-03-18,2026,3,Marco,18,"03 Mar (16,18)",Origem vegetal,UVA SEM SEMENTE,Kg,12.0,Mercado Maria Virginia Leite Franco,PRECOS-DE-VAREJO_MERCADO-CENTRAL-DE-ARACAJU_SEMANAL_16-E-18-MAR-2026-3.pdf
2026-03-18,2026,3,Marco,18,"03 Mar (16,18)",Origem vegetal,VAGEM,Kg,18.0,Mercado Maria Virginia Leite Franco,PRECOS-DE-VAREJO_MERCADO-CENTRAL-DE-ARACAJU_SEMANAL_16-E-18-MAR-2026-3.pdf
2026-03-23,2026,3,Marco,23,"03 Mar (23,25,30)",Origem animal,ACEM C/ OSSO,Kg,25.0,Mercado Maria Virginia Leite Franco,PRECOS-DE-VAREJO_MERCADO-CENTRAL-DE-ARACAJU_SEMANAL_23-25-E-30-MAR-2026-4.pdf
2026-03-23,2026,3,Marco,23,"03 Mar (23,25,30)",Origem animal,ACEM S/ OSSO,Kg,34.0,Mercado Maria Virginia Leite Franco,PRECOS-DE-VAREJO_MERCADO-CENTRAL-DE-ARACAJU_SEMANAL_23-25-E-30-MAR-2026-4.pdf
2026-03-23,2026,3,Marco,23,"03 Mar (23,25,30)",Origem animal,ALCATRA,Kg,40.0,Mercado Maria Virginia Leite Franco,PRECOS-DE-VAREJO_MERCADO-CENTRAL-DE-ARACAJU_SEMANAL_23-25-E-30-MAR-2026-4.pdf
2026-03-23,2026,3,Marco,23,"03 Mar (23,25,30)",Origem animal,CARNE SUINA TRASEIRA,Kg,23.0,Mercado Maria Virginia Leite Franco,PRECOS-DE-VAREJO_MERCADO-CENTRAL-DE-ARACAJU_SEMANAL_23-25-E-30-MAR-2026-4.pdf
2026-03-23,2026,3,Marco,23,"03 Mar (23,25,30)",Origem animal,CHA DE DENTRO (COXAO MOLE),Kg,40.0,Mercado Maria Virginia Leite Franco,PRECOS-DE-VAREJO_MERCADO-CENTRAL-DE-ARACAJU_SEMANAL_23-25-E-30-MAR-2026-4.pdf
2026-03-23,2026,3,Marco,23,"03 Mar (23,25,30)",Origem animal,CHA DE FORA (COXAO DURO),Kg,38.0,Mercado Maria Virginia Leite Franco,PRECOS-DE-VAREJO_MERCADO-CENTRAL-DE-ARACAJU_SEMANAL_23-25-E-30-MAR-2026-4.pdf
2026-03-23,2026,3,Marco,23,"03 Mar (23,25,30)",Origem animal,CONTRA FILE,Kg,42.0,Mercado Maria Virginia Leite Franco,PRECOS-DE-VAREJO_MERCADO-CENTRAL-DE-ARACAJU_SEMANAL_23-25-E-30-MAR-2026-4.pdf
2026-03-23,2026,3,Marco,23,"03 Mar (23,25,30)",Origem animal,COSTELA,Kg,20.0,Mercado Maria Virginia Leite Franco,PRECOS-DE-VAREJO_MERCADO-CENTRAL-DE-ARACAJU_SEMANAL_23-25-E-30-MAR-2026-4.pdf
2026-03-23,2026,3,Marco,23,"03 Mar (23,25,30)",Origem animal,FILE MIGNION,Kg,50.0,Mercado Maria Virginia Leite Franco,PRECOS-DE-VAREJO_MERCADO-CENTRAL-DE-ARACAJU_SEMANAL_23-25-E-30-MAR-2026-4.pdf
2026-03-23,2026,3,Marco,23,"03 Mar (23,25,30)",Origem animal,FRANGO DE GRANJA,Kg,16.0,Mercado Maria Virginia Leite Franco,PRECOS-DE-VAREJO_MERCADO-CENTRAL-DE-ARACAJU_SEMANAL_23-25-E-30-MAR-2026-4.pdf
2026-03-23,2026,3,Marco,23,"03 Mar (23,25,30)",Origem animal,MANTEIGA,Kg,38.0,Mercado Maria Virginia Leite Franco,PRECOS-DE-VAREJO_MERCADO-CENTRAL-DE-ARACAJU_SEMANAL_23-25-E-30-MAR-2026-4.pdf
2026-03-23,2026,3,Marco,23,"03 Mar (23,25,30)",Origem animal,MUSCULO,Kg,25.0,Mercado Maria Virginia Leite Franco,PRECOS-DE-VAREJO_MERCADO-CENTRAL-DE-ARACAJU_SEMANAL_23-25-E-30-MAR-2026-4.pdf
2026-03-23,2026,3,Marco,23,"03 Mar (23,25,30)",Origem animal,OVO BRANCO GRANDE,Dz,7.0,Mercado Maria Virginia Leite Franco,PRECOS-DE-VAREJO_MERCADO-CENTRAL-DE-ARACAJU_SEMANAL_23-25-E-30-MAR-2026-4.pdf
2026-03-23,2026,3,Marco,23,"03 Mar (23,25,30)",Origem animal,OVO VERMELHO GRANDE,Dz,8.0,Mercado Maria Virginia Leite Franco,PRECOS-DE-VAREJO_MERCADO-CENTRAL-DE-ARACAJU_SEMANAL_23-25-E-30-MAR-2026-4.pdf
2026-03-23,2026,3,Marco,23,"03 Mar (23,25,30)",Origem animal,PALETA C/ OSSO,Kg,24.0,Mercado Maria Virginia Leite Franco,PRECOS-DE-VAREJO_MERCADO-CENTRAL-DE-ARACAJU_SEMANAL_23-25-E-30-MAR-2026-4.pdf
2026-03-23,2026,3,Marco,23,"03 Mar (23,25,30)",Origem animal,PATINHO,Kg,38.0,Mercado Maria Virginia Leite Franco,PRECOS-DE-VAREJO_MERCADO-CENTRAL-DE-ARACAJU_SEMANAL_23-25-E-30-MAR-2026-4.pdf
2026-03-23,2026,3,Marco,23,"03 Mar (23,25,30)",Origem animal,PEITO C/ OSSO,Kg,23.0,Mercado Maria Virginia Leite Franco,PRECOS-DE-VAREJO_MERCADO-CENTRAL-DE-ARACAJU_SEMANAL_23-25-E-30-MAR-2026-4.pdf
2026-03-23,2026,3,Marco,23,"03 Mar (23,25,30)",Origem animal,QUEIJO COALHO,Kg,28.0,Mercado Maria Virginia Leite Franco,PRECOS-DE-VAREJO_MERCADO-CENTRAL-DE-ARACAJU_SEMANAL_23-25-E-30-MAR-2026-4.pdf
2026-03-23,2026,3,Marco,23,"03 Mar (23,25,30)",Origem vegetal,ABACAXI GRANDE,Um,7.0,Mercado Maria Virginia Leite Franco,PRECOS-DE-VAREJO_MERCADO-CENTRAL-DE-ARACAJU_SEMANAL_23-25-E-30-MAR-2026-4.pdf
2026-03-23,2026,3,Marco,23,"03 Mar (23,25,30)",Origem vegetal,ABOBORA,Kg,6.0,Mercado Maria Virginia Leite Franco,PRECOS-DE-VAREJO_MERCADO-CENTRAL-DE-ARACAJU_SEMANAL_23-25-E-30-MAR-2026-4.pdf
2026-03-23,2026,3,Marco,23,"03 Mar (23,25,30)",Origem vegetal,ABOBRINHA,Kg,4.0,Mercado Maria Virginia Leite Franco,PRECOS-DE-VAREJO_MERCADO-CENTRAL-DE-ARACAJU_SEMANAL_23-25-E-30-MAR-2026-4.pdf
2026-03-23,2026,3,Marco,23,"03 Mar (23,25,30)",Origem vegetal,ACEROLA,Kg,6.0,Mercado Maria Virginia Leite Franco,PRECOS-DE-VAREJO_MERCADO-CENTRAL-DE-ARACAJU_SEMANAL_23-25-E-30-MAR-2026-4.pdf
2026-03-23,2026,3,Marco,23,"03 Mar (23,25,30)",Origem vegetal,ALFACE,Pe,2.0,Mercado Maria Virginia Leite Franco,PRECOS-DE-VAREJO_MERCADO-CENTRAL-DE-ARACAJU_SEMANAL_23-25-E-30-MAR-2026-4.pdf
2026-03-23,2026,3,Marco,23,"03 Mar (23,25,30)",Origem vegetal,ALHO,Kg,2.5,Mercado Maria Virginia Leite Franco,PRECOS-DE-VAREJO_MERCADO-CENTRAL-DE-ARACAJU_SEMANAL_23-25-E-30-MAR-2026-4.pdf
2026-03-23,2026,3,Marco,23,"03 Mar (23,25,30)",Origem vegetal,AMENDOIM C/CASCA COZIDO,Kg,10.0,Mercado Maria Virginia Leite Franco,PRECOS-DE-VAREJO_MERCADO-CENTRAL-DE-ARACAJU_SEMANAL_23-25-E-30-MAR-2026-4.pdf
2026-03-23,2026,3,Marco,23,"03 Mar (23,25,30)",Origem vegetal,ARROZ AGULHA T 1,Kg,6.5,Mercado Maria Virginia Leite Franco,PRECOS-DE-VAREJO_MERCADO-CENTRAL-DE-ARACAJU_SEMANAL_23-25-E-30-MAR-2026-4.pdf
2026-03-23,2026,3,Marco,23,"03 Mar (23,25,30)",Origem vegetal,BANANA PRATA,Dz,5.0,Mercado Maria Virginia Leite Franco,PRECOS-DE-VAREJO_MERCADO-CENTRAL-DE-ARACAJU_SEMANAL_23-25-E-30-MAR-2026-4.pdf
2026-03-23,2026,3,Marco,23,"03 Mar (23,25,30)",Origem vegetal,BATATA DOCE,Kg,5.0,Mercado Maria Virginia Leite Franco,PRECOS-DE-VAREJO_MERCADO-CENTRAL-DE-ARACAJU_SEMANAL_23-25-E-30-MAR-2026-4.pdf
2026-03-23,2026,3,Marco,23,"03 Mar (23,25,30)",Origem vegetal,BATATA LISA,Kg,6.0,Mercado Maria Virginia Leite Franco,PRECOS-DE-VAREJO_MERCADO-CENTRAL-DE-ARACAJU_SEMANAL_23-25-E-30-MAR-2026-4.pdf
2026-03-23,2026,3,Marco,23,"03 Mar (23,25,30)",Origem vegetal,BETERRABA,Kg,6.0,Mercado Maria Virginia Leite Franco,PRECOS-DE-VAREJO_MERCADO-CENTRAL-DE-ARACAJU_SEMANAL_23-25-E-30-MAR-2026-4.pdf
2026-03-23,2026,3,Marco,23,"03 Mar (23,25,30)",Origem vegetal,CAJU,Kg,1.0,Mercado Maria Virginia Leite Franco,PRECOS-DE-VAREJO_MERCADO-CENTRAL-DE-ARACAJU_SEMANAL_23-25-E-30-MAR-2026-4.pdf
2026-03-23,2026,3,Marco,23,"03 Mar (23,25,30)",Origem vegetal,CEBOLA BRANCA,Kg,5.0,Mercado Maria Virginia Leite Franco,PRECOS-DE-VAREJO_MERCADO-CENTRAL-DE-ARACAJU_SEMANAL_23-25-E-30-MAR-2026-4.pdf
2026-03-23,2026,3,Marco,23,"03 Mar (23,25,30)",Origem vegetal,CEBOLA ROXA,Kg,6.0,Mercado Maria Virginia Leite Franco,PRECOS-DE-VAREJO_MERCADO-CENTRAL-DE-ARACAJU_SEMANAL_23-25-E-30-MAR-2026-4.pdf
2026-03-23,2026,3,Marco,23,"03 Mar (23,25,30)",Origem vegetal,CEBOLINHA,Molho,2.0,Mercado Maria Virginia Leite Franco,PRECOS-DE-VAREJO_MERCADO-CENTRAL-DE-ARACAJU_SEMANAL_23-25-E-30-MAR-2026-4.pdf
2026-03-23,2026,3,Marco,23,"03 Mar (23,25,30)",Origem vegetal,CENOURA,Kg,4.0,Mercado Maria Virginia Leite Franco,PRECOS-DE-VAREJO_MERCADO-CENTRAL-DE-ARACAJU_SEMANAL_23-25-E-30-MAR-2026-4.pdf
2026-03-23,2026,3,Marco,23,"03 Mar (23,25,30)",Origem vegetal,CHUCHU,Um,2.0,Mercado Maria Virginia Leite Franco,PRECOS-DE-VAREJO_MERCADO-CENTRAL-DE-ARACAJU_SEMANAL_23-25-E-30-MAR-2026-4.pdf
2026-03-23,2026,3,Marco,23,"03 Mar (23,25,30)",Origem vegetal,COCO SECO,Um,7.0,Mercado Maria Virginia Leite Franco,PRECOS-DE-VAREJO_MERCADO-CENTRAL-DE-ARACAJU_SEMANAL_23-25-E-30-MAR-2026-4.pdf
2026-03-23,2026,3,Marco,23,"03 Mar (23,25,30)",Origem vegetal,COCO VERDE,Um,5.0,Mercado Maria Virginia Leite Franco,PRECOS-DE-VAREJO_MERCADO-CENTRAL-DE-ARACAJU_SEMANAL_23-25-E-30-MAR-2026-4.pdf
2026-03-23,2026,3,Marco,23,"03 Mar (23,25,30)",Origem vegetal,COENTRO,Molho,2.0,Mercado Maria Virginia Leite Franco,PRECOS-DE-VAREJO_MERCADO-CENTRAL-DE-ARACAJU_SEMANAL_23-25-E-30-MAR-2026-4.pdf
2026-03-23,2026,3,Marco,23,"03 Mar (23,25,30)",Origem vegetal,COUVE,Molho,2.0,Mercado Maria Virginia Leite Franco,PRECOS-DE-VAREJO_MERCADO-CENTRAL-DE-ARACAJU_SEMANAL_23-25-E-30-MAR-2026-4.pdf
2026-03-23,2026,3,Marco,23,"03 Mar (23,25,30)",Origem vegetal,COUVE-FLOR,Kg,13.0,Mercado Maria Virginia Leite Franco,PRECOS-DE-VAREJO_MERCADO-CENTRAL-DE-ARACAJU_SEMANAL_23-25-E-30-MAR-2026-4.pdf
2026-03-23,2026,3,Marco,23,"03 Mar (23,25,30)",Origem vegetal,FARINHA DE MANDIOCA,Kg,6.0,Mercado Maria Virginia Leite Franco,PRECOS-DE-VAREJO_MERCADO-CENTRAL-DE-ARACAJU_SEMANAL_23-25-E-30-MAR-2026-4.pdf
2026-03-23,2026,3,Marco,23,"03 Mar (23,25,30)",Origem vegetal,FEIJAO CARIOQUINHA,Kg,7.0,Mercado Maria Virginia Leite Franco,PRECOS-DE-VAREJO_MERCADO-CENTRAL-DE-ARACAJU_SEMANAL_23-25-E-30-MAR-2026-4.pdf
2026-03-23,2026,3,Marco,23,"03 Mar (23,25,30)",Origem vegetal,GOIABA VERMELHA,Kg,4.0,Mercado Maria Virginia Leite Franco,PRECOS-DE-VAREJO_MERCADO-CENTRAL-DE-ARACAJU_SEMANAL_23-25-E-30-MAR-2026-4.pdf
2026-03-23,2026,3,Marco,23,"03 Mar (23,25,30)",Origem vegetal,INHAME DA COSTA,Kg,10.0,Mercado Maria Virginia Leite Franco,PRECOS-DE-VAREJO_MERCADO-CENTRAL-DE-ARACAJU_SEMANAL_23-25-E-30-MAR-2026-4.pdf
2026-03-23,2026,3,Marco,23,"03 Mar (23,25,30)",Origem vegetal,LARANJA PERA,Uma,0.7,Mercado Maria Virginia Leite Franco,PRECOS-DE-VAREJO_MERCADO-CENTRAL-DE-ARACAJU_SEMANAL_23-25-E-30-MAR-2026-4.pdf
2026-03-23,2026,3,Marco,23,"03 Mar (23,25,30)",Origem vegetal,LIMAO TAITI,Kg,4.0,Mercado Maria Virginia Leite Franco,PRECOS-DE-VAREJO_MERCADO-CENTRAL-DE-ARACAJU_SEMANAL_23-25-E-30-MAR-2026-4.pdf
2026-03-23,2026,3,Marco,23,"03 Mar (23,25,30)",Origem vegetal,MACA NACIONAL,Kg,12.0,Mercado Maria Virginia Leite Franco,PRECOS-DE-VAREJO_MERCADO-CENTRAL-DE-ARACAJU_SEMANAL_23-25-E-30-MAR-2026-4.pdf
2026-03-23,2026,3,Marco,23,"03 Mar (23,25,30)",Origem vegetal,MACAXEIRA (AIPIM),Kg,3.0,Mercado Maria Virginia Leite Franco,PRECOS-DE-VAREJO_MERCADO-CENTRAL-DE-ARACAJU_SEMANAL_23-25-E-30-MAR-2026-4.pdf
2026-03-23,2026,3,Marco,23,"03 Mar (23,25,30)",Origem vegetal,MAMAO FORMOSA,Kg,3.0,Mercado Maria Virginia Leite Franco,PRECOS-DE-VAREJO_MERCADO-CENTRAL-DE-ARACAJU_SEMANAL_23-25-E-30-MAR-2026-4.pdf
2026-03-23,2026,3,Marco,23,"03 Mar (23,25,30)",Origem vegetal,MAMAO HAWAY,Kg,4.0,Mercado Maria Virginia Leite Franco,PRECOS-DE-VAREJO_MERCADO-CENTRAL-DE-ARACAJU_SEMANAL_23-25-E-30-MAR-2026-4.pdf
2026-03-23,2026,3,Marco,23,"03 Mar (23,25,30)",Origem vegetal,MANGA TOMMY,Kg,4.0,Mercado Maria Virginia Leite Franco,PRECOS-DE-VAREJO_MERCADO-CENTRAL-DE-ARACAJU_SEMANAL_23-25-E-30-MAR-2026-4.pdf
2026-03-23,2026,3,Marco,23,"03 Mar (23,25,30)",Origem vegetal,MARACUJA,Kg,7.0,Mercado Maria Virginia Leite Franco,PRECOS-DE-VAREJO_MERCADO-CENTRAL-DE-ARACAJU_SEMANAL_23-25-E-30-MAR-2026-4.pdf
2026-03-23,2026,3,Marco,23,"03 Mar (23,25,30)",Origem vegetal,MAXIXE,Kg,7.0,Mercado Maria Virginia Leite Franco,PRECOS-DE-VAREJO_MERCADO-CENTRAL-DE-ARACAJU_SEMANAL_23-25-E-30-MAR-2026-4.pdf
2026-03-23,2026,3,Marco,23,"03 Mar (23,25,30)",Origem vegetal,MELANCIA,Kg,1.5,Mercado Maria Virginia Leite Franco,PRECOS-DE-VAREJO_MERCADO-CENTRAL-DE-ARACAJU_SEMANAL_23-25-E-30-MAR-2026-4.pdf
2026-03-23,2026,3,Marco,23,"03 Mar (23,25,30)",Origem vegetal,MELAO ESPANHOL,Kg,4.0,Mercado Maria Virginia Leite Franco,PRECOS-DE-VAREJO_MERCADO-CENTRAL-DE-ARACAJU_SEMANAL_23-25-E-30-MAR-2026-4.pdf
2026-03-23,2026,3,Marco,23,"03 Mar (23,25,30)",Origem vegetal,MILHO EM GRAO,Kg,2.0,Mercado Maria Virginia Leite Franco,PRECOS-DE-VAREJO_MERCADO-CENTRAL-DE-ARACAJU_SEMANAL_23-25-E-30-MAR-2026-4.pdf
2026-03-23,2026,3,Marco,23,"03 Mar (23,25,30)",Origem vegetal,MILHO VERDE,Espiga,1.0,Mercado Maria Virginia Leite Franco,PRECOS-DE-VAREJO_MERCADO-CENTRAL-DE-ARACAJU_SEMANAL_23-25-E-30-MAR-2026-4.pdf
2026-03-23,2026,3,Marco,23,"03 Mar (23,25,30)",Origem vegetal,MORANGO,"Cx 0,3Kg",7.0,Mercado Maria Virginia Leite Franco,PRECOS-DE-VAREJO_MERCADO-CENTRAL-DE-ARACAJU_SEMANAL_23-25-E-30-MAR-2026-4.pdf
2026-03-23,2026,3,Marco,23,"03 Mar (23,25,30)",Origem vegetal,PIMENTAO VERDE,Um,2.0,Mercado Maria Virginia Leite Franco,PRECOS-DE-VAREJO_MERCADO-CENTRAL-DE-ARACAJU_SEMANAL_23-25-E-30-MAR-2026-4.pdf
2026-03-23,2026,3,Marco,23,"03 Mar (23,25,30)",Origem vegetal,QUIABO,Cento,20.0,Mercado Maria Virginia Leite Franco,PRECOS-DE-VAREJO_MERCADO-CENTRAL-DE-ARACAJU_SEMANAL_23-25-E-30-MAR-2026-4.pdf
2026-03-23,2026,3,Marco,23,"03 Mar (23,25,30)",Origem vegetal,REPOLHO VERDE,Kg,5.0,Mercado Maria Virginia Leite Franco,PRECOS-DE-VAREJO_MERCADO-CENTRAL-DE-ARACAJU_SEMANAL_23-25-E-30-MAR-2026-4.pdf
2026-03-23,2026,3,Marco,23,"03 Mar (23,25,30)",Origem vegetal,TOMATE,Kg,5.0,Mercado Maria Virginia Leite Franco,PRECOS-DE-VAREJO_MERCADO-CENTRAL-DE-ARACAJU_SEMANAL_23-25-E-30-MAR-2026-4.pdf
2026-03-23,2026,3,Marco,23,"03 Mar (23,25,30)",Origem vegetal,UVA SEM SEMENTE,Kg,12.0,Mercado Maria Virginia Leite Franco,PRECOS-DE-VAREJO_MERCADO-CENTRAL-DE-ARACAJU_SEMANAL_23-25-E-30-MAR-2026-4.pdf
2026-03-23,2026,3,Marco,23,"03 Mar (23,25,30)",Origem vegetal,VAGEM,Kg,18.0,Mercado Maria Virginia Leite Franco,PRECOS-DE-VAREJO_MERCADO-CENTRAL-DE-ARACAJU_SEMANAL_23-25-E-30-MAR-2026-4.pdf
2026-03-25,2026,3,Marco,25,"03 Mar (23,25,30)",Origem animal,ACEM C/ OSSO,Kg,25.0,Mercado Maria Virginia Leite Franco,PRECOS-DE-VAREJO_MERCADO-CENTRAL-DE-ARACAJU_SEMANAL_23-25-E-30-MAR-2026-4.pdf
2026-03-25,2026,3,Marco,25,"03 Mar (23,25,30)",Origem animal,ACEM S/ OSSO,Kg,34.0,Mercado Maria Virginia Leite Franco,PRECOS-DE-VAREJO_MERCADO-CENTRAL-DE-ARACAJU_SEMANAL_23-25-E-30-MAR-2026-4.pdf
2026-03-25,2026,3,Marco,25,"03 Mar (23,25,30)",Origem animal,ALCATRA,Kg,40.0,Mercado Maria Virginia Leite Franco,PRECOS-DE-VAREJO_MERCADO-CENTRAL-DE-ARACAJU_SEMANAL_23-25-E-30-MAR-2026-4.pdf
2026-03-25,2026,3,Marco,25,"03 Mar (23,25,30)",Origem animal,CARNE SUINA TRASEIRA,Kg,23.0,Mercado Maria Virginia Leite Franco,PRECOS-DE-VAREJO_MERCADO-CENTRAL-DE-ARACAJU_SEMANAL_23-25-E-30-MAR-2026-4.pdf
2026-03-25,2026,3,Marco,25,"03 Mar (23,25,30)",Origem animal,CHA DE DENTRO (COXAO MOLE),Kg,40.0,Mercado Maria Virginia Leite Franco,PRECOS-DE-VAREJO_MERCADO-CENTRAL-DE-ARACAJU_SEMANAL_23-25-E-30-MAR-2026-4.pdf
2026-03-25,2026,3,Marco,25,"03 Mar (23,25,30)",Origem animal,CHA DE FORA (COXAO DURO),Kg,38.0,Mercado Maria Virginia Leite Franco,PRECOS-DE-VAREJO_MERCADO-CENTRAL-DE-ARACAJU_SEMANAL_23-25-E-30-MAR-2026-4.pdf
2026-03-25,2026,3,Marco,25,"03 Mar (23,25,30)",Origem animal,CONTRA FILE,Kg,42.0,Mercado Maria Virginia Leite Franco,PRECOS-DE-VAREJO_MERCADO-CENTRAL-DE-ARACAJU_SEMANAL_23-25-E-30-MAR-2026-4.pdf
2026-03-25,2026,3,Marco,25,"03 Mar (23,25,30)",Origem animal,COSTELA,Kg,20.0,Mercado Maria Virginia Leite Franco,PRECOS-DE-VAREJO_MERCADO-CENTRAL-DE-ARACAJU_SEMANAL_23-25-E-30-MAR-2026-4.pdf
2026-03-25,2026,3,Marco,25,"03 Mar (23,25,30)",Origem animal,FILE MIGNION,Kg,50.0,Mercado Maria Virginia Leite Franco,PRECOS-DE-VAREJO_MERCADO-CENTRAL-DE-ARACAJU_SEMANAL_23-25-E-30-MAR-2026-4.pdf
2026-03-25,2026,3,Marco,25,"03 Mar (23,25,30)",Origem animal,FRANGO DE GRANJA,Kg,16.0,Mercado Maria Virginia Leite Franco,PRECOS-DE-VAREJO_MERCADO-CENTRAL-DE-ARACAJU_SEMANAL_23-25-E-30-MAR-2026-4.pdf
2026-03-25,2026,3,Marco,25,"03 Mar (23,25,30)",Origem animal,MANTEIGA,Kg,38.0,Mercado Maria Virginia Leite Franco,PRECOS-DE-VAREJO_MERCADO-CENTRAL-DE-ARACAJU_SEMANAL_23-25-E-30-MAR-2026-4.pdf
2026-03-25,2026,3,Marco,25,"03 Mar (23,25,30)",Origem animal,MUSCULO,Kg,25.0,Mercado Maria Virginia Leite Franco,PRECOS-DE-VAREJO_MERCADO-CENTRAL-DE-ARACAJU_SEMANAL_23-25-E-30-MAR-2026-4.pdf
2026-03-25,2026,3,Marco,25,"03 Mar (23,25,30)",Origem animal,OVO BRANCO GRANDE,Dz,7.0,Mercado Maria Virginia Leite Franco,PRECOS-DE-VAREJO_MERCADO-CENTRAL-DE-ARACAJU_SEMANAL_23-25-E-30-MAR-2026-4.pdf
2026-03-25,2026,3,Marco,25,"03 Mar (23,25,30)",Origem animal,OVO VERMELHO GRANDE,Dz,8.0,Mercado Maria Virginia Leite Franco,PRECOS-DE-VAREJO_MERCADO-CENTRAL-DE-ARACAJU_SEMANAL_23-25-E-30-MAR-2026-4.pdf
2026-03-25,2026,3,Marco,25,"03 Mar (23,25,30)",Origem animal,PALETA C/ OSSO,Kg,24.0,Mercado Maria Virginia Leite Franco,PRECOS-DE-VAREJO_MERCADO-CENTRAL-DE-ARACAJU_SEMANAL_23-25-E-30-MAR-2026-4.pdf
2026-03-25,2026,3,Marco,25,"03 Mar (23,25,30)",Origem animal,PATINHO,Kg,38.0,Mercado Maria Virginia Leite Franco,PRECOS-DE-VAREJO_MERCADO-CENTRAL-DE-ARACAJU_SEMANAL_23-25-E-30-MAR-2026-4.pdf
2026-03-25,2026,3,Marco,25,"03 Mar (23,25,30)",Origem animal,PEITO C/ OSSO,Kg,23.0,Mercado Maria Virginia Leite Franco,PRECOS-DE-VAREJO_MERCADO-CENTRAL-DE-ARACAJU_SEMANAL_23-25-E-30-MAR-2026-4.pdf
2026-03-25,2026,3,Marco,25,"03 Mar (23,25,30)",Origem animal,QUEIJO COALHO,Kg,28.0,Mercado Maria Virginia Leite Franco,PRECOS-DE-VAREJO_MERCADO-CENTRAL-DE-ARACAJU_SEMANAL_23-25-E-30-MAR-2026-4.pdf
2026-03-25,2026,3,Marco,25,"03 Mar (23,25,30)",Origem vegetal,ABACAXI GRANDE,Um,7.0,Mercado Maria Virginia Leite Franco,PRECOS-DE-VAREJO_MERCADO-CENTRAL-DE-ARACAJU_SEMANAL_23-25-E-30-MAR-2026-4.pdf
2026-03-25,2026,3,Marco,25,"03 Mar (23,25,30)",Origem vegetal,ABOBORA,Kg,6.0,Mercado Maria Virginia Leite Franco,PRECOS-DE-VAREJO_MERCADO-CENTRAL-DE-ARACAJU_SEMANAL_23-25-E-30-MAR-2026-4.pdf
2026-03-25,2026,3,Marco,25,"03 Mar (23,25,30)",Origem vegetal,ABOBRINHA,Kg,4.0,Mercado Maria Virginia Leite Franco,PRECOS-DE-VAREJO_MERCADO-CENTRAL-DE-ARACAJU_SEMANAL_23-25-E-30-MAR-2026-4.pdf
2026-03-25,2026,3,Marco,25,"03 Mar (23,25,30)",Origem vegetal,ACEROLA,Kg,6.0,Mercado Maria Virginia Leite Franco,PRECOS-DE-VAREJO_MERCADO-CENTRAL-DE-ARACAJU_SEMANAL_23-25-E-30-MAR-2026-4.pdf
2026-03-25,2026,3,Marco,25,"03 Mar (23,25,30)",Origem vegetal,ALFACE,Pe,2.0,Mercado Maria Virginia Leite Franco,PRECOS-DE-VAREJO_MERCADO-CENTRAL-DE-ARACAJU_SEMANAL_23-25-E-30-MAR-2026-4.pdf
2026-03-25,2026,3,Marco,25,"03 Mar (23,25,30)",Origem vegetal,ALHO,Kg,2.5,Mercado Maria Virginia Leite Franco,PRECOS-DE-VAREJO_MERCADO-CENTRAL-DE-ARACAJU_SEMANAL_23-25-E-30-MAR-2026-4.pdf
2026-03-25,2026,3,Marco,25,"03 Mar (23,25,30)",Origem vegetal,AMENDOIM C/CASCA COZIDO,Kg,10.0,Mercado Maria Virginia Leite Franco,PRECOS-DE-VAREJO_MERCADO-CENTRAL-DE-ARACAJU_SEMANAL_23-25-E-30-MAR-2026-4.pdf
2026-03-25,2026,3,Marco,25,"03 Mar (23,25,30)",Origem vegetal,ARROZ AGULHA T 1,Kg,6.5,Mercado Maria Virginia Leite Franco,PRECOS-DE-VAREJO_MERCADO-CENTRAL-DE-ARACAJU_SEMANAL_23-25-E-30-MAR-2026-4.pdf
2026-03-25,2026,3,Marco,25,"03 Mar (23,25,30)",Origem vegetal,BANANA PRATA,Dz,5.0,Mercado Maria Virginia Leite Franco,PRECOS-DE-VAREJO_MERCADO-CENTRAL-DE-ARACAJU_SEMANAL_23-25-E-30-MAR-2026-4.pdf
2026-03-25,2026,3,Marco,25,"03 Mar (23,25,30)",Origem vegetal,BATATA DOCE,Kg,5.0,Mercado Maria Virginia Leite Franco,PRECOS-DE-VAREJO_MERCADO-CENTRAL-DE-ARACAJU_SEMANAL_23-25-E-30-MAR-2026-4.pdf
2026-03-25,2026,3,Marco,25,"03 Mar (23,25,30)",Origem vegetal,BATATA LISA,Kg,6.0,Mercado Maria Virginia Leite Franco,PRECOS-DE-VAREJO_MERCADO-CENTRAL-DE-ARACAJU_SEMANAL_23-25-E-30-MAR-2026-4.pdf
2026-03-25,2026,3,Marco,25,"03 Mar (23,25,30)",Origem vegetal,BETERRABA,Kg,6.0,Mercado Maria Virginia Leite Franco,PRECOS-DE-VAREJO_MERCADO-CENTRAL-DE-ARACAJU_SEMANAL_23-25-E-30-MAR-2026-4.pdf
2026-03-25,2026,3,Marco,25,"03 Mar (23,25,30)",Origem vegetal,CAJU,Kg,1.0,Mercado Maria Virginia Leite Franco,PRECOS-DE-VAREJO_MERCADO-CENTRAL-DE-ARACAJU_SEMANAL_23-25-E-30-MAR-2026-4.pdf
2026-03-25,2026,3,Marco,25,"03 Mar (23,25,30)",Origem vegetal,CEBOLA BRANCA,Kg,5.0,Mercado Maria Virginia Leite Franco,PRECOS-DE-VAREJO_MERCADO-CENTRAL-DE-ARACAJU_SEMANAL_23-25-E-30-MAR-2026-4.pdf
2026-03-25,2026,3,Marco,25,"03 Mar (23,25,30)",Origem vegetal,CEBOLA ROXA,Kg,6.0,Mercado Maria Virginia Leite Franco,PRECOS-DE-VAREJO_MERCADO-CENTRAL-DE-ARACAJU_SEMANAL_23-25-E-30-MAR-2026-4.pdf
2026-03-25,2026,3,Marco,25,"03 Mar (23,25,30)",Origem vegetal,CEBOLINHA,Molho,2.0,Mercado Maria Virginia Leite Franco,PRECOS-DE-VAREJO_MERCADO-CENTRAL-DE-ARACAJU_SEMANAL_23-25-E-30-MAR-2026-4.pdf
2026-03-25,2026,3,Marco,25,"03 Mar (23,25,30)",Origem vegetal,CENOURA,Kg,4.0,Mercado Maria Virginia Leite Franco,PRECOS-DE-VAREJO_MERCADO-CENTRAL-DE-ARACAJU_SEMANAL_23-25-E-30-MAR-2026-4.pdf
2026-03-25,2026,3,Marco,25,"03 Mar (23,25,30)",Origem vegetal,CHUCHU,Um,2.0,Mercado Maria Virginia Leite Franco,PRECOS-DE-VAREJO_MERCADO-CENTRAL-DE-ARACAJU_SEMANAL_23-25-E-30-MAR-2026-4.pdf
2026-03-25,2026,3,Marco,25,"03 Mar (23,25,30)",Origem vegetal,COCO SECO,Um,7.0,Mercado Maria Virginia Leite Franco,PRECOS-DE-VAREJO_MERCADO-CENTRAL-DE-ARACAJU_SEMANAL_23-25-E-30-MAR-2026-4.pdf
2026-03-25,2026,3,Marco,25,"03 Mar (23,25,30)",Origem vegetal,COCO VERDE,Um,5.0,Mercado Maria Virginia Leite Franco,PRECOS-DE-VAREJO_MERCADO-CENTRAL-DE-ARACAJU_SEMANAL_23-25-E-30-MAR-2026-4.pdf
2026-03-25,2026,3,Marco,25,"03 Mar (23,25,30)",Origem vegetal,COENTRO,Molho,2.0,Mercado Maria Virginia Leite Franco,PRECOS-DE-VAREJO_MERCADO-CENTRAL-DE-ARACAJU_SEMANAL_23-25-E-30-MAR-2026-4.pdf
2026-03-25,2026,3,Marco,25,"03 Mar (23,25,30)",Origem vegetal,COUVE,Molho,2.0,Mercado Maria Virginia Leite Franco,PRECOS-DE-VAREJO_MERCADO-CENTRAL-DE-ARACAJU_SEMANAL_23-25-E-30-MAR-2026-4.pdf
2026-03-25,2026,3,Marco,25,"03 Mar (23,25,30)",Origem vegetal,COUVE-FLOR,Kg,13.0,Mercado Maria Virginia Leite Franco,PRECOS-DE-VAREJO_MERCADO-CENTRAL-DE-ARACAJU_SEMANAL_23-25-E-30-MAR-2026-4.pdf
2026-03-25,2026,3,Marco,25,"03 Mar (23,25,30)",Origem vegetal,FARINHA DE MANDIOCA,Kg,6.0,Mercado Maria Virginia Leite Franco,PRECOS-DE-VAREJO_MERCADO-CENTRAL-DE-ARACAJU_SEMANAL_23-25-E-30-MAR-2026-4.pdf
2026-03-25,2026,3,Marco,25,"03 Mar (23,25,30)",Origem vegetal,FEIJAO CARIOQUINHA,Kg,7.0,Mercado Maria Virginia Leite Franco,PRECOS-DE-VAREJO_MERCADO-CENTRAL-DE-ARACAJU_SEMANAL_23-25-E-30-MAR-2026-4.pdf
2026-03-25,2026,3,Marco,25,"03 Mar (23,25,30)",Origem vegetal,GOIABA VERMELHA,Kg,4.0,Mercado Maria Virginia Leite Franco,PRECOS-DE-VAREJO_MERCADO-CENTRAL-DE-ARACAJU_SEMANAL_23-25-E-30-MAR-2026-4.pdf
2026-03-25,2026,3,Marco,25,"03 Mar (23,25,30)",Origem vegetal,INHAME DA COSTA,Kg,10.0,Mercado Maria Virginia Leite Franco,PRECOS-DE-VAREJO_MERCADO-CENTRAL-DE-ARACAJU_SEMANAL_23-25-E-30-MAR-2026-4.pdf
2026-03-25,2026,3,Marco,25,"03 Mar (23,25,30)",Origem vegetal,LARANJA PERA,Uma,0.7,Mercado Maria Virginia Leite Franco,PRECOS-DE-VAREJO_MERCADO-CENTRAL-DE-ARACAJU_SEMANAL_23-25-E-30-MAR-2026-4.pdf
2026-03-25,2026,3,Marco,25,"03 Mar (23,25,30)",Origem vegetal,LIMAO TAITI,Kg,4.0,Mercado Maria Virginia Leite Franco,PRECOS-DE-VAREJO_MERCADO-CENTRAL-DE-ARACAJU_SEMANAL_23-25-E-30-MAR-2026-4.pdf
2026-03-25,2026,3,Marco,25,"03 Mar (23,25,30)",Origem vegetal,MACA NACIONAL,Kg,12.0,Mercado Maria Virginia Leite Franco,PRECOS-DE-VAREJO_MERCADO-CENTRAL-DE-ARACAJU_SEMANAL_23-25-E-30-MAR-2026-4.pdf
2026-03-25,2026,3,Marco,25,"03 Mar (23,25,30)",Origem vegetal,MACAXEIRA (AIPIM),Kg,3.0,Mercado Maria Virginia Leite Franco,PRECOS-DE-VAREJO_MERCADO-CENTRAL-DE-ARACAJU_SEMANAL_23-25-E-30-MAR-2026-4.pdf
2026-03-25,2026,3,Marco,25,"03 Mar (23,25,30)",Origem vegetal,MAMAO FORMOSA,Kg,3.0,Mercado Maria Virginia Leite Franco,PRECOS-DE-VAREJO_MERCADO-CENTRAL-DE-ARACAJU_SEMANAL_23-25-E-30-MAR-2026-4.pdf
2026-03-25,2026,3,Marco,25,"03 Mar (23,25,30)",Origem vegetal,MAMAO HAWAY,Kg,4.0,Mercado Maria Virginia Leite Franco,PRECOS-DE-VAREJO_MERCADO-CENTRAL-DE-ARACAJU_SEMANAL_23-25-E-30-MAR-2026-4.pdf
2026-03-25,2026,3,Marco,25,"03 Mar (23,25,30)",Origem vegetal,MANGA TOMMY,Kg,4.0,Mercado Maria Virginia Leite Franco,PRECOS-DE-VAREJO_MERCADO-CENTRAL-DE-ARACAJU_SEMANAL_23-25-E-30-MAR-2026-4.pdf
2026-03-25,2026,3,Marco,25,"03 Mar (23,25,30)",Origem vegetal,MARACUJA,Kg,7.0,Mercado Maria Virginia Leite Franco,PRECOS-DE-VAREJO_MERCADO-CENTRAL-DE-ARACAJU_SEMANAL_23-25-E-30-MAR-2026-4.pdf
2026-03-25,2026,3,Marco,25,"03 Mar (23,25,30)",Origem vegetal,MAXIXE,Kg,7.0,Mercado Maria Virginia Leite Franco,PRECOS-DE-VAREJO_MERCADO-CENTRAL-DE-ARACAJU_SEMANAL_23-25-E-30-MAR-2026-4.pdf
2026-03-25,2026,3,Marco,25,"03 Mar (23,25,30)",Origem vegetal,MELANCIA,Kg,1.5,Mercado Maria Virginia Leite Franco,PRECOS-DE-VAREJO_MERCADO-CENTRAL-DE-ARACAJU_SEMANAL_23-25-E-30-MAR-2026-4.pdf
2026-03-25,2026,3,Marco,25,"03 Mar (23,25,30)",Origem vegetal,MELAO ESPANHOL,Kg,5.0,Mercado Maria Virginia Leite Franco,PRECOS-DE-VAREJO_MERCADO-CENTRAL-DE-ARACAJU_SEMANAL_23-25-E-30-MAR-2026-4.pdf
2026-03-25,2026,3,Marco,25,"03 Mar (23,25,30)",Origem vegetal,MILHO EM GRAO,Kg,2.0,Mercado Maria Virginia Leite Franco,PRECOS-DE-VAREJO_MERCADO-CENTRAL-DE-ARACAJU_SEMANAL_23-25-E-30-MAR-2026-4.pdf
2026-03-25,2026,3,Marco,25,"03 Mar (23,25,30)",Origem vegetal,MILHO VERDE,Espiga,1.0,Mercado Maria Virginia Leite Franco,PRECOS-DE-VAREJO_MERCADO-CENTRAL-DE-ARACAJU_SEMANAL_23-25-E-30-MAR-2026-4.pdf
2026-03-25,2026,3,Marco,25,"03 Mar (23,25,30)",Origem vegetal,MORANGO,"Cx 0,3Kg",7.0,Mercado Maria Virginia Leite Franco,PRECOS-DE-VAREJO_MERCADO-CENTRAL-DE-ARACAJU_SEMANAL_23-25-E-30-MAR-2026-4.pdf
2026-03-25,2026,3,Marco,25,"03 Mar (23,25,30)",Origem vegetal,PIMENTAO VERDE,Um,2.0,Mercado Maria Virginia Leite Franco,PRECOS-DE-VAREJO_MERCADO-CENTRAL-DE-ARACAJU_SEMANAL_23-25-E-30-MAR-2026-4.pdf
2026-03-25,2026,3,Marco,25,"03 Mar (23,25,30)",Origem vegetal,QUIABO,Cento,20.0,Mercado Maria Virginia Leite Franco,PRECOS-DE-VAREJO_MERCADO-CENTRAL-DE-ARACAJU_SEMANAL_23-25-E-30-MAR-2026-4.pdf
2026-03-25,2026,3,Marco,25,"03 Mar (23,25,30)",Origem vegetal,REPOLHO VERDE,Kg,5.0,Mercado Maria Virginia Leite Franco,PRECOS-DE-VAREJO_MERCADO-CENTRAL-DE-ARACAJU_SEMANAL_23-25-E-30-MAR-2026-4.pdf
2026-03-25,2026,3,Marco,25,"03 Mar (23,25,30)",Origem vegetal,TOMATE,Kg,5.0,Mercado Maria Virginia Leite Franco,PRECOS-DE-VAREJO_MERCADO-CENTRAL-DE-ARACAJU_SEMANAL_23-25-E-30-MAR-2026-4.pdf
2026-03-25,2026,3,Marco,25,"03 Mar (23,25,30)",Origem vegetal,UVA SEM SEMENTE,Kg,12.0,Mercado Maria Virginia Leite Franco,PRECOS-DE-VAREJO_MERCADO-CENTRAL-DE-ARACAJU_SEMANAL_23-25-E-30-MAR-2026-4.pdf
2026-03-25,2026,3,Marco,25,"03 Mar (23,25,30)",Origem vegetal,VAGEM,Kg,18.0,Mercado Maria Virginia Leite Franco,PRECOS-DE-VAREJO_MERCADO-CENTRAL-DE-ARACAJU_SEMANAL_23-25-E-30-MAR-2026-4.pdf
2026-03-30,2026,3,Marco,30,"03 Mar (23,25,30)",Origem animal,ACEM C/ OSSO,Kg,25.0,Mercado Maria Virginia Leite Franco,PRECOS-DE-VAREJO_MERCADO-CENTRAL-DE-ARACAJU_SEMANAL_23-25-E-30-MAR-2026-4.pdf
2026-03-30,2026,3,Marco,30,"03 Mar (23,25,30)",Origem animal,ACEM S/ OSSO,Kg,34.0,Mercado Maria Virginia Leite Franco,PRECOS-DE-VAREJO_MERCADO-CENTRAL-DE-ARACAJU_SEMANAL_23-25-E-30-MAR-2026-4.pdf
2026-03-30,2026,3,Marco,30,"03 Mar (23,25,30)",Origem animal,ALCATRA,Kg,40.0,Mercado Maria Virginia Leite Franco,PRECOS-DE-VAREJO_MERCADO-CENTRAL-DE-ARACAJU_SEMANAL_23-25-E-30-MAR-2026-4.pdf
2026-03-30,2026,3,Marco,30,"03 Mar (23,25,30)",Origem animal,CARNE SUINA TRASEIRA,Kg,23.0,Mercado Maria Virginia Leite Franco,PRECOS-DE-VAREJO_MERCADO-CENTRAL-DE-ARACAJU_SEMANAL_23-25-E-30-MAR-2026-4.pdf
2026-03-30,2026,3,Marco,30,"03 Mar (23,25,30)",Origem animal,CHA DE DENTRO (COXAO MOLE),Kg,40.0,Mercado Maria Virginia Leite Franco,PRECOS-DE-VAREJO_MERCADO-CENTRAL-DE-ARACAJU_SEMANAL_23-25-E-30-MAR-2026-4.pdf
2026-03-30,2026,3,Marco,30,"03 Mar (23,25,30)",Origem animal,CHA DE FORA (COXAO DURO),Kg,38.0,Mercado Maria Virginia Leite Franco,PRECOS-DE-VAREJO_MERCADO-CENTRAL-DE-ARACAJU_SEMANAL_23-25-E-30-MAR-2026-4.pdf
2026-03-30,2026,3,Marco,30,"03 Mar (23,25,30)",Origem animal,CONTRA FILE,Kg,42.0,Mercado Maria Virginia Leite Franco,PRECOS-DE-VAREJO_MERCADO-CENTRAL-DE-ARACAJU_SEMANAL_23-25-E-30-MAR-2026-4.pdf
2026-03-30,2026,3,Marco,30,"03 Mar (23,25,30)",Origem animal,COSTELA,Kg,20.0,Mercado Maria Virginia Leite Franco,PRECOS-DE-VAREJO_MERCADO-CENTRAL-DE-ARACAJU_SEMANAL_23-25-E-30-MAR-2026-4.pdf
2026-03-30,2026,3,Marco,30,"03 Mar (23,25,30)",Origem animal,FILE MIGNION,Kg,50.0,Mercado Maria Virginia Leite Franco,PRECOS-DE-VAREJO_MERCADO-CENTRAL-DE-ARACAJU_SEMANAL_23-25-E-30-MAR-2026-4.pdf
2026-03-30,2026,3,Marco,30,"03 Mar (23,25,30)",Origem animal,FRANGO DE GRANJA,Kg,16.0,Mercado Maria Virginia Leite Franco,PRECOS-DE-VAREJO_MERCADO-CENTRAL-DE-ARACAJU_SEMANAL_23-25-E-30-MAR-2026-4.pdf
2026-03-30,2026,3,Marco,30,"03 Mar (23,25,30)",Origem animal,MANTEIGA,Kg,38.0,Mercado Maria Virginia Leite Franco,PRECOS-DE-VAREJO_MERCADO-CENTRAL-DE-ARACAJU_SEMANAL_23-25-E-30-MAR-2026-4.pdf
2026-03-30,2026,3,Marco,30,"03 Mar (23,25,30)",Origem animal,MUSCULO,Kg,25.0,Mercado Maria Virginia Leite Franco,PRECOS-DE-VAREJO_MERCADO-CENTRAL-DE-ARACAJU_SEMANAL_23-25-E-30-MAR-2026-4.pdf
2026-03-30,2026,3,Marco,30,"03 Mar (23,25,30)",Origem animal,OVO BRANCO GRANDE,Dz,7.0,Mercado Maria Virginia Leite Franco,PRECOS-DE-VAREJO_MERCADO-CENTRAL-DE-ARACAJU_SEMANAL_23-25-E-30-MAR-2026-4.pdf
2026-03-30,2026,3,Marco,30,"03 Mar (23,25,30)",Origem animal,OVO VERMELHO GRANDE,Dz,8.0,Mercado Maria Virginia Leite Franco,PRECOS-DE-VAREJO_MERCADO-CENTRAL-DE-ARACAJU_SEMANAL_23-25-E-30-MAR-2026-4.pdf
2026-03-30,2026,3,Marco,30,"03 Mar (23,25,30)",Origem animal,PALETA C/ OSSO,Kg,24.0,Mercado Maria Virginia Leite Franco,PRECOS-DE-VAREJO_MERCADO-CENTRAL-DE-ARACAJU_SEMANAL_23-25-E-30-MAR-2026-4.pdf
2026-03-30,2026,3,Marco,30,"03 Mar (23,25,30)",Origem animal,PATINHO,Kg,38.0,Mercado Maria Virginia Leite Franco,PRECOS-DE-VAREJO_MERCADO-CENTRAL-DE-ARACAJU_SEMANAL_23-25-E-30-MAR-2026-4.pdf
2026-03-30,2026,3,Marco,30,"03 Mar (23,25,30)",Origem animal,PEITO C/ OSSO,Kg,23.0,Mercado Maria Virginia Leite Franco,PRECOS-DE-VAREJO_MERCADO-CENTRAL-DE-ARACAJU_SEMANAL_23-25-E-30-MAR-2026-4.pdf
2026-03-30,2026,3,Marco,30,"03 Mar (23,25,30)",Origem animal,QUEIJO COALHO,Kg,28.0,Mercado Maria Virginia Leite Franco,PRECOS-DE-VAREJO_MERCADO-CENTRAL-DE-ARACAJU_SEMANAL_23-25-E-30-MAR-2026-4.pdf
2026-03-30,2026,3,Marco,30,"03 Mar (23,25,30)",Origem vegetal,ABACAXI GRANDE,Um,7.0,Mercado Maria Virginia Leite Franco,PRECOS-DE-VAREJO_MERCADO-CENTRAL-DE-ARACAJU_SEMANAL_23-25-E-30-MAR-2026-4.pdf
2026-03-30,2026,3,Marco,30,"03 Mar (23,25,30)",Origem vegetal,ABOBORA,Kg,6.0,Mercado Maria Virginia Leite Franco,PRECOS-DE-VAREJO_MERCADO-CENTRAL-DE-ARACAJU_SEMANAL_23-25-E-30-MAR-2026-4.pdf
2026-03-30,2026,3,Marco,30,"03 Mar (23,25,30)",Origem vegetal,ABOBRINHA,Kg,4.0,Mercado Maria Virginia Leite Franco,PRECOS-DE-VAREJO_MERCADO-CENTRAL-DE-ARACAJU_SEMANAL_23-25-E-30-MAR-2026-4.pdf
2026-03-30,2026,3,Marco,30,"03 Mar (23,25,30)",Origem vegetal,ACEROLA,Kg,6.0,Mercado Maria Virginia Leite Franco,PRECOS-DE-VAREJO_MERCADO-CENTRAL-DE-ARACAJU_SEMANAL_23-25-E-30-MAR-2026-4.pdf
2026-03-30,2026,3,Marco,30,"03 Mar (23,25,30)",Origem vegetal,ALFACE,Pe,2.0,Mercado Maria Virginia Leite Franco,PRECOS-DE-VAREJO_MERCADO-CENTRAL-DE-ARACAJU_SEMANAL_23-25-E-30-MAR-2026-4.pdf
2026-03-30,2026,3,Marco,30,"03 Mar (23,25,30)",Origem vegetal,ALHO,Kg,2.5,Mercado Maria Virginia Leite Franco,PRECOS-DE-VAREJO_MERCADO-CENTRAL-DE-ARACAJU_SEMANAL_23-25-E-30-MAR-2026-4.pdf
2026-03-30,2026,3,Marco,30,"03 Mar (23,25,30)",Origem vegetal,AMENDOIM C/CASCA COZIDO,Kg,10.0,Mercado Maria Virginia Leite Franco,PRECOS-DE-VAREJO_MERCADO-CENTRAL-DE-ARACAJU_SEMANAL_23-25-E-30-MAR-2026-4.pdf
2026-03-30,2026,3,Marco,30,"03 Mar (23,25,30)",Origem vegetal,ARROZ AGULHA T 1,Kg,6.5,Mercado Maria Virginia Leite Franco,PRECOS-DE-VAREJO_MERCADO-CENTRAL-DE-ARACAJU_SEMANAL_23-25-E-30-MAR-2026-4.pdf
2026-03-30,2026,3,Marco,30,"03 Mar (23,25,30)",Origem vegetal,BANANA PRATA,Dz,5.0,Mercado Maria Virginia Leite Franco,PRECOS-DE-VAREJO_MERCADO-CENTRAL-DE-ARACAJU_SEMANAL_23-25-E-30-MAR-2026-4.pdf
2026-03-30,2026,3,Marco,30,"03 Mar (23,25,30)",Origem vegetal,BATATA DOCE,Kg,5.0,Mercado Maria Virginia Leite Franco,PRECOS-DE-VAREJO_MERCADO-CENTRAL-DE-ARACAJU_SEMANAL_23-25-E-30-MAR-2026-4.pdf
2026-03-30,2026,3,Marco,30,"03 Mar (23,25,30)",Origem vegetal,BATATA LISA,Kg,6.0,Mercado Maria Virginia Leite Franco,PRECOS-DE-VAREJO_MERCADO-CENTRAL-DE-ARACAJU_SEMANAL_23-25-E-30-MAR-2026-4.pdf
2026-03-30,2026,3,Marco,30,"03 Mar (23,25,30)",Origem vegetal,BETERRABA,Kg,6.0,Mercado Maria Virginia Leite Franco,PRECOS-DE-VAREJO_MERCADO-CENTRAL-DE-ARACAJU_SEMANAL_23-25-E-30-MAR-2026-4.pdf
2026-03-30,2026,3,Marco,30,"03 Mar (23,25,30)",Origem vegetal,CAJU,Kg,1.0,Mercado Maria Virginia Leite Franco,PRECOS-DE-VAREJO_MERCADO-CENTRAL-DE-ARACAJU_SEMANAL_23-25-E-30-MAR-2026-4.pdf
2026-03-30,2026,3,Marco,30,"03 Mar (23,25,30)",Origem vegetal,CEBOLA BRANCA,Kg,5.0,Mercado Maria Virginia Leite Franco,PRECOS-DE-VAREJO_MERCADO-CENTRAL-DE-ARACAJU_SEMANAL_23-25-E-30-MAR-2026-4.pdf
2026-03-30,2026,3,Marco,30,"03 Mar (23,25,30)",Origem vegetal,CEBOLA ROXA,Kg,6.0,Mercado Maria Virginia Leite Franco,PRECOS-DE-VAREJO_MERCADO-CENTRAL-DE-ARACAJU_SEMANAL_23-25-E-30-MAR-2026-4.pdf
2026-03-30,2026,3,Marco,30,"03 Mar (23,25,30)",Origem vegetal,CEBOLINHA,Molho,2.0,Mercado Maria Virginia Leite Franco,PRECOS-DE-VAREJO_MERCADO-CENTRAL-DE-ARACAJU_SEMANAL_23-25-E-30-MAR-2026-4.pdf
2026-03-30,2026,3,Marco,30,"03 Mar (23,25,30)",Origem vegetal,CENOURA,Kg,4.0,Mercado Maria Virginia Leite Franco,PRECOS-DE-VAREJO_MERCADO-CENTRAL-DE-ARACAJU_SEMANAL_23-25-E-30-MAR-2026-4.pdf
2026-03-30,2026,3,Marco,30,"03 Mar (23,25,30)",Origem vegetal,CHUCHU,Um,2.0,Mercado Maria Virginia Leite Franco,PRECOS-DE-VAREJO_MERCADO-CENTRAL-DE-ARACAJU_SEMANAL_23-25-E-30-MAR-2026-4.pdf
2026-03-30,2026,3,Marco,30,"03 Mar (23,25,30)",Origem vegetal,COCO SECO,Um,7.0,Mercado Maria Virginia Leite Franco,PRECOS-DE-VAREJO_MERCADO-CENTRAL-DE-ARACAJU_SEMANAL_23-25-E-30-MAR-2026-4.pdf
2026-03-30,2026,3,Marco,30,"03 Mar (23,25,30)",Origem vegetal,COCO VERDE,Um,5.0,Mercado Maria Virginia Leite Franco,PRECOS-DE-VAREJO_MERCADO-CENTRAL-DE-ARACAJU_SEMANAL_23-25-E-30-MAR-2026-4.pdf
2026-03-30,2026,3,Marco,30,"03 Mar (23,25,30)",Origem vegetal,COENTRO,Molho,4.0,Mercado Maria Virginia Leite Franco,PRECOS-DE-VAREJO_MERCADO-CENTRAL-DE-ARACAJU_SEMANAL_23-25-E-30-MAR-2026-4.pdf
2026-03-30,2026,3,Marco,30,"03 Mar (23,25,30)",Origem vegetal,COUVE,Molho,2.0,Mercado Maria Virginia Leite Franco,PRECOS-DE-VAREJO_MERCADO-CENTRAL-DE-ARACAJU_SEMANAL_23-25-E-30-MAR-2026-4.pdf
2026-03-30,2026,3,Marco,30,"03 Mar (23,25,30)",Origem vegetal,COUVE-FLOR,Kg,13.0,Mercado Maria Virginia Leite Franco,PRECOS-DE-VAREJO_MERCADO-CENTRAL-DE-ARACAJU_SEMANAL_23-25-E-30-MAR-2026-4.pdf
2026-03-30,2026,3,Marco,30,"03 Mar (23,25,30)",Origem vegetal,FARINHA DE MANDIOCA,Kg,6.0,Mercado Maria Virginia Leite Franco,PRECOS-DE-VAREJO_MERCADO-CENTRAL-DE-ARACAJU_SEMANAL_23-25-E-30-MAR-2026-4.pdf
2026-03-30,2026,3,Marco,30,"03 Mar (23,25,30)",Origem vegetal,FEIJAO CARIOQUINHA,Kg,7.0,Mercado Maria Virginia Leite Franco,PRECOS-DE-VAREJO_MERCADO-CENTRAL-DE-ARACAJU_SEMANAL_23-25-E-30-MAR-2026-4.pdf
2026-03-30,2026,3,Marco,30,"03 Mar (23,25,30)",Origem vegetal,GOIABA VERMELHA,Kg,4.0,Mercado Maria Virginia Leite Franco,PRECOS-DE-VAREJO_MERCADO-CENTRAL-DE-ARACAJU_SEMANAL_23-25-E-30-MAR-2026-4.pdf
2026-03-30,2026,3,Marco,30,"03 Mar (23,25,30)",Origem vegetal,INHAME DA COSTA,Kg,10.0,Mercado Maria Virginia Leite Franco,PRECOS-DE-VAREJO_MERCADO-CENTRAL-DE-ARACAJU_SEMANAL_23-25-E-30-MAR-2026-4.pdf
2026-03-30,2026,3,Marco,30,"03 Mar (23,25,30)",Origem vegetal,LARANJA PERA,Uma,0.7,Mercado Maria Virginia Leite Franco,PRECOS-DE-VAREJO_MERCADO-CENTRAL-DE-ARACAJU_SEMANAL_23-25-E-30-MAR-2026-4.pdf
2026-03-30,2026,3,Marco,30,"03 Mar (23,25,30)",Origem vegetal,LIMAO TAITI,Kg,4.0,Mercado Maria Virginia Leite Franco,PRECOS-DE-VAREJO_MERCADO-CENTRAL-DE-ARACAJU_SEMANAL_23-25-E-30-MAR-2026-4.pdf
2026-03-30,2026,3,Marco,30,"03 Mar (23,25,30)",Origem vegetal,MACA NACIONAL,Kg,12.0,Mercado Maria Virginia Leite Franco,PRECOS-DE-VAREJO_MERCADO-CENTRAL-DE-ARACAJU_SEMANAL_23-25-E-30-MAR-2026-4.pdf
2026-03-30,2026,3,Marco,30,"03 Mar (23,25,30)",Origem vegetal,MACAXEIRA (AIPIM),Kg,3.0,Mercado Maria Virginia Leite Franco,PRECOS-DE-VAREJO_MERCADO-CENTRAL-DE-ARACAJU_SEMANAL_23-25-E-30-MAR-2026-4.pdf
2026-03-30,2026,3,Marco,30,"03 Mar (23,25,30)",Origem vegetal,MAMAO FORMOSA,Kg,3.0,Mercado Maria Virginia Leite Franco,PRECOS-DE-VAREJO_MERCADO-CENTRAL-DE-ARACAJU_SEMANAL_23-25-E-30-MAR-2026-4.pdf
2026-03-30,2026,3,Marco,30,"03 Mar (23,25,30)",Origem vegetal,MAMAO HAWAY,Kg,4.0,Mercado Maria Virginia Leite Franco,PRECOS-DE-VAREJO_MERCADO-CENTRAL-DE-ARACAJU_SEMANAL_23-25-E-30-MAR-2026-4.pdf
2026-03-30,2026,3,Marco,30,"03 Mar (23,25,30)",Origem vegetal,MANGA TOMMY,Kg,4.0,Mercado Maria Virginia Leite Franco,PRECOS-DE-VAREJO_MERCADO-CENTRAL-DE-ARACAJU_SEMANAL_23-25-E-30-MAR-2026-4.pdf
2026-03-30,2026,3,Marco,30,"03 Mar (23,25,30)",Origem vegetal,MARACUJA,Kg,7.0,Mercado Maria Virginia Leite Franco,PRECOS-DE-VAREJO_MERCADO-CENTRAL-DE-ARACAJU_SEMANAL_23-25-E-30-MAR-2026-4.pdf
2026-03-30,2026,3,Marco,30,"03 Mar (23,25,30)",Origem vegetal,MAXIXE,Kg,7.0,Mercado Maria Virginia Leite Franco,PRECOS-DE-VAREJO_MERCADO-CENTRAL-DE-ARACAJU_SEMANAL_23-25-E-30-MAR-2026-4.pdf
2026-03-30,2026,3,Marco,30,"03 Mar (23,25,30)",Origem vegetal,MELANCIA,Kg,1.5,Mercado Maria Virginia Leite Franco,PRECOS-DE-VAREJO_MERCADO-CENTRAL-DE-ARACAJU_SEMANAL_23-25-E-30-MAR-2026-4.pdf
2026-03-30,2026,3,Marco,30,"03 Mar (23,25,30)",Origem vegetal,MELAO ESPANHOL,Kg,5.0,Mercado Maria Virginia Leite Franco,PRECOS-DE-VAREJO_MERCADO-CENTRAL-DE-ARACAJU_SEMANAL_23-25-E-30-MAR-2026-4.pdf
2026-03-30,2026,3,Marco,30,"03 Mar (23,25,30)",Origem vegetal,MILHO EM GRAO,Kg,2.0,Mercado Maria Virginia Leite Franco,PRECOS-DE-VAREJO_MERCADO-CENTRAL-DE-ARACAJU_SEMANAL_23-25-E-30-MAR-2026-4.pdf
2026-03-30,2026,3,Marco,30,"03 Mar (23,25,30)",Origem vegetal,MILHO VERDE,Espiga,1.0,Mercado Maria Virginia Leite Franco,PRECOS-DE-VAREJO_MERCADO-CENTRAL-DE-ARACAJU_SEMANAL_23-25-E-30-MAR-2026-4.pdf
2026-03-30,2026,3,Marco,30,"03 Mar (23,25,30)",Origem vegetal,MORANGO,"Cx 0,3Kg",7.0,Mercado Maria Virginia Leite Franco,PRECOS-DE-VAREJO_MERCADO-CENTRAL-DE-ARACAJU_SEMANAL_23-25-E-30-MAR-2026-4.pdf
2026-03-30,2026,3,Marco,30,"03 Mar (23,25,30)",Origem vegetal,PIMENTAO VERDE,Um,2.0,Mercado Maria Virginia Leite Franco,PRECOS-DE-VAREJO_MERCADO-CENTRAL-DE-ARACAJU_SEMANAL_23-25-E-30-MAR-2026-4.pdf
2026-03-30,2026,3,Marco,30,"03 Mar (23,25,30)",Origem vegetal,QUIABO,Cento,40.0,Mercado Maria Virginia Leite Franco,PRECOS-DE-VAREJO_MERCADO-CENTRAL-DE-ARACAJU_SEMANAL_23-25-E-30-MAR-2026-4.pdf
2026-03-30,2026,3,Marco,30,"03 Mar (23,25,30)",Origem vegetal,REPOLHO VERDE,Kg,5.0,Mercado Maria Virginia Leite Franco,PRECOS-DE-VAREJO_MERCADO-CENTRAL-DE-ARACAJU_SEMANAL_23-25-E-30-MAR-2026-4.pdf
2026-03-30,2026,3,Marco,30,"03 Mar (23,25,30)",Origem vegetal,TOMATE,Kg,5.0,Mercado Maria Virginia Leite Franco,PRECOS-DE-VAREJO_MERCADO-CENTRAL-DE-ARACAJU_SEMANAL_23-25-E-30-MAR-2026-4.pdf
2026-03-30,2026,3,Marco,30,"03 Mar (23,25,30)",Origem vegetal,UVA SEM SEMENTE,Kg,12.0,Mercado Maria Virginia Leite Franco,PRECOS-DE-VAREJO_MERCADO-CENTRAL-DE-ARACAJU_SEMANAL_23-25-E-30-MAR-2026-4.pdf
2026-03-30,2026,3,Marco,30,"03 Mar (23,25,30)",Origem vegetal,VAGEM,Kg,18.0,Mercado Maria Virginia Leite Franco,PRECOS-DE-VAREJO_MERCADO-CENTRAL-DE-ARACAJU_SEMANAL_23-25-E-30-MAR-2026-4.pdf
2026-04-01,2026,4,Abril,1,"04 Abr (1,6,8)",Origem animal,ACEM C/ OSSO,Kg,25.0,Mercado Central,MERCADO-CENTRAL-16E-8-DE-ABRIL.pdf
2026-04-01,2026,4,Abril,1,"04 Abr (1,6,8)",Origem animal,ACEM S/ OSSO,Kg,34.0,Mercado Central,MERCADO-CENTRAL-16E-8-DE-ABRIL.pdf
2026-04-01,2026,4,Abril,1,"04 Abr (1,6,8)",Origem animal,ALCATRA,Kg,40.0,Mercado Central,MERCADO-CENTRAL-16E-8-DE-ABRIL.pdf
2026-04-01,2026,4,Abril,1,"04 Abr (1,6,8)",Origem animal,CARNE SUINA TRASEIRA,Kg,23.0,Mercado Central,MERCADO-CENTRAL-16E-8-DE-ABRIL.pdf
2026-04-01,2026,4,Abril,1,"04 Abr (1,6,8)",Origem animal,CHA DE DENTRO (COXAO MOLE),Kg,40.0,Mercado Central,MERCADO-CENTRAL-16E-8-DE-ABRIL.pdf
2026-04-01,2026,4,Abril,1,"04 Abr (1,6,8)",Origem animal,CHA DE FORA (COXAO DURO),Kg,38.0,Mercado Central,MERCADO-CENTRAL-16E-8-DE-ABRIL.pdf
2026-04-01,2026,4,Abril,1,"04 Abr (1,6,8)",Origem animal,CONTRA FILE,Kg,42.0,Mercado Central,MERCADO-CENTRAL-16E-8-DE-ABRIL.pdf
2026-04-01,2026,4,Abril,1,"04 Abr (1,6,8)",Origem animal,COSTELA,Kg,20.0,Mercado Central,MERCADO-CENTRAL-16E-8-DE-ABRIL.pdf
2026-04-01,2026,4,Abril,1,"04 Abr (1,6,8)",Origem animal,FILE MIGNION,Kg,50.0,Mercado Central,MERCADO-CENTRAL-16E-8-DE-ABRIL.pdf
2026-04-01,2026,4,Abril,1,"04 Abr (1,6,8)",Origem animal,FRANGO DE GRANJA,Kg,16.0,Mercado Central,MERCADO-CENTRAL-16E-8-DE-ABRIL.pdf
2026-04-01,2026,4,Abril,1,"04 Abr (1,6,8)",Origem animal,MANTEIGA,Kg,38.0,Mercado Central,MERCADO-CENTRAL-16E-8-DE-ABRIL.pdf
2026-04-01,2026,4,Abril,1,"04 Abr (1,6,8)",Origem animal,MUSCULO,Kg,25.0,Mercado Central,MERCADO-CENTRAL-16E-8-DE-ABRIL.pdf
2026-04-01,2026,4,Abril,1,"04 Abr (1,6,8)",Origem animal,OVO BRANCO GRANDE,Dz,7.0,Mercado Central,MERCADO-CENTRAL-16E-8-DE-ABRIL.pdf
2026-04-01,2026,4,Abril,1,"04 Abr (1,6,8)",Origem animal,OVO VERMELHO GRANDE,Dz,8.0,Mercado Central,MERCADO-CENTRAL-16E-8-DE-ABRIL.pdf
2026-04-01,2026,4,Abril,1,"04 Abr (1,6,8)",Origem animal,PALETA C/ OSSO,Kg,24.0,Mercado Central,MERCADO-CENTRAL-16E-8-DE-ABRIL.pdf
2026-04-01,2026,4,Abril,1,"04 Abr (1,6,8)",Origem animal,PATINHO,Kg,38.0,Mercado Central,MERCADO-CENTRAL-16E-8-DE-ABRIL.pdf
2026-04-01,2026,4,Abril,1,"04 Abr (1,6,8)",Origem animal,PEITO C/ OSSO,Kg,23.0,Mercado Central,MERCADO-CENTRAL-16E-8-DE-ABRIL.pdf
2026-04-01,2026,4,Abril,1,"04 Abr (1,6,8)",Origem animal,QUEIJO COALHO,Kg,28.0,Mercado Central,MERCADO-CENTRAL-16E-8-DE-ABRIL.pdf
2026-04-01,2026,4,Abril,1,"04 Abr (1,6,8)",Origem vegetal,ABACAXI GRANDE,Um,7.0,Mercado Central,MERCADO-CENTRAL-16E-8-DE-ABRIL.pdf
2026-04-01,2026,4,Abril,1,"04 Abr (1,6,8)",Origem vegetal,ABOBORA,Kg,6.0,Mercado Central,MERCADO-CENTRAL-16E-8-DE-ABRIL.pdf
2026-04-01,2026,4,Abril,1,"04 Abr (1,6,8)",Origem vegetal,ABOBRINHA,Kg,4.0,Mercado Central,MERCADO-CENTRAL-16E-8-DE-ABRIL.pdf
2026-04-01,2026,4,Abril,1,"04 Abr (1,6,8)",Origem vegetal,ACEROLA,Kg,6.0,Mercado Central,MERCADO-CENTRAL-16E-8-DE-ABRIL.pdf
2026-04-01,2026,4,Abril,1,"04 Abr (1,6,8)",Origem vegetal,ALFACE,Pe,2.0,Mercado Central,MERCADO-CENTRAL-16E-8-DE-ABRIL.pdf
2026-04-01,2026,4,Abril,1,"04 Abr (1,6,8)",Origem vegetal,ALHO,Cab.,2.5,Mercado Central,MERCADO-CENTRAL-16E-8-DE-ABRIL.pdf
2026-04-01,2026,4,Abril,1,"04 Abr (1,6,8)",Origem vegetal,AMENDOIM C/CASCA COZIDO,Kg,10.0,Mercado Central,MERCADO-CENTRAL-16E-8-DE-ABRIL.pdf
2026-04-01,2026,4,Abril,1,"04 Abr (1,6,8)",Origem vegetal,ARROZ AGULHA T 1,Kg,6.5,Mercado Central,MERCADO-CENTRAL-16E-8-DE-ABRIL.pdf
2026-04-01,2026,4,Abril,1,"04 Abr (1,6,8)",Origem vegetal,BANANA PRATA,Dz,5.0,Mercado Central,MERCADO-CENTRAL-16E-8-DE-ABRIL.pdf
2026-04-01,2026,4,Abril,1,"04 Abr (1,6,8)",Origem vegetal,BATATA DOCE,Kg,5.0,Mercado Central,MERCADO-CENTRAL-16E-8-DE-ABRIL.pdf
2026-04-01,2026,4,Abril,1,"04 Abr (1,6,8)",Origem vegetal,BATATA LISA,Kg,6.0,Mercado Central,MERCADO-CENTRAL-16E-8-DE-ABRIL.pdf
2026-04-01,2026,4,Abril,1,"04 Abr (1,6,8)",Origem vegetal,BETERRABA,Kg,6.0,Mercado Central,MERCADO-CENTRAL-16E-8-DE-ABRIL.pdf
2026-04-01,2026,4,Abril,1,"04 Abr (1,6,8)",Origem vegetal,CAJU,Um,1.0,Mercado Central,MERCADO-CENTRAL-16E-8-DE-ABRIL.pdf
2026-04-01,2026,4,Abril,1,"04 Abr (1,6,8)",Origem vegetal,CEBOLA BRANCA,Kg,5.0,Mercado Central,MERCADO-CENTRAL-16E-8-DE-ABRIL.pdf
2026-04-01,2026,4,Abril,1,"04 Abr (1,6,8)",Origem vegetal,CEBOLA ROXA,Kg,6.0,Mercado Central,MERCADO-CENTRAL-16E-8-DE-ABRIL.pdf
2026-04-01,2026,4,Abril,1,"04 Abr (1,6,8)",Origem vegetal,CEBOLINHA,Molho,2.0,Mercado Central,MERCADO-CENTRAL-16E-8-DE-ABRIL.pdf
2026-04-01,2026,4,Abril,1,"04 Abr (1,6,8)",Origem vegetal,CENOURA,Kg,4.0,Mercado Central,MERCADO-CENTRAL-16E-8-DE-ABRIL.pdf
2026-04-01,2026,4,Abril,1,"04 Abr (1,6,8)",Origem vegetal,CHUCHU,Um,2.0,Mercado Central,MERCADO-CENTRAL-16E-8-DE-ABRIL.pdf
2026-04-01,2026,4,Abril,1,"04 Abr (1,6,8)",Origem vegetal,COCO SECO,Um,7.0,Mercado Central,MERCADO-CENTRAL-16E-8-DE-ABRIL.pdf
2026-04-01,2026,4,Abril,1,"04 Abr (1,6,8)",Origem vegetal,COCO VERDE,Um,5.0,Mercado Central,MERCADO-CENTRAL-16E-8-DE-ABRIL.pdf
2026-04-01,2026,4,Abril,1,"04 Abr (1,6,8)",Origem vegetal,COENTRO,Molho,4.0,Mercado Central,MERCADO-CENTRAL-16E-8-DE-ABRIL.pdf
2026-04-01,2026,4,Abril,1,"04 Abr (1,6,8)",Origem vegetal,COUVE,Molho,2.0,Mercado Central,MERCADO-CENTRAL-16E-8-DE-ABRIL.pdf
2026-04-01,2026,4,Abril,1,"04 Abr (1,6,8)",Origem vegetal,COUVE-FLOR,Kg,13.0,Mercado Central,MERCADO-CENTRAL-16E-8-DE-ABRIL.pdf
2026-04-01,2026,4,Abril,1,"04 Abr (1,6,8)",Origem vegetal,FARINHA DE MANDIOCA,Kg,6.0,Mercado Central,MERCADO-CENTRAL-16E-8-DE-ABRIL.pdf
2026-04-01,2026,4,Abril,1,"04 Abr (1,6,8)",Origem vegetal,FEIJAO CARIOQUINHA,Kg,7.0,Mercado Central,MERCADO-CENTRAL-16E-8-DE-ABRIL.pdf
2026-04-01,2026,4,Abril,1,"04 Abr (1,6,8)",Origem vegetal,GOIABA VERMELHA,Kg,4.0,Mercado Central,MERCADO-CENTRAL-16E-8-DE-ABRIL.pdf
2026-04-01,2026,4,Abril,1,"04 Abr (1,6,8)",Origem vegetal,INHAME DA COSTA,Kg,10.0,Mercado Central,MERCADO-CENTRAL-16E-8-DE-ABRIL.pdf
2026-04-01,2026,4,Abril,1,"04 Abr (1,6,8)",Origem vegetal,LARANJA PERA,Uma,0.7,Mercado Central,MERCADO-CENTRAL-16E-8-DE-ABRIL.pdf
2026-04-01,2026,4,Abril,1,"04 Abr (1,6,8)",Origem vegetal,LIMAO TAITI,Kg,4.0,Mercado Central,MERCADO-CENTRAL-16E-8-DE-ABRIL.pdf
2026-04-01,2026,4,Abril,1,"04 Abr (1,6,8)",Origem vegetal,MACA NACIONAL,Kg,12.0,Mercado Central,MERCADO-CENTRAL-16E-8-DE-ABRIL.pdf
2026-04-01,2026,4,Abril,1,"04 Abr (1,6,8)",Origem vegetal,MACAXEIRA (AIPIM),Kg,3.0,Mercado Central,MERCADO-CENTRAL-16E-8-DE-ABRIL.pdf
2026-04-01,2026,4,Abril,1,"04 Abr (1,6,8)",Origem vegetal,MAMAO FORMOSA,Kg,3.0,Mercado Central,MERCADO-CENTRAL-16E-8-DE-ABRIL.pdf
2026-04-01,2026,4,Abril,1,"04 Abr (1,6,8)",Origem vegetal,MAMAO HAWAY,Kg,4.0,Mercado Central,MERCADO-CENTRAL-16E-8-DE-ABRIL.pdf
2026-04-01,2026,4,Abril,1,"04 Abr (1,6,8)",Origem vegetal,MANGA TOMMY,Kg,4.0,Mercado Central,MERCADO-CENTRAL-16E-8-DE-ABRIL.pdf
2026-04-01,2026,4,Abril,1,"04 Abr (1,6,8)",Origem vegetal,MARACUJA,Kg,7.0,Mercado Central,MERCADO-CENTRAL-16E-8-DE-ABRIL.pdf
2026-04-01,2026,4,Abril,1,"04 Abr (1,6,8)",Origem vegetal,MAXIXE,Kg,7.0,Mercado Central,MERCADO-CENTRAL-16E-8-DE-ABRIL.pdf
2026-04-01,2026,4,Abril,1,"04 Abr (1,6,8)",Origem vegetal,MELANCIA,Kg,1.5,Mercado Central,MERCADO-CENTRAL-16E-8-DE-ABRIL.pdf
2026-04-01,2026,4,Abril,1,"04 Abr (1,6,8)",Origem vegetal,MELAO ESPANHOL,Um,5.0,Mercado Central,MERCADO-CENTRAL-16E-8-DE-ABRIL.pdf
2026-04-01,2026,4,Abril,1,"04 Abr (1,6,8)",Origem vegetal,MILHO EM GRAO,Kg,2.0,Mercado Central,MERCADO-CENTRAL-16E-8-DE-ABRIL.pdf
2026-04-01,2026,4,Abril,1,"04 Abr (1,6,8)",Origem vegetal,MILHO VERDE,Espiga,1.0,Mercado Central,MERCADO-CENTRAL-16E-8-DE-ABRIL.pdf
2026-04-01,2026,4,Abril,1,"04 Abr (1,6,8)",Origem vegetal,MORANGO,"Cx 0,3Kg",7.0,Mercado Central,MERCADO-CENTRAL-16E-8-DE-ABRIL.pdf
2026-04-01,2026,4,Abril,1,"04 Abr (1,6,8)",Origem vegetal,PIMENTAO VERDE,Kg,2.0,Mercado Central,MERCADO-CENTRAL-16E-8-DE-ABRIL.pdf
2026-04-01,2026,4,Abril,1,"04 Abr (1,6,8)",Origem vegetal,QUIABO,Cento,40.0,Mercado Central,MERCADO-CENTRAL-16E-8-DE-ABRIL.pdf
2026-04-01,2026,4,Abril,1,"04 Abr (1,6,8)",Origem vegetal,REPOLHO VERDE,Kg,5.0,Mercado Central,MERCADO-CENTRAL-16E-8-DE-ABRIL.pdf
2026-04-01,2026,4,Abril,1,"04 Abr (1,6,8)",Origem vegetal,TOMATE,Kg,5.0,Mercado Central,MERCADO-CENTRAL-16E-8-DE-ABRIL.pdf
2026-04-01,2026,4,Abril,1,"04 Abr (1,6,8)",Origem vegetal,UVA SEM SEMENTE,Kg,12.0,Mercado Central,MERCADO-CENTRAL-16E-8-DE-ABRIL.pdf
2026-04-01,2026,4,Abril,1,"04 Abr (1,6,8)",Origem vegetal,VAGEM,Kg,18.0,Mercado Central,MERCADO-CENTRAL-16E-8-DE-ABRIL.pdf
2026-04-06,2026,4,Abril,6,"04 Abr (1,6,8)",Origem animal,ACEM C/ OSSO,Kg,26.0,Mercado Central,MERCADO-CENTRAL-16E-8-DE-ABRIL.pdf
2026-04-06,2026,4,Abril,6,"04 Abr (1,6,8)",Origem animal,ACEM S/ OSSO,Kg,35.0,Mercado Central,MERCADO-CENTRAL-16E-8-DE-ABRIL.pdf
2026-04-06,2026,4,Abril,6,"04 Abr (1,6,8)",Origem animal,ALCATRA,Kg,44.0,Mercado Central,MERCADO-CENTRAL-16E-8-DE-ABRIL.pdf
2026-04-06,2026,4,Abril,6,"04 Abr (1,6,8)",Origem animal,CARNE SUINA TRASEIRA,Kg,23.0,Mercado Central,MERCADO-CENTRAL-16E-8-DE-ABRIL.pdf
2026-04-06,2026,4,Abril,6,"04 Abr (1,6,8)",Origem animal,CHA DE DENTRO (COXAO MOLE),Kg,44.0,Mercado Central,MERCADO-CENTRAL-16E-8-DE-ABRIL.pdf
2026-04-06,2026,4,Abril,6,"04 Abr (1,6,8)",Origem animal,CHA DE FORA (COXAO DURO),Kg,39.0,Mercado Central,MERCADO-CENTRAL-16E-8-DE-ABRIL.pdf
2026-04-06,2026,4,Abril,6,"04 Abr (1,6,8)",Origem animal,CONTRA FILE,Kg,45.0,Mercado Central,MERCADO-CENTRAL-16E-8-DE-ABRIL.pdf
2026-04-06,2026,4,Abril,6,"04 Abr (1,6,8)",Origem animal,COSTELA,Kg,22.0,Mercado Central,MERCADO-CENTRAL-16E-8-DE-ABRIL.pdf
2026-04-06,2026,4,Abril,6,"04 Abr (1,6,8)",Origem animal,FILE MIGNION,Kg,55.0,Mercado Central,MERCADO-CENTRAL-16E-8-DE-ABRIL.pdf
2026-04-06,2026,4,Abril,6,"04 Abr (1,6,8)",Origem animal,FRANGO DE GRANJA,Kg,16.0,Mercado Central,MERCADO-CENTRAL-16E-8-DE-ABRIL.pdf
2026-04-06,2026,4,Abril,6,"04 Abr (1,6,8)",Origem animal,MANTEIGA,Kg,38.0,Mercado Central,MERCADO-CENTRAL-16E-8-DE-ABRIL.pdf
2026-04-06,2026,4,Abril,6,"04 Abr (1,6,8)",Origem animal,MUSCULO,Kg,27.0,Mercado Central,MERCADO-CENTRAL-16E-8-DE-ABRIL.pdf
2026-04-06,2026,4,Abril,6,"04 Abr (1,6,8)",Origem animal,OVO BRANCO GRANDE,Dz,8.0,Mercado Central,MERCADO-CENTRAL-16E-8-DE-ABRIL.pdf
2026-04-06,2026,4,Abril,6,"04 Abr (1,6,8)",Origem animal,OVO VERMELHO GRANDE,Dz,9.0,Mercado Central,MERCADO-CENTRAL-16E-8-DE-ABRIL.pdf
2026-04-06,2026,4,Abril,6,"04 Abr (1,6,8)",Origem animal,PALETA C/ OSSO,Kg,25.0,Mercado Central,MERCADO-CENTRAL-16E-8-DE-ABRIL.pdf
2026-04-06,2026,4,Abril,6,"04 Abr (1,6,8)",Origem animal,PATINHO,Kg,38.0,Mercado Central,MERCADO-CENTRAL-16E-8-DE-ABRIL.pdf
2026-04-06,2026,4,Abril,6,"04 Abr (1,6,8)",Origem animal,PEITO C/ OSSO,Kg,25.0,Mercado Central,MERCADO-CENTRAL-16E-8-DE-ABRIL.pdf
2026-04-06,2026,4,Abril,6,"04 Abr (1,6,8)",Origem animal,QUEIJO COALHO,Kg,28.0,Mercado Central,MERCADO-CENTRAL-16E-8-DE-ABRIL.pdf
2026-04-06,2026,4,Abril,6,"04 Abr (1,6,8)",Origem vegetal,ABACAXI GRANDE,Um,7.0,Mercado Central,MERCADO-CENTRAL-16E-8-DE-ABRIL.pdf
2026-04-06,2026,4,Abril,6,"04 Abr (1,6,8)",Origem vegetal,ABOBORA,Kg,6.0,Mercado Central,MERCADO-CENTRAL-16E-8-DE-ABRIL.pdf
2026-04-06,2026,4,Abril,6,"04 Abr (1,6,8)",Origem vegetal,ABOBRINHA,Kg,4.0,Mercado Central,MERCADO-CENTRAL-16E-8-DE-ABRIL.pdf
2026-04-06,2026,4,Abril,6,"04 Abr (1,6,8)",Origem vegetal,ACEROLA,Kg,6.0,Mercado Central,MERCADO-CENTRAL-16E-8-DE-ABRIL.pdf
2026-04-06,2026,4,Abril,6,"04 Abr (1,6,8)",Origem vegetal,ALFACE,Pe,2.0,Mercado Central,MERCADO-CENTRAL-16E-8-DE-ABRIL.pdf
2026-04-06,2026,4,Abril,6,"04 Abr (1,6,8)",Origem vegetal,ALHO,Cab.,2.5,Mercado Central,MERCADO-CENTRAL-16E-8-DE-ABRIL.pdf
2026-04-06,2026,4,Abril,6,"04 Abr (1,6,8)",Origem vegetal,AMENDOIM C/CASCA COZIDO,Kg,10.0,Mercado Central,MERCADO-CENTRAL-16E-8-DE-ABRIL.pdf
2026-04-06,2026,4,Abril,6,"04 Abr (1,6,8)",Origem vegetal,ARROZ AGULHA T 1,Kg,6.5,Mercado Central,MERCADO-CENTRAL-16E-8-DE-ABRIL.pdf
2026-04-06,2026,4,Abril,6,"04 Abr (1,6,8)",Origem vegetal,BANANA PRATA,Dz,5.0,Mercado Central,MERCADO-CENTRAL-16E-8-DE-ABRIL.pdf
2026-04-06,2026,4,Abril,6,"04 Abr (1,6,8)",Origem vegetal,BATATA DOCE,Kg,5.0,Mercado Central,MERCADO-CENTRAL-16E-8-DE-ABRIL.pdf
2026-04-06,2026,4,Abril,6,"04 Abr (1,6,8)",Origem vegetal,BATATA LISA,Kg,6.0,Mercado Central,MERCADO-CENTRAL-16E-8-DE-ABRIL.pdf
2026-04-06,2026,4,Abril,6,"04 Abr (1,6,8)",Origem vegetal,BETERRABA,Kg,6.0,Mercado Central,MERCADO-CENTRAL-16E-8-DE-ABRIL.pdf
2026-04-06,2026,4,Abril,6,"04 Abr (1,6,8)",Origem vegetal,CAJU,Um,1.0,Mercado Central,MERCADO-CENTRAL-16E-8-DE-ABRIL.pdf
2026-04-06,2026,4,Abril,6,"04 Abr (1,6,8)",Origem vegetal,CEBOLA BRANCA,Kg,5.0,Mercado Central,MERCADO-CENTRAL-16E-8-DE-ABRIL.pdf
2026-04-06,2026,4,Abril,6,"04 Abr (1,6,8)",Origem vegetal,CEBOLA ROXA,Kg,6.0,Mercado Central,MERCADO-CENTRAL-16E-8-DE-ABRIL.pdf
2026-04-06,2026,4,Abril,6,"04 Abr (1,6,8)",Origem vegetal,CEBOLINHA,Molho,2.0,Mercado Central,MERCADO-CENTRAL-16E-8-DE-ABRIL.pdf
2026-04-06,2026,4,Abril,6,"04 Abr (1,6,8)",Origem vegetal,CENOURA,Kg,4.0,Mercado Central,MERCADO-CENTRAL-16E-8-DE-ABRIL.pdf
2026-04-06,2026,4,Abril,6,"04 Abr (1,6,8)",Origem vegetal,CHUCHU,Um,2.0,Mercado Central,MERCADO-CENTRAL-16E-8-DE-ABRIL.pdf
2026-04-06,2026,4,Abril,6,"04 Abr (1,6,8)",Origem vegetal,COCO SECO,Um,7.0,Mercado Central,MERCADO-CENTRAL-16E-8-DE-ABRIL.pdf
2026-04-06,2026,4,Abril,6,"04 Abr (1,6,8)",Origem vegetal,COCO VERDE,Um,5.0,Mercado Central,MERCADO-CENTRAL-16E-8-DE-ABRIL.pdf
2026-04-06,2026,4,Abril,6,"04 Abr (1,6,8)",Origem vegetal,COENTRO,Molho,2.0,Mercado Central,MERCADO-CENTRAL-16E-8-DE-ABRIL.pdf
2026-04-06,2026,4,Abril,6,"04 Abr (1,6,8)",Origem vegetal,COUVE,Molho,2.0,Mercado Central,MERCADO-CENTRAL-16E-8-DE-ABRIL.pdf
2026-04-06,2026,4,Abril,6,"04 Abr (1,6,8)",Origem vegetal,COUVE-FLOR,Kg,13.0,Mercado Central,MERCADO-CENTRAL-16E-8-DE-ABRIL.pdf
2026-04-06,2026,4,Abril,6,"04 Abr (1,6,8)",Origem vegetal,FARINHA DE MANDIOCA,Kg,6.0,Mercado Central,MERCADO-CENTRAL-16E-8-DE-ABRIL.pdf
2026-04-06,2026,4,Abril,6,"04 Abr (1,6,8)",Origem vegetal,FEIJAO CARIOQUINHA,Kg,7.0,Mercado Central,MERCADO-CENTRAL-16E-8-DE-ABRIL.pdf
2026-04-06,2026,4,Abril,6,"04 Abr (1,6,8)",Origem vegetal,GOIABA VERMELHA,Kg,4.0,Mercado Central,MERCADO-CENTRAL-16E-8-DE-ABRIL.pdf
2026-04-06,2026,4,Abril,6,"04 Abr (1,6,8)",Origem vegetal,INHAME DA COSTA,Kg,10.0,Mercado Central,MERCADO-CENTRAL-16E-8-DE-ABRIL.pdf
2026-04-06,2026,4,Abril,6,"04 Abr (1,6,8)",Origem vegetal,LARANJA PERA,Uma,0.7,Mercado Central,MERCADO-CENTRAL-16E-8-DE-ABRIL.pdf
2026-04-06,2026,4,Abril,6,"04 Abr (1,6,8)",Origem vegetal,LIMAO TAITI,Kg,4.0,Mercado Central,MERCADO-CENTRAL-16E-8-DE-ABRIL.pdf
2026-04-06,2026,4,Abril,6,"04 Abr (1,6,8)",Origem vegetal,MACA NACIONAL,Kg,12.0,Mercado Central,MERCADO-CENTRAL-16E-8-DE-ABRIL.pdf
2026-04-06,2026,4,Abril,6,"04 Abr (1,6,8)",Origem vegetal,MACAXEIRA (AIPIM),Kg,3.0,Mercado Central,MERCADO-CENTRAL-16E-8-DE-ABRIL.pdf
2026-04-06,2026,4,Abril,6,"04 Abr (1,6,8)",Origem vegetal,MAMAO FORMOSA,Kg,3.0,Mercado Central,MERCADO-CENTRAL-16E-8-DE-ABRIL.pdf
2026-04-06,2026,4,Abril,6,"04 Abr (1,6,8)",Origem vegetal,MAMAO HAWAY,Kg,4.0,Mercado Central,MERCADO-CENTRAL-16E-8-DE-ABRIL.pdf
2026-04-06,2026,4,Abril,6,"04 Abr (1,6,8)",Origem vegetal,MANGA TOMMY,Kg,4.0,Mercado Central,MERCADO-CENTRAL-16E-8-DE-ABRIL.pdf
2026-04-06,2026,4,Abril,6,"04 Abr (1,6,8)",Origem vegetal,MARACUJA,Kg,7.0,Mercado Central,MERCADO-CENTRAL-16E-8-DE-ABRIL.pdf
2026-04-06,2026,4,Abril,6,"04 Abr (1,6,8)",Origem vegetal,MAXIXE,Kg,7.0,Mercado Central,MERCADO-CENTRAL-16E-8-DE-ABRIL.pdf
2026-04-06,2026,4,Abril,6,"04 Abr (1,6,8)",Origem vegetal,MELANCIA,Kg,1.5,Mercado Central,MERCADO-CENTRAL-16E-8-DE-ABRIL.pdf
2026-04-06,2026,4,Abril,6,"04 Abr (1,6,8)",Origem vegetal,MELAO ESPANHOL,Um,5.0,Mercado Central,MERCADO-CENTRAL-16E-8-DE-ABRIL.pdf
2026-04-06,2026,4,Abril,6,"04 Abr (1,6,8)",Origem vegetal,MILHO EM GRAO,Kg,2.0,Mercado Central,MERCADO-CENTRAL-16E-8-DE-ABRIL.pdf
2026-04-06,2026,4,Abril,6,"04 Abr (1,6,8)",Origem vegetal,MILHO VERDE,Espiga,1.0,Mercado Central,MERCADO-CENTRAL-16E-8-DE-ABRIL.pdf
2026-04-06,2026,4,Abril,6,"04 Abr (1,6,8)",Origem vegetal,MORANGO,"Cx 0,3Kg",7.0,Mercado Central,MERCADO-CENTRAL-16E-8-DE-ABRIL.pdf
2026-04-06,2026,4,Abril,6,"04 Abr (1,6,8)",Origem vegetal,PIMENTAO VERDE,Kg,2.0,Mercado Central,MERCADO-CENTRAL-16E-8-DE-ABRIL.pdf
2026-04-06,2026,4,Abril,6,"04 Abr (1,6,8)",Origem vegetal,QUIABO,Cento,20.0,Mercado Central,MERCADO-CENTRAL-16E-8-DE-ABRIL.pdf
2026-04-06,2026,4,Abril,6,"04 Abr (1,6,8)",Origem vegetal,REPOLHO VERDE,Kg,5.0,Mercado Central,MERCADO-CENTRAL-16E-8-DE-ABRIL.pdf
2026-04-06,2026,4,Abril,6,"04 Abr (1,6,8)",Origem vegetal,TOMATE,Kg,5.0,Mercado Central,MERCADO-CENTRAL-16E-8-DE-ABRIL.pdf
2026-04-06,2026,4,Abril,6,"04 Abr (1,6,8)",Origem vegetal,UVA SEM SEMENTE,Kg,12.0,Mercado Central,MERCADO-CENTRAL-16E-8-DE-ABRIL.pdf
2026-04-06,2026,4,Abril,6,"04 Abr (1,6,8)",Origem vegetal,VAGEM,Kg,18.0,Mercado Central,MERCADO-CENTRAL-16E-8-DE-ABRIL.pdf
2026-04-08,2026,4,Abril,8,"04 Abr (1,6,8)",Origem animal,ACEM C/ OSSO,Kg,26.0,Mercado Central,MERCADO-CENTRAL-16E-8-DE-ABRIL.pdf
2026-04-08,2026,4,Abril,8,"04 Abr (1,6,8)",Origem animal,ACEM S/ OSSO,Kg,35.0,Mercado Central,MERCADO-CENTRAL-16E-8-DE-ABRIL.pdf
2026-04-08,2026,4,Abril,8,"04 Abr (1,6,8)",Origem animal,ALCATRA,Kg,44.0,Mercado Central,MERCADO-CENTRAL-16E-8-DE-ABRIL.pdf
2026-04-08,2026,4,Abril,8,"04 Abr (1,6,8)",Origem animal,CARNE SUINA TRASEIRA,Kg,23.0,Mercado Central,MERCADO-CENTRAL-16E-8-DE-ABRIL.pdf
2026-04-08,2026,4,Abril,8,"04 Abr (1,6,8)",Origem animal,CHA DE DENTRO (COXAO MOLE),Kg,44.0,Mercado Central,MERCADO-CENTRAL-16E-8-DE-ABRIL.pdf
2026-04-08,2026,4,Abril,8,"04 Abr (1,6,8)",Origem animal,CHA DE FORA (COXAO DURO),Kg,39.0,Mercado Central,MERCADO-CENTRAL-16E-8-DE-ABRIL.pdf
2026-04-08,2026,4,Abril,8,"04 Abr (1,6,8)",Origem animal,CONTRA FILE,Kg,45.0,Mercado Central,MERCADO-CENTRAL-16E-8-DE-ABRIL.pdf
2026-04-08,2026,4,Abril,8,"04 Abr (1,6,8)",Origem animal,COSTELA,Kg,22.0,Mercado Central,MERCADO-CENTRAL-16E-8-DE-ABRIL.pdf
2026-04-08,2026,4,Abril,8,"04 Abr (1,6,8)",Origem animal,FILE MIGNION,Kg,55.0,Mercado Central,MERCADO-CENTRAL-16E-8-DE-ABRIL.pdf
2026-04-08,2026,4,Abril,8,"04 Abr (1,6,8)",Origem animal,FRANGO DE GRANJA,Kg,16.0,Mercado Central,MERCADO-CENTRAL-16E-8-DE-ABRIL.pdf
2026-04-08,2026,4,Abril,8,"04 Abr (1,6,8)",Origem animal,MANTEIGA,Kg,38.0,Mercado Central,MERCADO-CENTRAL-16E-8-DE-ABRIL.pdf
2026-04-08,2026,4,Abril,8,"04 Abr (1,6,8)",Origem animal,MUSCULO,Kg,27.0,Mercado Central,MERCADO-CENTRAL-16E-8-DE-ABRIL.pdf
2026-04-08,2026,4,Abril,8,"04 Abr (1,6,8)",Origem animal,OVO BRANCO GRANDE,Dz,8.0,Mercado Central,MERCADO-CENTRAL-16E-8-DE-ABRIL.pdf
2026-04-08,2026,4,Abril,8,"04 Abr (1,6,8)",Origem animal,OVO VERMELHO GRANDE,Dz,9.0,Mercado Central,MERCADO-CENTRAL-16E-8-DE-ABRIL.pdf
2026-04-08,2026,4,Abril,8,"04 Abr (1,6,8)",Origem animal,PALETA C/ OSSO,Kg,25.0,Mercado Central,MERCADO-CENTRAL-16E-8-DE-ABRIL.pdf
2026-04-08,2026,4,Abril,8,"04 Abr (1,6,8)",Origem animal,PATINHO,Kg,38.0,Mercado Central,MERCADO-CENTRAL-16E-8-DE-ABRIL.pdf
2026-04-08,2026,4,Abril,8,"04 Abr (1,6,8)",Origem animal,PEITO C/ OSSO,Kg,25.0,Mercado Central,MERCADO-CENTRAL-16E-8-DE-ABRIL.pdf
2026-04-08,2026,4,Abril,8,"04 Abr (1,6,8)",Origem animal,QUEIJO COALHO,Kg,28.0,Mercado Central,MERCADO-CENTRAL-16E-8-DE-ABRIL.pdf
2026-04-08,2026,4,Abril,8,"04 Abr (1,6,8)",Origem vegetal,ABACAXI GRANDE,Um,7.0,Mercado Central,MERCADO-CENTRAL-16E-8-DE-ABRIL.pdf
2026-04-08,2026,4,Abril,8,"04 Abr (1,6,8)",Origem vegetal,ABOBORA,Kg,6.0,Mercado Central,MERCADO-CENTRAL-16E-8-DE-ABRIL.pdf
2026-04-08,2026,4,Abril,8,"04 Abr (1,6,8)",Origem vegetal,ABOBRINHA,Kg,4.0,Mercado Central,MERCADO-CENTRAL-16E-8-DE-ABRIL.pdf
2026-04-08,2026,4,Abril,8,"04 Abr (1,6,8)",Origem vegetal,ACEROLA,Kg,6.0,Mercado Central,MERCADO-CENTRAL-16E-8-DE-ABRIL.pdf
2026-04-08,2026,4,Abril,8,"04 Abr (1,6,8)",Origem vegetal,ALFACE,Pe,2.0,Mercado Central,MERCADO-CENTRAL-16E-8-DE-ABRIL.pdf
2026-04-08,2026,4,Abril,8,"04 Abr (1,6,8)",Origem vegetal,ALHO,Cab.,2.5,Mercado Central,MERCADO-CENTRAL-16E-8-DE-ABRIL.pdf
2026-04-08,2026,4,Abril,8,"04 Abr (1,6,8)",Origem vegetal,AMENDOIM C/CASCA COZIDO,Kg,10.0,Mercado Central,MERCADO-CENTRAL-16E-8-DE-ABRIL.pdf
2026-04-08,2026,4,Abril,8,"04 Abr (1,6,8)",Origem vegetal,ARROZ AGULHA T 1,Kg,6.5,Mercado Central,MERCADO-CENTRAL-16E-8-DE-ABRIL.pdf
2026-04-08,2026,4,Abril,8,"04 Abr (1,6,8)",Origem vegetal,BANANA PRATA,Dz,5.0,Mercado Central,MERCADO-CENTRAL-16E-8-DE-ABRIL.pdf
2026-04-08,2026,4,Abril,8,"04 Abr (1,6,8)",Origem vegetal,BATATA DOCE,Kg,5.0,Mercado Central,MERCADO-CENTRAL-16E-8-DE-ABRIL.pdf
2026-04-08,2026,4,Abril,8,"04 Abr (1,6,8)",Origem vegetal,BATATA LISA,Kg,6.0,Mercado Central,MERCADO-CENTRAL-16E-8-DE-ABRIL.pdf
2026-04-08,2026,4,Abril,8,"04 Abr (1,6,8)",Origem vegetal,BETERRABA,Kg,6.0,Mercado Central,MERCADO-CENTRAL-16E-8-DE-ABRIL.pdf
2026-04-08,2026,4,Abril,8,"04 Abr (1,6,8)",Origem vegetal,CAJU,Um,1.0,Mercado Central,MERCADO-CENTRAL-16E-8-DE-ABRIL.pdf
2026-04-08,2026,4,Abril,8,"04 Abr (1,6,8)",Origem vegetal,CEBOLA BRANCA,Kg,5.0,Mercado Central,MERCADO-CENTRAL-16E-8-DE-ABRIL.pdf
2026-04-08,2026,4,Abril,8,"04 Abr (1,6,8)",Origem vegetal,CEBOLA ROXA,Kg,6.0,Mercado Central,MERCADO-CENTRAL-16E-8-DE-ABRIL.pdf
2026-04-08,2026,4,Abril,8,"04 Abr (1,6,8)",Origem vegetal,CEBOLINHA,Molho,2.0,Mercado Central,MERCADO-CENTRAL-16E-8-DE-ABRIL.pdf
2026-04-08,2026,4,Abril,8,"04 Abr (1,6,8)",Origem vegetal,CENOURA,Kg,4.0,Mercado Central,MERCADO-CENTRAL-16E-8-DE-ABRIL.pdf
2026-04-08,2026,4,Abril,8,"04 Abr (1,6,8)",Origem vegetal,CHUCHU,Um,2.0,Mercado Central,MERCADO-CENTRAL-16E-8-DE-ABRIL.pdf
2026-04-08,2026,4,Abril,8,"04 Abr (1,6,8)",Origem vegetal,COCO SECO,Um,7.0,Mercado Central,MERCADO-CENTRAL-16E-8-DE-ABRIL.pdf
2026-04-08,2026,4,Abril,8,"04 Abr (1,6,8)",Origem vegetal,COCO VERDE,Um,5.0,Mercado Central,MERCADO-CENTRAL-16E-8-DE-ABRIL.pdf
2026-04-08,2026,4,Abril,8,"04 Abr (1,6,8)",Origem vegetal,COENTRO,Molho,2.0,Mercado Central,MERCADO-CENTRAL-16E-8-DE-ABRIL.pdf
2026-04-08,2026,4,Abril,8,"04 Abr (1,6,8)",Origem vegetal,COUVE,Molho,2.0,Mercado Central,MERCADO-CENTRAL-16E-8-DE-ABRIL.pdf
2026-04-08,2026,4,Abril,8,"04 Abr (1,6,8)",Origem vegetal,COUVE-FLOR,Kg,13.0,Mercado Central,MERCADO-CENTRAL-16E-8-DE-ABRIL.pdf
2026-04-08,2026,4,Abril,8,"04 Abr (1,6,8)",Origem vegetal,FARINHA DE MANDIOCA,Kg,6.0,Mercado Central,MERCADO-CENTRAL-16E-8-DE-ABRIL.pdf
2026-04-08,2026,4,Abril,8,"04 Abr (1,6,8)",Origem vegetal,FEIJAO CARIOQUINHA,Kg,7.0,Mercado Central,MERCADO-CENTRAL-16E-8-DE-ABRIL.pdf
2026-04-08,2026,4,Abril,8,"04 Abr (1,6,8)",Origem vegetal,GOIABA VERMELHA,Kg,4.0,Mercado Central,MERCADO-CENTRAL-16E-8-DE-ABRIL.pdf
2026-04-08,2026,4,Abril,8,"04 Abr (1,6,8)",Origem vegetal,INHAME DA COSTA,Kg,10.0,Mercado Central,MERCADO-CENTRAL-16E-8-DE-ABRIL.pdf
2026-04-08,2026,4,Abril,8,"04 Abr (1,6,8)",Origem vegetal,LARANJA PERA,Uma,0.7,Mercado Central,MERCADO-CENTRAL-16E-8-DE-ABRIL.pdf
2026-04-08,2026,4,Abril,8,"04 Abr (1,6,8)",Origem vegetal,LIMAO TAITI,Kg,4.0,Mercado Central,MERCADO-CENTRAL-16E-8-DE-ABRIL.pdf
2026-04-08,2026,4,Abril,8,"04 Abr (1,6,8)",Origem vegetal,MACA NACIONAL,Kg,10.0,Mercado Central,MERCADO-CENTRAL-16E-8-DE-ABRIL.pdf
2026-04-08,2026,4,Abril,8,"04 Abr (1,6,8)",Origem vegetal,MACAXEIRA (AIPIM),Kg,3.0,Mercado Central,MERCADO-CENTRAL-16E-8-DE-ABRIL.pdf
2026-04-08,2026,4,Abril,8,"04 Abr (1,6,8)",Origem vegetal,MAMAO FORMOSA,Kg,3.0,Mercado Central,MERCADO-CENTRAL-16E-8-DE-ABRIL.pdf
2026-04-08,2026,4,Abril,8,"04 Abr (1,6,8)",Origem vegetal,MAMAO HAWAY,Kg,4.0,Mercado Central,MERCADO-CENTRAL-16E-8-DE-ABRIL.pdf
2026-04-08,2026,4,Abril,8,"04 Abr (1,6,8)",Origem vegetal,MANGA TOMMY,Kg,4.0,Mercado Central,MERCADO-CENTRAL-16E-8-DE-ABRIL.pdf
2026-04-08,2026,4,Abril,8,"04 Abr (1,6,8)",Origem vegetal,MARACUJA,Kg,7.0,Mercado Central,MERCADO-CENTRAL-16E-8-DE-ABRIL.pdf
2026-04-08,2026,4,Abril,8,"04 Abr (1,6,8)",Origem vegetal,MAXIXE,Kg,7.0,Mercado Central,MERCADO-CENTRAL-16E-8-DE-ABRIL.pdf
2026-04-08,2026,4,Abril,8,"04 Abr (1,6,8)",Origem vegetal,MELANCIA,Kg,1.5,Mercado Central,MERCADO-CENTRAL-16E-8-DE-ABRIL.pdf
2026-04-08,2026,4,Abril,8,"04 Abr (1,6,8)",Origem vegetal,MELAO ESPANHOL,Um,5.0,Mercado Central,MERCADO-CENTRAL-16E-8-DE-ABRIL.pdf
2026-04-08,2026,4,Abril,8,"04 Abr (1,6,8)",Origem vegetal,MILHO EM GRAO,Kg,2.0,Mercado Central,MERCADO-CENTRAL-16E-8-DE-ABRIL.pdf
2026-04-08,2026,4,Abril,8,"04 Abr (1,6,8)",Origem vegetal,MILHO VERDE,Espiga,1.0,Mercado Central,MERCADO-CENTRAL-16E-8-DE-ABRIL.pdf
2026-04-08,2026,4,Abril,8,"04 Abr (1,6,8)",Origem vegetal,MORANGO,"Cx 0,3Kg",6.0,Mercado Central,MERCADO-CENTRAL-16E-8-DE-ABRIL.pdf
2026-04-08,2026,4,Abril,8,"04 Abr (1,6,8)",Origem vegetal,PIMENTAO VERDE,Kg,2.0,Mercado Central,MERCADO-CENTRAL-16E-8-DE-ABRIL.pdf
2026-04-08,2026,4,Abril,8,"04 Abr (1,6,8)",Origem vegetal,QUIABO,Cento,20.0,Mercado Central,MERCADO-CENTRAL-16E-8-DE-ABRIL.pdf
2026-04-08,2026,4,Abril,8,"04 Abr (1,6,8)",Origem vegetal,REPOLHO VERDE,Kg,5.0,Mercado Central,MERCADO-CENTRAL-16E-8-DE-ABRIL.pdf
2026-04-08,2026,4,Abril,8,"04 Abr (1,6,8)",Origem vegetal,TOMATE,Kg,4.0,Mercado Central,MERCADO-CENTRAL-16E-8-DE-ABRIL.pdf
2026-04-08,2026,4,Abril,8,"04 Abr (1,6,8)",Origem vegetal,UVA SEM SEMENTE,Kg,12.0,Mercado Central,MERCADO-CENTRAL-16E-8-DE-ABRIL.pdf
2026-04-08,2026,4,Abril,8,"04 Abr (1,6,8)",Origem vegetal,VAGEM,Kg,18.0,Mercado Central,MERCADO-CENTRAL-16E-8-DE-ABRIL.pdf
2026-04-13,2026,4,Abril,13,"04 Abr (13,15,20)",Origem animal,ACEM C/ OSSO,Kg,26.0,Mercado Central,MERCADO-CENTRAL-1315-E-20-DE-ABRIL.pdf
2026-04-13,2026,4,Abril,13,"04 Abr (13,15,20)",Origem animal,ACEM S/ OSSO,Kg,35.0,Mercado Central,MERCADO-CENTRAL-1315-E-20-DE-ABRIL.pdf
2026-04-13,2026,4,Abril,13,"04 Abr (13,15,20)",Origem animal,ALCATRA,Kg,44.0,Mercado Central,MERCADO-CENTRAL-1315-E-20-DE-ABRIL.pdf
2026-04-13,2026,4,Abril,13,"04 Abr (13,15,20)",Origem animal,CARNE SUINA TRASEIRA,Kg,23.0,Mercado Central,MERCADO-CENTRAL-1315-E-20-DE-ABRIL.pdf
2026-04-13,2026,4,Abril,13,"04 Abr (13,15,20)",Origem animal,CHA DE DENTRO (COXAO MOLE),Kg,44.0,Mercado Central,MERCADO-CENTRAL-1315-E-20-DE-ABRIL.pdf
2026-04-13,2026,4,Abril,13,"04 Abr (13,15,20)",Origem animal,CHA DE FORA (COXAO DURO),Kg,39.0,Mercado Central,MERCADO-CENTRAL-1315-E-20-DE-ABRIL.pdf
2026-04-13,2026,4,Abril,13,"04 Abr (13,15,20)",Origem animal,CONTRA FILE,Kg,45.0,Mercado Central,MERCADO-CENTRAL-1315-E-20-DE-ABRIL.pdf
2026-04-13,2026,4,Abril,13,"04 Abr (13,15,20)",Origem animal,COSTELA,Kg,22.0,Mercado Central,MERCADO-CENTRAL-1315-E-20-DE-ABRIL.pdf
2026-04-13,2026,4,Abril,13,"04 Abr (13,15,20)",Origem animal,FILE MIGNION,Kg,55.0,Mercado Central,MERCADO-CENTRAL-1315-E-20-DE-ABRIL.pdf
2026-04-13,2026,4,Abril,13,"04 Abr (13,15,20)",Origem animal,FRANGO DE GRANJA,Kg,16.0,Mercado Central,MERCADO-CENTRAL-1315-E-20-DE-ABRIL.pdf
2026-04-13,2026,4,Abril,13,"04 Abr (13,15,20)",Origem animal,MANTEIGA,Kg,38.0,Mercado Central,MERCADO-CENTRAL-1315-E-20-DE-ABRIL.pdf
2026-04-13,2026,4,Abril,13,"04 Abr (13,15,20)",Origem animal,MUSCULO,Kg,27.0,Mercado Central,MERCADO-CENTRAL-1315-E-20-DE-ABRIL.pdf
2026-04-13,2026,4,Abril,13,"04 Abr (13,15,20)",Origem animal,OVO BRANCO GRANDE,Dz,8.0,Mercado Central,MERCADO-CENTRAL-1315-E-20-DE-ABRIL.pdf
2026-04-13,2026,4,Abril,13,"04 Abr (13,15,20)",Origem animal,OVO VERMELHO GRANDE,Dz,9.0,Mercado Central,MERCADO-CENTRAL-1315-E-20-DE-ABRIL.pdf
2026-04-13,2026,4,Abril,13,"04 Abr (13,15,20)",Origem animal,PALETA C/ OSSO,Kg,25.0,Mercado Central,MERCADO-CENTRAL-1315-E-20-DE-ABRIL.pdf
2026-04-13,2026,4,Abril,13,"04 Abr (13,15,20)",Origem animal,PATINHO,Kg,38.0,Mercado Central,MERCADO-CENTRAL-1315-E-20-DE-ABRIL.pdf
2026-04-13,2026,4,Abril,13,"04 Abr (13,15,20)",Origem animal,PEITO C/ OSSO,Kg,25.0,Mercado Central,MERCADO-CENTRAL-1315-E-20-DE-ABRIL.pdf
2026-04-13,2026,4,Abril,13,"04 Abr (13,15,20)",Origem animal,QUEIJO COALHO,Kg,28.0,Mercado Central,MERCADO-CENTRAL-1315-E-20-DE-ABRIL.pdf
2026-04-13,2026,4,Abril,13,"04 Abr (13,15,20)",Origem vegetal,ABACAXI GRANDE,Um,7.0,Mercado Central,MERCADO-CENTRAL-1315-E-20-DE-ABRIL.pdf
2026-04-13,2026,4,Abril,13,"04 Abr (13,15,20)",Origem vegetal,ABOBORA,Kg,6.0,Mercado Central,MERCADO-CENTRAL-1315-E-20-DE-ABRIL.pdf
2026-04-13,2026,4,Abril,13,"04 Abr (13,15,20)",Origem vegetal,ABOBRINHA,Kg,4.0,Mercado Central,MERCADO-CENTRAL-1315-E-20-DE-ABRIL.pdf
2026-04-13,2026,4,Abril,13,"04 Abr (13,15,20)",Origem vegetal,ACEROLA,Kg,6.0,Mercado Central,MERCADO-CENTRAL-1315-E-20-DE-ABRIL.pdf
2026-04-13,2026,4,Abril,13,"04 Abr (13,15,20)",Origem vegetal,ALFACE,Pe,2.0,Mercado Central,MERCADO-CENTRAL-1315-E-20-DE-ABRIL.pdf
2026-04-13,2026,4,Abril,13,"04 Abr (13,15,20)",Origem vegetal,ALHO,Cab.,2.5,Mercado Central,MERCADO-CENTRAL-1315-E-20-DE-ABRIL.pdf
2026-04-13,2026,4,Abril,13,"04 Abr (13,15,20)",Origem vegetal,AMENDOIM C/CASCA COZIDO,Kg,10.0,Mercado Central,MERCADO-CENTRAL-1315-E-20-DE-ABRIL.pdf
2026-04-13,2026,4,Abril,13,"04 Abr (13,15,20)",Origem vegetal,ARROZ AGULHA T 1,Kg,6.5,Mercado Central,MERCADO-CENTRAL-1315-E-20-DE-ABRIL.pdf
2026-04-13,2026,4,Abril,13,"04 Abr (13,15,20)",Origem vegetal,BANANA PRATA,Dz,5.0,Mercado Central,MERCADO-CENTRAL-1315-E-20-DE-ABRIL.pdf
2026-04-13,2026,4,Abril,13,"04 Abr (13,15,20)",Origem vegetal,BATATA DOCE,Kg,5.0,Mercado Central,MERCADO-CENTRAL-1315-E-20-DE-ABRIL.pdf
2026-04-13,2026,4,Abril,13,"04 Abr (13,15,20)",Origem vegetal,BATATA LISA,Kg,6.0,Mercado Central,MERCADO-CENTRAL-1315-E-20-DE-ABRIL.pdf
2026-04-13,2026,4,Abril,13,"04 Abr (13,15,20)",Origem vegetal,BETERRABA,Kg,6.0,Mercado Central,MERCADO-CENTRAL-1315-E-20-DE-ABRIL.pdf
2026-04-13,2026,4,Abril,13,"04 Abr (13,15,20)",Origem vegetal,CAJU,Um,1.0,Mercado Central,MERCADO-CENTRAL-1315-E-20-DE-ABRIL.pdf
2026-04-13,2026,4,Abril,13,"04 Abr (13,15,20)",Origem vegetal,CEBOLA BRANCA,Kg,5.0,Mercado Central,MERCADO-CENTRAL-1315-E-20-DE-ABRIL.pdf
2026-04-13,2026,4,Abril,13,"04 Abr (13,15,20)",Origem vegetal,CEBOLA ROXA,Kg,6.0,Mercado Central,MERCADO-CENTRAL-1315-E-20-DE-ABRIL.pdf
2026-04-13,2026,4,Abril,13,"04 Abr (13,15,20)",Origem vegetal,CEBOLINHA,Molho,2.0,Mercado Central,MERCADO-CENTRAL-1315-E-20-DE-ABRIL.pdf
2026-04-13,2026,4,Abril,13,"04 Abr (13,15,20)",Origem vegetal,CENOURA,Kg,4.0,Mercado Central,MERCADO-CENTRAL-1315-E-20-DE-ABRIL.pdf
2026-04-13,2026,4,Abril,13,"04 Abr (13,15,20)",Origem vegetal,CHUCHU,Um,2.0,Mercado Central,MERCADO-CENTRAL-1315-E-20-DE-ABRIL.pdf
2026-04-13,2026,4,Abril,13,"04 Abr (13,15,20)",Origem vegetal,COCO SECO,Um,7.0,Mercado Central,MERCADO-CENTRAL-1315-E-20-DE-ABRIL.pdf
2026-04-13,2026,4,Abril,13,"04 Abr (13,15,20)",Origem vegetal,COCO VERDE,Um,5.0,Mercado Central,MERCADO-CENTRAL-1315-E-20-DE-ABRIL.pdf
2026-04-13,2026,4,Abril,13,"04 Abr (13,15,20)",Origem vegetal,COENTRO,Molho,2.0,Mercado Central,MERCADO-CENTRAL-1315-E-20-DE-ABRIL.pdf
2026-04-13,2026,4,Abril,13,"04 Abr (13,15,20)",Origem vegetal,COUVE,Molho,2.0,Mercado Central,MERCADO-CENTRAL-1315-E-20-DE-ABRIL.pdf
2026-04-13,2026,4,Abril,13,"04 Abr (13,15,20)",Origem vegetal,COUVE-FLOR,Kg,13.0,Mercado Central,MERCADO-CENTRAL-1315-E-20-DE-ABRIL.pdf
2026-04-13,2026,4,Abril,13,"04 Abr (13,15,20)",Origem vegetal,FARINHA DE MANDIOCA,Kg,6.0,Mercado Central,MERCADO-CENTRAL-1315-E-20-DE-ABRIL.pdf
2026-04-13,2026,4,Abril,13,"04 Abr (13,15,20)",Origem vegetal,FEIJAO CARIOQUINHA,Kg,7.0,Mercado Central,MERCADO-CENTRAL-1315-E-20-DE-ABRIL.pdf
2026-04-13,2026,4,Abril,13,"04 Abr (13,15,20)",Origem vegetal,GOIABA VERMELHA,Kg,4.0,Mercado Central,MERCADO-CENTRAL-1315-E-20-DE-ABRIL.pdf
2026-04-13,2026,4,Abril,13,"04 Abr (13,15,20)",Origem vegetal,INHAME DA COSTA,Kg,10.0,Mercado Central,MERCADO-CENTRAL-1315-E-20-DE-ABRIL.pdf
2026-04-13,2026,4,Abril,13,"04 Abr (13,15,20)",Origem vegetal,LARANJA PERA,Uma,0.7,Mercado Central,MERCADO-CENTRAL-1315-E-20-DE-ABRIL.pdf
2026-04-13,2026,4,Abril,13,"04 Abr (13,15,20)",Origem vegetal,LIMAO TAITI,Kg,4.0,Mercado Central,MERCADO-CENTRAL-1315-E-20-DE-ABRIL.pdf
2026-04-13,2026,4,Abril,13,"04 Abr (13,15,20)",Origem vegetal,MACA NACIONAL,Kg,10.0,Mercado Central,MERCADO-CENTRAL-1315-E-20-DE-ABRIL.pdf
2026-04-13,2026,4,Abril,13,"04 Abr (13,15,20)",Origem vegetal,MACAXEIRA (AIPIM),Kg,3.0,Mercado Central,MERCADO-CENTRAL-1315-E-20-DE-ABRIL.pdf
2026-04-13,2026,4,Abril,13,"04 Abr (13,15,20)",Origem vegetal,MAMAO FORMOSA,Kg,3.0,Mercado Central,MERCADO-CENTRAL-1315-E-20-DE-ABRIL.pdf
2026-04-13,2026,4,Abril,13,"04 Abr (13,15,20)",Origem vegetal,MAMAO HAWAY,Kg,4.0,Mercado Central,MERCADO-CENTRAL-1315-E-20-DE-ABRIL.pdf
2026-04-13,2026,4,Abril,13,"04 Abr (13,15,20)",Origem vegetal,MANGA TOMMY,Kg,4.0,Mercado Central,MERCADO-CENTRAL-1315-E-20-DE-ABRIL.pdf
2026-04-13,2026,4,Abril,13,"04 Abr (13,15,20)",Origem vegetal,MARACUJA,Kg,7.0,Mercado Central,MERCADO-CENTRAL-1315-E-20-DE-ABRIL.pdf
2026-04-13,2026,4,Abril,13,"04 Abr (13,15,20)",Origem vegetal,MAXIXE,Kg,7.0,Mercado Central,MERCADO-CENTRAL-1315-E-20-DE-ABRIL.pdf
2026-04-13,2026,4,Abril,13,"04 Abr (13,15,20)",Origem vegetal,MELANCIA,Kg,1.5,Mercado Central,MERCADO-CENTRAL-1315-E-20-DE-ABRIL.pdf
2026-04-13,2026,4,Abril,13,"04 Abr (13,15,20)",Origem vegetal,MELAO ESPANHOL,Um,5.0,Mercado Central,MERCADO-CENTRAL-1315-E-20-DE-ABRIL.pdf
2026-04-13,2026,4,Abril,13,"04 Abr (13,15,20)",Origem vegetal,MILHO EM GRAO,Kg,2.0,Mercado Central,MERCADO-CENTRAL-1315-E-20-DE-ABRIL.pdf
2026-04-13,2026,4,Abril,13,"04 Abr (13,15,20)",Origem vegetal,MILHO VERDE,Espiga,1.0,Mercado Central,MERCADO-CENTRAL-1315-E-20-DE-ABRIL.pdf
2026-04-13,2026,4,Abril,13,"04 Abr (13,15,20)",Origem vegetal,MORANGO,"Cx 0,3Kg",6.0,Mercado Central,MERCADO-CENTRAL-1315-E-20-DE-ABRIL.pdf
2026-04-13,2026,4,Abril,13,"04 Abr (13,15,20)",Origem vegetal,PIMENTAO VERDE,Kg,2.0,Mercado Central,MERCADO-CENTRAL-1315-E-20-DE-ABRIL.pdf
2026-04-13,2026,4,Abril,13,"04 Abr (13,15,20)",Origem vegetal,QUIABO,Cento,20.0,Mercado Central,MERCADO-CENTRAL-1315-E-20-DE-ABRIL.pdf
2026-04-13,2026,4,Abril,13,"04 Abr (13,15,20)",Origem vegetal,REPOLHO VERDE,Kg,5.0,Mercado Central,MERCADO-CENTRAL-1315-E-20-DE-ABRIL.pdf
2026-04-13,2026,4,Abril,13,"04 Abr (13,15,20)",Origem vegetal,TOMATE,Kg,4.0,Mercado Central,MERCADO-CENTRAL-1315-E-20-DE-ABRIL.pdf
2026-04-13,2026,4,Abril,13,"04 Abr (13,15,20)",Origem vegetal,UVA SEM SEMENTE,Kg,12.0,Mercado Central,MERCADO-CENTRAL-1315-E-20-DE-ABRIL.pdf
2026-04-13,2026,4,Abril,13,"04 Abr (13,15,20)",Origem vegetal,VAGEM,Kg,18.0,Mercado Central,MERCADO-CENTRAL-1315-E-20-DE-ABRIL.pdf
2026-04-15,2026,4,Abril,15,"04 Abr (13,15,20)",Origem animal,ACEM C/ OSSO,Kg,26.0,Mercado Central,MERCADO-CENTRAL-1315-E-20-DE-ABRIL.pdf
2026-04-15,2026,4,Abril,15,"04 Abr (13,15,20)",Origem animal,ACEM S/ OSSO,Kg,35.0,Mercado Central,MERCADO-CENTRAL-1315-E-20-DE-ABRIL.pdf
2026-04-15,2026,4,Abril,15,"04 Abr (13,15,20)",Origem animal,ALCATRA,Kg,44.0,Mercado Central,MERCADO-CENTRAL-1315-E-20-DE-ABRIL.pdf
2026-04-15,2026,4,Abril,15,"04 Abr (13,15,20)",Origem animal,CARNE SUINA TRASEIRA,Kg,23.0,Mercado Central,MERCADO-CENTRAL-1315-E-20-DE-ABRIL.pdf
2026-04-15,2026,4,Abril,15,"04 Abr (13,15,20)",Origem animal,CHA DE DENTRO (COXAO MOLE),Kg,44.0,Mercado Central,MERCADO-CENTRAL-1315-E-20-DE-ABRIL.pdf
2026-04-15,2026,4,Abril,15,"04 Abr (13,15,20)",Origem animal,CHA DE FORA (COXAO DURO),Kg,39.0,Mercado Central,MERCADO-CENTRAL-1315-E-20-DE-ABRIL.pdf
2026-04-15,2026,4,Abril,15,"04 Abr (13,15,20)",Origem animal,CONTRA FILE,Kg,45.0,Mercado Central,MERCADO-CENTRAL-1315-E-20-DE-ABRIL.pdf
2026-04-15,2026,4,Abril,15,"04 Abr (13,15,20)",Origem animal,COSTELA,Kg,22.0,Mercado Central,MERCADO-CENTRAL-1315-E-20-DE-ABRIL.pdf
2026-04-15,2026,4,Abril,15,"04 Abr (13,15,20)",Origem animal,FILE MIGNION,Kg,55.0,Mercado Central,MERCADO-CENTRAL-1315-E-20-DE-ABRIL.pdf
2026-04-15,2026,4,Abril,15,"04 Abr (13,15,20)",Origem animal,FRANGO DE GRANJA,Kg,16.0,Mercado Central,MERCADO-CENTRAL-1315-E-20-DE-ABRIL.pdf
2026-04-15,2026,4,Abril,15,"04 Abr (13,15,20)",Origem animal,MANTEIGA,Kg,38.0,Mercado Central,MERCADO-CENTRAL-1315-E-20-DE-ABRIL.pdf
2026-04-15,2026,4,Abril,15,"04 Abr (13,15,20)",Origem animal,MUSCULO,Kg,27.0,Mercado Central,MERCADO-CENTRAL-1315-E-20-DE-ABRIL.pdf
2026-04-15,2026,4,Abril,15,"04 Abr (13,15,20)",Origem animal,OVO BRANCO GRANDE,Dz,8.0,Mercado Central,MERCADO-CENTRAL-1315-E-20-DE-ABRIL.pdf
2026-04-15,2026,4,Abril,15,"04 Abr (13,15,20)",Origem animal,OVO VERMELHO GRANDE,Dz,9.0,Mercado Central,MERCADO-CENTRAL-1315-E-20-DE-ABRIL.pdf
2026-04-15,2026,4,Abril,15,"04 Abr (13,15,20)",Origem animal,PALETA C/ OSSO,Kg,25.0,Mercado Central,MERCADO-CENTRAL-1315-E-20-DE-ABRIL.pdf
2026-04-15,2026,4,Abril,15,"04 Abr (13,15,20)",Origem animal,PATINHO,Kg,38.0,Mercado Central,MERCADO-CENTRAL-1315-E-20-DE-ABRIL.pdf
2026-04-15,2026,4,Abril,15,"04 Abr (13,15,20)",Origem animal,PEITO C/ OSSO,Kg,25.0,Mercado Central,MERCADO-CENTRAL-1315-E-20-DE-ABRIL.pdf
2026-04-15,2026,4,Abril,15,"04 Abr (13,15,20)",Origem animal,QUEIJO COALHO,Kg,28.0,Mercado Central,MERCADO-CENTRAL-1315-E-20-DE-ABRIL.pdf
2026-04-15,2026,4,Abril,15,"04 Abr (13,15,20)",Origem vegetal,ABACAXI GRANDE,Um,7.0,Mercado Central,MERCADO-CENTRAL-1315-E-20-DE-ABRIL.pdf
2026-04-15,2026,4,Abril,15,"04 Abr (13,15,20)",Origem vegetal,ABOBORA,Kg,6.0,Mercado Central,MERCADO-CENTRAL-1315-E-20-DE-ABRIL.pdf
2026-04-15,2026,4,Abril,15,"04 Abr (13,15,20)",Origem vegetal,ABOBRINHA,Kg,4.0,Mercado Central,MERCADO-CENTRAL-1315-E-20-DE-ABRIL.pdf
2026-04-15,2026,4,Abril,15,"04 Abr (13,15,20)",Origem vegetal,ACEROLA,Kg,6.0,Mercado Central,MERCADO-CENTRAL-1315-E-20-DE-ABRIL.pdf
2026-04-15,2026,4,Abril,15,"04 Abr (13,15,20)",Origem vegetal,ALFACE,Pe,2.0,Mercado Central,MERCADO-CENTRAL-1315-E-20-DE-ABRIL.pdf
2026-04-15,2026,4,Abril,15,"04 Abr (13,15,20)",Origem vegetal,ALHO,Cab.,2.5,Mercado Central,MERCADO-CENTRAL-1315-E-20-DE-ABRIL.pdf
2026-04-15,2026,4,Abril,15,"04 Abr (13,15,20)",Origem vegetal,AMENDOIM C/CASCA COZIDO,Kg,10.0,Mercado Central,MERCADO-CENTRAL-1315-E-20-DE-ABRIL.pdf
2026-04-15,2026,4,Abril,15,"04 Abr (13,15,20)",Origem vegetal,ARROZ AGULHA T 1,Kg,6.5,Mercado Central,MERCADO-CENTRAL-1315-E-20-DE-ABRIL.pdf
2026-04-15,2026,4,Abril,15,"04 Abr (13,15,20)",Origem vegetal,BANANA PRATA,Dz,5.0,Mercado Central,MERCADO-CENTRAL-1315-E-20-DE-ABRIL.pdf
2026-04-15,2026,4,Abril,15,"04 Abr (13,15,20)",Origem vegetal,BATATA DOCE,Kg,5.0,Mercado Central,MERCADO-CENTRAL-1315-E-20-DE-ABRIL.pdf
2026-04-15,2026,4,Abril,15,"04 Abr (13,15,20)",Origem vegetal,BATATA LISA,Kg,6.0,Mercado Central,MERCADO-CENTRAL-1315-E-20-DE-ABRIL.pdf
2026-04-15,2026,4,Abril,15,"04 Abr (13,15,20)",Origem vegetal,BETERRABA,Kg,6.0,Mercado Central,MERCADO-CENTRAL-1315-E-20-DE-ABRIL.pdf
2026-04-15,2026,4,Abril,15,"04 Abr (13,15,20)",Origem vegetal,CAJU,Um,1.0,Mercado Central,MERCADO-CENTRAL-1315-E-20-DE-ABRIL.pdf
2026-04-15,2026,4,Abril,15,"04 Abr (13,15,20)",Origem vegetal,CEBOLA BRANCA,Kg,5.0,Mercado Central,MERCADO-CENTRAL-1315-E-20-DE-ABRIL.pdf
2026-04-15,2026,4,Abril,15,"04 Abr (13,15,20)",Origem vegetal,CEBOLA ROXA,Kg,6.0,Mercado Central,MERCADO-CENTRAL-1315-E-20-DE-ABRIL.pdf
2026-04-15,2026,4,Abril,15,"04 Abr (13,15,20)",Origem vegetal,CEBOLINHA,Molho,2.0,Mercado Central,MERCADO-CENTRAL-1315-E-20-DE-ABRIL.pdf
2026-04-15,2026,4,Abril,15,"04 Abr (13,15,20)",Origem vegetal,CENOURA,Kg,4.0,Mercado Central,MERCADO-CENTRAL-1315-E-20-DE-ABRIL.pdf
2026-04-15,2026,4,Abril,15,"04 Abr (13,15,20)",Origem vegetal,CHUCHU,Um,2.0,Mercado Central,MERCADO-CENTRAL-1315-E-20-DE-ABRIL.pdf
2026-04-15,2026,4,Abril,15,"04 Abr (13,15,20)",Origem vegetal,COCO SECO,Um,7.0,Mercado Central,MERCADO-CENTRAL-1315-E-20-DE-ABRIL.pdf
2026-04-15,2026,4,Abril,15,"04 Abr (13,15,20)",Origem vegetal,COCO VERDE,Um,5.0,Mercado Central,MERCADO-CENTRAL-1315-E-20-DE-ABRIL.pdf
2026-04-15,2026,4,Abril,15,"04 Abr (13,15,20)",Origem vegetal,COENTRO,Molho,2.0,Mercado Central,MERCADO-CENTRAL-1315-E-20-DE-ABRIL.pdf
2026-04-15,2026,4,Abril,15,"04 Abr (13,15,20)",Origem vegetal,COUVE,Molho,2.0,Mercado Central,MERCADO-CENTRAL-1315-E-20-DE-ABRIL.pdf
2026-04-15,2026,4,Abril,15,"04 Abr (13,15,20)",Origem vegetal,COUVE-FLOR,Kg,13.0,Mercado Central,MERCADO-CENTRAL-1315-E-20-DE-ABRIL.pdf
2026-04-15,2026,4,Abril,15,"04 Abr (13,15,20)",Origem vegetal,FARINHA DE MANDIOCA,Kg,6.0,Mercado Central,MERCADO-CENTRAL-1315-E-20-DE-ABRIL.pdf
2026-04-15,2026,4,Abril,15,"04 Abr (13,15,20)",Origem vegetal,FEIJAO CARIOQUINHA,Kg,7.0,Mercado Central,MERCADO-CENTRAL-1315-E-20-DE-ABRIL.pdf
2026-04-15,2026,4,Abril,15,"04 Abr (13,15,20)",Origem vegetal,GOIABA VERMELHA,Kg,4.0,Mercado Central,MERCADO-CENTRAL-1315-E-20-DE-ABRIL.pdf
2026-04-15,2026,4,Abril,15,"04 Abr (13,15,20)",Origem vegetal,INHAME DA COSTA,Kg,10.0,Mercado Central,MERCADO-CENTRAL-1315-E-20-DE-ABRIL.pdf
2026-04-15,2026,4,Abril,15,"04 Abr (13,15,20)",Origem vegetal,LARANJA PERA,Uma,0.7,Mercado Central,MERCADO-CENTRAL-1315-E-20-DE-ABRIL.pdf
2026-04-15,2026,4,Abril,15,"04 Abr (13,15,20)",Origem vegetal,LIMAO TAITI,Kg,4.0,Mercado Central,MERCADO-CENTRAL-1315-E-20-DE-ABRIL.pdf
2026-04-15,2026,4,Abril,15,"04 Abr (13,15,20)",Origem vegetal,MACA NACIONAL,Kg,10.0,Mercado Central,MERCADO-CENTRAL-1315-E-20-DE-ABRIL.pdf
2026-04-15,2026,4,Abril,15,"04 Abr (13,15,20)",Origem vegetal,MACAXEIRA (AIPIM),Kg,3.0,Mercado Central,MERCADO-CENTRAL-1315-E-20-DE-ABRIL.pdf
2026-04-15,2026,4,Abril,15,"04 Abr (13,15,20)",Origem vegetal,MAMAO FORMOSA,Kg,3.0,Mercado Central,MERCADO-CENTRAL-1315-E-20-DE-ABRIL.pdf
2026-04-15,2026,4,Abril,15,"04 Abr (13,15,20)",Origem vegetal,MAMAO HAWAY,Kg,4.0,Mercado Central,MERCADO-CENTRAL-1315-E-20-DE-ABRIL.pdf
2026-04-15,2026,4,Abril,15,"04 Abr (13,15,20)",Origem vegetal,MANGA TOMMY,Kg,4.0,Mercado Central,MERCADO-CENTRAL-1315-E-20-DE-ABRIL.pdf
2026-04-15,2026,4,Abril,15,"04 Abr (13,15,20)",Origem vegetal,MARACUJA,Kg,7.0,Mercado Central,MERCADO-CENTRAL-1315-E-20-DE-ABRIL.pdf
2026-04-15,2026,4,Abril,15,"04 Abr (13,15,20)",Origem vegetal,MAXIXE,Kg,7.0,Mercado Central,MERCADO-CENTRAL-1315-E-20-DE-ABRIL.pdf
2026-04-15,2026,4,Abril,15,"04 Abr (13,15,20)",Origem vegetal,MELANCIA,Kg,1.5,Mercado Central,MERCADO-CENTRAL-1315-E-20-DE-ABRIL.pdf
2026-04-15,2026,4,Abril,15,"04 Abr (13,15,20)",Origem vegetal,MELAO ESPANHOL,Um,5.0,Mercado Central,MERCADO-CENTRAL-1315-E-20-DE-ABRIL.pdf
2026-04-15,2026,4,Abril,15,"04 Abr (13,15,20)",Origem vegetal,MILHO EM GRAO,Kg,2.0,Mercado Central,MERCADO-CENTRAL-1315-E-20-DE-ABRIL.pdf
2026-04-15,2026,4,Abril,15,"04 Abr (13,15,20)",Origem vegetal,MILHO VERDE,Espiga,1.0,Mercado Central,MERCADO-CENTRAL-1315-E-20-DE-ABRIL.pdf
2026-04-15,2026,4,Abril,15,"04 Abr (13,15,20)",Origem vegetal,MORANGO,"Cx 0,3Kg",6.0,Mercado Central,MERCADO-CENTRAL-1315-E-20-DE-ABRIL.pdf
2026-04-15,2026,4,Abril,15,"04 Abr (13,15,20)",Origem vegetal,PIMENTAO VERDE,Kg,2.0,Mercado Central,MERCADO-CENTRAL-1315-E-20-DE-ABRIL.pdf
2026-04-15,2026,4,Abril,15,"04 Abr (13,15,20)",Origem vegetal,QUIABO,Cento,20.0,Mercado Central,MERCADO-CENTRAL-1315-E-20-DE-ABRIL.pdf
2026-04-15,2026,4,Abril,15,"04 Abr (13,15,20)",Origem vegetal,REPOLHO VERDE,Kg,5.0,Mercado Central,MERCADO-CENTRAL-1315-E-20-DE-ABRIL.pdf
2026-04-15,2026,4,Abril,15,"04 Abr (13,15,20)",Origem vegetal,TOMATE,Kg,4.0,Mercado Central,MERCADO-CENTRAL-1315-E-20-DE-ABRIL.pdf
2026-04-15,2026,4,Abril,15,"04 Abr (13,15,20)",Origem vegetal,UVA SEM SEMENTE,Kg,12.0,Mercado Central,MERCADO-CENTRAL-1315-E-20-DE-ABRIL.pdf
2026-04-15,2026,4,Abril,15,"04 Abr (13,15,20)",Origem vegetal,VAGEM,Kg,18.0,Mercado Central,MERCADO-CENTRAL-1315-E-20-DE-ABRIL.pdf
2026-04-20,2026,4,Abril,20,"04 Abr (13,15,20)",Origem animal,ACEM C/ OSSO,Kg,26.0,Mercado Central,MERCADO-CENTRAL-1315-E-20-DE-ABRIL.pdf
2026-04-20,2026,4,Abril,20,"04 Abr (13,15,20)",Origem animal,ACEM S/ OSSO,Kg,35.0,Mercado Central,MERCADO-CENTRAL-1315-E-20-DE-ABRIL.pdf
2026-04-20,2026,4,Abril,20,"04 Abr (13,15,20)",Origem animal,ALCATRA,Kg,44.0,Mercado Central,MERCADO-CENTRAL-1315-E-20-DE-ABRIL.pdf
2026-04-20,2026,4,Abril,20,"04 Abr (13,15,20)",Origem animal,CARNE SUINA TRASEIRA,Kg,23.0,Mercado Central,MERCADO-CENTRAL-1315-E-20-DE-ABRIL.pdf
2026-04-20,2026,4,Abril,20,"04 Abr (13,15,20)",Origem animal,CHA DE DENTRO (COXAO MOLE),Kg,44.0,Mercado Central,MERCADO-CENTRAL-1315-E-20-DE-ABRIL.pdf
2026-04-20,2026,4,Abril,20,"04 Abr (13,15,20)",Origem animal,CHA DE FORA (COXAO DURO),Kg,39.0,Mercado Central,MERCADO-CENTRAL-1315-E-20-DE-ABRIL.pdf
2026-04-20,2026,4,Abril,20,"04 Abr (13,15,20)",Origem animal,CONTRA FILE,Kg,45.0,Mercado Central,MERCADO-CENTRAL-1315-E-20-DE-ABRIL.pdf
2026-04-20,2026,4,Abril,20,"04 Abr (13,15,20)",Origem animal,COSTELA,Kg,22.0,Mercado Central,MERCADO-CENTRAL-1315-E-20-DE-ABRIL.pdf
2026-04-20,2026,4,Abril,20,"04 Abr (13,15,20)",Origem animal,FILE MIGNION,Kg,55.0,Mercado Central,MERCADO-CENTRAL-1315-E-20-DE-ABRIL.pdf
2026-04-20,2026,4,Abril,20,"04 Abr (13,15,20)",Origem animal,FRANGO DE GRANJA,Kg,16.0,Mercado Central,MERCADO-CENTRAL-1315-E-20-DE-ABRIL.pdf
2026-04-20,2026,4,Abril,20,"04 Abr (13,15,20)",Origem animal,MANTEIGA,Kg,38.0,Mercado Central,MERCADO-CENTRAL-1315-E-20-DE-ABRIL.pdf
2026-04-20,2026,4,Abril,20,"04 Abr (13,15,20)",Origem animal,MUSCULO,Kg,27.0,Mercado Central,MERCADO-CENTRAL-1315-E-20-DE-ABRIL.pdf
2026-04-20,2026,4,Abril,20,"04 Abr (13,15,20)",Origem animal,OVO BRANCO GRANDE,Dz,8.0,Mercado Central,MERCADO-CENTRAL-1315-E-20-DE-ABRIL.pdf
2026-04-20,2026,4,Abril,20,"04 Abr (13,15,20)",Origem animal,OVO VERMELHO GRANDE,Dz,9.0,Mercado Central,MERCADO-CENTRAL-1315-E-20-DE-ABRIL.pdf
2026-04-20,2026,4,Abril,20,"04 Abr (13,15,20)",Origem animal,PALETA C/ OSSO,Kg,25.0,Mercado Central,MERCADO-CENTRAL-1315-E-20-DE-ABRIL.pdf
2026-04-20,2026,4,Abril,20,"04 Abr (13,15,20)",Origem animal,PATINHO,Kg,38.0,Mercado Central,MERCADO-CENTRAL-1315-E-20-DE-ABRIL.pdf
2026-04-20,2026,4,Abril,20,"04 Abr (13,15,20)",Origem animal,PEITO C/ OSSO,Kg,25.0,Mercado Central,MERCADO-CENTRAL-1315-E-20-DE-ABRIL.pdf
2026-04-20,2026,4,Abril,20,"04 Abr (13,15,20)",Origem animal,QUEIJO COALHO,Kg,28.0,Mercado Central,MERCADO-CENTRAL-1315-E-20-DE-ABRIL.pdf
2026-04-20,2026,4,Abril,20,"04 Abr (13,15,20)",Origem vegetal,ABACAXI GRANDE,Um,7.0,Mercado Central,MERCADO-CENTRAL-1315-E-20-DE-ABRIL.pdf
2026-04-20,2026,4,Abril,20,"04 Abr (13,15,20)",Origem vegetal,ABOBORA,Kg,6.0,Mercado Central,MERCADO-CENTRAL-1315-E-20-DE-ABRIL.pdf
2026-04-20,2026,4,Abril,20,"04 Abr (13,15,20)",Origem vegetal,ABOBRINHA,Kg,4.0,Mercado Central,MERCADO-CENTRAL-1315-E-20-DE-ABRIL.pdf
2026-04-20,2026,4,Abril,20,"04 Abr (13,15,20)",Origem vegetal,ACEROLA,Kg,6.0,Mercado Central,MERCADO-CENTRAL-1315-E-20-DE-ABRIL.pdf
2026-04-20,2026,4,Abril,20,"04 Abr (13,15,20)",Origem vegetal,ALFACE,Pe,2.0,Mercado Central,MERCADO-CENTRAL-1315-E-20-DE-ABRIL.pdf
2026-04-20,2026,4,Abril,20,"04 Abr (13,15,20)",Origem vegetal,ALHO,Cab.,2.5,Mercado Central,MERCADO-CENTRAL-1315-E-20-DE-ABRIL.pdf
2026-04-20,2026,4,Abril,20,"04 Abr (13,15,20)",Origem vegetal,AMENDOIM C/CASCA COZIDO,Kg,10.0,Mercado Central,MERCADO-CENTRAL-1315-E-20-DE-ABRIL.pdf
2026-04-20,2026,4,Abril,20,"04 Abr (13,15,20)",Origem vegetal,ARROZ AGULHA T 1,Kg,6.5,Mercado Central,MERCADO-CENTRAL-1315-E-20-DE-ABRIL.pdf
2026-04-20,2026,4,Abril,20,"04 Abr (13,15,20)",Origem vegetal,BANANA PRATA,Dz,5.0,Mercado Central,MERCADO-CENTRAL-1315-E-20-DE-ABRIL.pdf
2026-04-20,2026,4,Abril,20,"04 Abr (13,15,20)",Origem vegetal,BATATA DOCE,Kg,5.0,Mercado Central,MERCADO-CENTRAL-1315-E-20-DE-ABRIL.pdf
2026-04-20,2026,4,Abril,20,"04 Abr (13,15,20)",Origem vegetal,BATATA LISA,Kg,6.0,Mercado Central,MERCADO-CENTRAL-1315-E-20-DE-ABRIL.pdf
2026-04-20,2026,4,Abril,20,"04 Abr (13,15,20)",Origem vegetal,BETERRABA,Kg,6.0,Mercado Central,MERCADO-CENTRAL-1315-E-20-DE-ABRIL.pdf
2026-04-20,2026,4,Abril,20,"04 Abr (13,15,20)",Origem vegetal,CAJU,Um,1.0,Mercado Central,MERCADO-CENTRAL-1315-E-20-DE-ABRIL.pdf
2026-04-20,2026,4,Abril,20,"04 Abr (13,15,20)",Origem vegetal,CEBOLA BRANCA,Kg,5.0,Mercado Central,MERCADO-CENTRAL-1315-E-20-DE-ABRIL.pdf
2026-04-20,2026,4,Abril,20,"04 Abr (13,15,20)",Origem vegetal,CEBOLA ROXA,Kg,6.0,Mercado Central,MERCADO-CENTRAL-1315-E-20-DE-ABRIL.pdf
2026-04-20,2026,4,Abril,20,"04 Abr (13,15,20)",Origem vegetal,CEBOLINHA,Molho,2.0,Mercado Central,MERCADO-CENTRAL-1315-E-20-DE-ABRIL.pdf
2026-04-20,2026,4,Abril,20,"04 Abr (13,15,20)",Origem vegetal,CENOURA,Kg,4.0,Mercado Central,MERCADO-CENTRAL-1315-E-20-DE-ABRIL.pdf
2026-04-20,2026,4,Abril,20,"04 Abr (13,15,20)",Origem vegetal,CHUCHU,Um,2.0,Mercado Central,MERCADO-CENTRAL-1315-E-20-DE-ABRIL.pdf
2026-04-20,2026,4,Abril,20,"04 Abr (13,15,20)",Origem vegetal,COCO SECO,Um,7.0,Mercado Central,MERCADO-CENTRAL-1315-E-20-DE-ABRIL.pdf
2026-04-20,2026,4,Abril,20,"04 Abr (13,15,20)",Origem vegetal,COCO VERDE,Um,5.0,Mercado Central,MERCADO-CENTRAL-1315-E-20-DE-ABRIL.pdf
2026-04-20,2026,4,Abril,20,"04 Abr (13,15,20)",Origem vegetal,COENTRO,Molho,2.0,Mercado Central,MERCADO-CENTRAL-1315-E-20-DE-ABRIL.pdf
2026-04-20,2026,4,Abril,20,"04 Abr (13,15,20)",Origem vegetal,COUVE,Molho,2.0,Mercado Central,MERCADO-CENTRAL-1315-E-20-DE-ABRIL.pdf
2026-04-20,2026,4,Abril,20,"04 Abr (13,15,20)",Origem vegetal,COUVE-FLOR,Kg,13.0,Mercado Central,MERCADO-CENTRAL-1315-E-20-DE-ABRIL.pdf
2026-04-20,2026,4,Abril,20,"04 Abr (13,15,20)",Origem vegetal,FARINHA DE MANDIOCA,Kg,6.0,Mercado Central,MERCADO-CENTRAL-1315-E-20-DE-ABRIL.pdf
2026-04-20,2026,4,Abril,20,"04 Abr (13,15,20)",Origem vegetal,FEIJAO CARIOQUINHA,Kg,7.0,Mercado Central,MERCADO-CENTRAL-1315-E-20-DE-ABRIL.pdf
2026-04-20,2026,4,Abril,20,"04 Abr (13,15,20)",Origem vegetal,GOIABA VERMELHA,Kg,4.0,Mercado Central,MERCADO-CENTRAL-1315-E-20-DE-ABRIL.pdf
2026-04-20,2026,4,Abril,20,"04 Abr (13,15,20)",Origem vegetal,INHAME DA COSTA,Kg,10.0,Mercado Central,MERCADO-CENTRAL-1315-E-20-DE-ABRIL.pdf
2026-04-20,2026,4,Abril,20,"04 Abr (13,15,20)",Origem vegetal,LARANJA PERA,Uma,0.7,Mercado Central,MERCADO-CENTRAL-1315-E-20-DE-ABRIL.pdf
2026-04-20,2026,4,Abril,20,"04 Abr (13,15,20)",Origem vegetal,LIMAO TAITI,Kg,4.0,Mercado Central,MERCADO-CENTRAL-1315-E-20-DE-ABRIL.pdf
2026-04-20,2026,4,Abril,20,"04 Abr (13,15,20)",Origem vegetal,MACA NACIONAL,Kg,10.0,Mercado Central,MERCADO-CENTRAL-1315-E-20-DE-ABRIL.pdf
2026-04-20,2026,4,Abril,20,"04 Abr (13,15,20)",Origem vegetal,MACAXEIRA (AIPIM),Kg,3.0,Mercado Central,MERCADO-CENTRAL-1315-E-20-DE-ABRIL.pdf
2026-04-20,2026,4,Abril,20,"04 Abr (13,15,20)",Origem vegetal,MAMAO FORMOSA,Kg,3.0,Mercado Central,MERCADO-CENTRAL-1315-E-20-DE-ABRIL.pdf
2026-04-20,2026,4,Abril,20,"04 Abr (13,15,20)",Origem vegetal,MAMAO HAWAY,Kg,4.0,Mercado Central,MERCADO-CENTRAL-1315-E-20-DE-ABRIL.pdf
2026-04-20,2026,4,Abril,20,"04 Abr (13,15,20)",Origem vegetal,MANGA TOMMY,Kg,4.0,Mercado Central,MERCADO-CENTRAL-1315-E-20-DE-ABRIL.pdf
2026-04-20,2026,4,Abril,20,"04 Abr (13,15,20)",Origem vegetal,MARACUJA,Kg,7.0,Mercado Central,MERCADO-CENTRAL-1315-E-20-DE-ABRIL.pdf
2026-04-20,2026,4,Abril,20,"04 Abr (13,15,20)",Origem vegetal,MAXIXE,Kg,7.0,Mercado Central,MERCADO-CENTRAL-1315-E-20-DE-ABRIL.pdf
2026-04-20,2026,4,Abril,20,"04 Abr (13,15,20)",Origem vegetal,MELANCIA,Kg,1.5,Mercado Central,MERCADO-CENTRAL-1315-E-20-DE-ABRIL.pdf
2026-04-20,2026,4,Abril,20,"04 Abr (13,15,20)",Origem vegetal,MELAO ESPANHOL,Um,5.0,Mercado Central,MERCADO-CENTRAL-1315-E-20-DE-ABRIL.pdf
2026-04-20,2026,4,Abril,20,"04 Abr (13,15,20)",Origem vegetal,MILHO EM GRAO,Kg,2.0,Mercado Central,MERCADO-CENTRAL-1315-E-20-DE-ABRIL.pdf
2026-04-20,2026,4,Abril,20,"04 Abr (13,15,20)",Origem vegetal,MILHO VERDE,Espiga,1.0,Mercado Central,MERCADO-CENTRAL-1315-E-20-DE-ABRIL.pdf
2026-04-20,2026,4,Abril,20,"04 Abr (13,15,20)",Origem vegetal,MORANGO,"Cx 0,3Kg",6.0,Mercado Central,MERCADO-CENTRAL-1315-E-20-DE-ABRIL.pdf
2026-04-20,2026,4,Abril,20,"04 Abr (13,15,20)",Origem vegetal,PIMENTAO VERDE,Kg,2.0,Mercado Central,MERCADO-CENTRAL-1315-E-20-DE-ABRIL.pdf
2026-04-20,2026,4,Abril,20,"04 Abr (13,15,20)",Origem vegetal,QUIABO,Cento,20.0,Mercado Central,MERCADO-CENTRAL-1315-E-20-DE-ABRIL.pdf
2026-04-20,2026,4,Abril,20,"04 Abr (13,15,20)",Origem vegetal,REPOLHO VERDE,Kg,5.0,Mercado Central,MERCADO-CENTRAL-1315-E-20-DE-ABRIL.pdf
2026-04-20,2026,4,Abril,20,"04 Abr (13,15,20)",Origem vegetal,TOMATE,Kg,5.0,Mercado Central,MERCADO-CENTRAL-1315-E-20-DE-ABRIL.pdf
2026-04-20,2026,4,Abril,20,"04 Abr (13,15,20)",Origem vegetal,UVA SEM SEMENTE,Kg,12.0,Mercado Central,MERCADO-CENTRAL-1315-E-20-DE-ABRIL.pdf
2026-04-20,2026,4,Abril,20,"04 Abr (13,15,20)",Origem vegetal,VAGEM,Kg,18.0,Mercado Central,MERCADO-CENTRAL-1315-E-20-DE-ABRIL.pdf
2026-04-22,2026,4,Abril,22,"04 Abr (22,27,29)",Origem animal,ACEM C/ OSSO,Kg,26.0,Mercado Central,MERCADO-CENTRAL2227-E-29-DE-ABRIL.pdf
2026-04-22,2026,4,Abril,22,"04 Abr (22,27,29)",Origem animal,ACEM S/ OSSO,Kg,35.0,Mercado Central,MERCADO-CENTRAL2227-E-29-DE-ABRIL.pdf
2026-04-22,2026,4,Abril,22,"04 Abr (22,27,29)",Origem animal,ALCATRA,Kg,44.0,Mercado Central,MERCADO-CENTRAL2227-E-29-DE-ABRIL.pdf
2026-04-22,2026,4,Abril,22,"04 Abr (22,27,29)",Origem animal,CARNE SUINA TRASEIRA,Kg,23.0,Mercado Central,MERCADO-CENTRAL2227-E-29-DE-ABRIL.pdf
2026-04-22,2026,4,Abril,22,"04 Abr (22,27,29)",Origem animal,CHA DE DENTRO (COXAO MOLE),Kg,44.0,Mercado Central,MERCADO-CENTRAL2227-E-29-DE-ABRIL.pdf
2026-04-22,2026,4,Abril,22,"04 Abr (22,27,29)",Origem animal,CHA DE FORA (COXAO DURO),Kg,39.0,Mercado Central,MERCADO-CENTRAL2227-E-29-DE-ABRIL.pdf
2026-04-22,2026,4,Abril,22,"04 Abr (22,27,29)",Origem animal,CONTRA FILE,Kg,45.0,Mercado Central,MERCADO-CENTRAL2227-E-29-DE-ABRIL.pdf
2026-04-22,2026,4,Abril,22,"04 Abr (22,27,29)",Origem animal,COSTELA,Kg,22.0,Mercado Central,MERCADO-CENTRAL2227-E-29-DE-ABRIL.pdf
2026-04-22,2026,4,Abril,22,"04 Abr (22,27,29)",Origem animal,FILE MIGNION,Kg,55.0,Mercado Central,MERCADO-CENTRAL2227-E-29-DE-ABRIL.pdf
2026-04-22,2026,4,Abril,22,"04 Abr (22,27,29)",Origem animal,FRANGO DE GRANJA,Kg,16.0,Mercado Central,MERCADO-CENTRAL2227-E-29-DE-ABRIL.pdf
2026-04-22,2026,4,Abril,22,"04 Abr (22,27,29)",Origem animal,MANTEIGA,Kg,38.0,Mercado Central,MERCADO-CENTRAL2227-E-29-DE-ABRIL.pdf
2026-04-22,2026,4,Abril,22,"04 Abr (22,27,29)",Origem animal,MUSCULO,Kg,27.0,Mercado Central,MERCADO-CENTRAL2227-E-29-DE-ABRIL.pdf
2026-04-22,2026,4,Abril,22,"04 Abr (22,27,29)",Origem animal,OVO BRANCO GRANDE,Dz,8.0,Mercado Central,MERCADO-CENTRAL2227-E-29-DE-ABRIL.pdf
2026-04-22,2026,4,Abril,22,"04 Abr (22,27,29)",Origem animal,OVO VERMELHO GRANDE,Dz,9.0,Mercado Central,MERCADO-CENTRAL2227-E-29-DE-ABRIL.pdf
2026-04-22,2026,4,Abril,22,"04 Abr (22,27,29)",Origem animal,PALETA C/ OSSO,Kg,25.0,Mercado Central,MERCADO-CENTRAL2227-E-29-DE-ABRIL.pdf
2026-04-22,2026,4,Abril,22,"04 Abr (22,27,29)",Origem animal,PATINHO,Kg,38.0,Mercado Central,MERCADO-CENTRAL2227-E-29-DE-ABRIL.pdf
2026-04-22,2026,4,Abril,22,"04 Abr (22,27,29)",Origem animal,PEITO C/ OSSO,Kg,25.0,Mercado Central,MERCADO-CENTRAL2227-E-29-DE-ABRIL.pdf
2026-04-22,2026,4,Abril,22,"04 Abr (22,27,29)",Origem animal,QUEIJO COALHO,Kg,28.0,Mercado Central,MERCADO-CENTRAL2227-E-29-DE-ABRIL.pdf
2026-04-22,2026,4,Abril,22,"04 Abr (22,27,29)",Origem vegetal,ABACAXI GRANDE,Um,7.0,Mercado Central,MERCADO-CENTRAL2227-E-29-DE-ABRIL.pdf
2026-04-22,2026,4,Abril,22,"04 Abr (22,27,29)",Origem vegetal,ABOBORA,Kg,6.0,Mercado Central,MERCADO-CENTRAL2227-E-29-DE-ABRIL.pdf
2026-04-22,2026,4,Abril,22,"04 Abr (22,27,29)",Origem vegetal,ABOBRINHA,Kg,4.0,Mercado Central,MERCADO-CENTRAL2227-E-29-DE-ABRIL.pdf
2026-04-22,2026,4,Abril,22,"04 Abr (22,27,29)",Origem vegetal,ACEROLA,Kg,6.0,Mercado Central,MERCADO-CENTRAL2227-E-29-DE-ABRIL.pdf
2026-04-22,2026,4,Abril,22,"04 Abr (22,27,29)",Origem vegetal,ALFACE,Pe,2.0,Mercado Central,MERCADO-CENTRAL2227-E-29-DE-ABRIL.pdf
2026-04-22,2026,4,Abril,22,"04 Abr (22,27,29)",Origem vegetal,ALHO,Cab.,2.5,Mercado Central,MERCADO-CENTRAL2227-E-29-DE-ABRIL.pdf
2026-04-22,2026,4,Abril,22,"04 Abr (22,27,29)",Origem vegetal,AMENDOIM C/CASCA COZIDO,Kg,10.0,Mercado Central,MERCADO-CENTRAL2227-E-29-DE-ABRIL.pdf
2026-04-22,2026,4,Abril,22,"04 Abr (22,27,29)",Origem vegetal,ARROZ AGULHA T 1,Kg,6.5,Mercado Central,MERCADO-CENTRAL2227-E-29-DE-ABRIL.pdf
2026-04-22,2026,4,Abril,22,"04 Abr (22,27,29)",Origem vegetal,BANANA PRATA,Dz,5.0,Mercado Central,MERCADO-CENTRAL2227-E-29-DE-ABRIL.pdf
2026-04-22,2026,4,Abril,22,"04 Abr (22,27,29)",Origem vegetal,BATATA DOCE,Kg,5.0,Mercado Central,MERCADO-CENTRAL2227-E-29-DE-ABRIL.pdf
2026-04-22,2026,4,Abril,22,"04 Abr (22,27,29)",Origem vegetal,BATATA LISA,Kg,6.0,Mercado Central,MERCADO-CENTRAL2227-E-29-DE-ABRIL.pdf
2026-04-22,2026,4,Abril,22,"04 Abr (22,27,29)",Origem vegetal,BETERRABA,Kg,6.0,Mercado Central,MERCADO-CENTRAL2227-E-29-DE-ABRIL.pdf
2026-04-22,2026,4,Abril,22,"04 Abr (22,27,29)",Origem vegetal,CAJU,Um,1.0,Mercado Central,MERCADO-CENTRAL2227-E-29-DE-ABRIL.pdf
2026-04-22,2026,4,Abril,22,"04 Abr (22,27,29)",Origem vegetal,CEBOLA BRANCA,Kg,5.0,Mercado Central,MERCADO-CENTRAL2227-E-29-DE-ABRIL.pdf
2026-04-22,2026,4,Abril,22,"04 Abr (22,27,29)",Origem vegetal,CEBOLA ROXA,Kg,6.0,Mercado Central,MERCADO-CENTRAL2227-E-29-DE-ABRIL.pdf
2026-04-22,2026,4,Abril,22,"04 Abr (22,27,29)",Origem vegetal,CEBOLINHA,Molho,2.0,Mercado Central,MERCADO-CENTRAL2227-E-29-DE-ABRIL.pdf
2026-04-22,2026,4,Abril,22,"04 Abr (22,27,29)",Origem vegetal,CENOURA,Kg,5.0,Mercado Central,MERCADO-CENTRAL2227-E-29-DE-ABRIL.pdf
2026-04-22,2026,4,Abril,22,"04 Abr (22,27,29)",Origem vegetal,CHUCHU,Um,2.0,Mercado Central,MERCADO-CENTRAL2227-E-29-DE-ABRIL.pdf
2026-04-22,2026,4,Abril,22,"04 Abr (22,27,29)",Origem vegetal,COCO SECO,Um,7.0,Mercado Central,MERCADO-CENTRAL2227-E-29-DE-ABRIL.pdf
2026-04-22,2026,4,Abril,22,"04 Abr (22,27,29)",Origem vegetal,COCO VERDE,Um,5.0,Mercado Central,MERCADO-CENTRAL2227-E-29-DE-ABRIL.pdf
2026-04-22,2026,4,Abril,22,"04 Abr (22,27,29)",Origem vegetal,COENTRO,Molho,2.0,Mercado Central,MERCADO-CENTRAL2227-E-29-DE-ABRIL.pdf
2026-04-22,2026,4,Abril,22,"04 Abr (22,27,29)",Origem vegetal,COUVE,Molho,2.0,Mercado Central,MERCADO-CENTRAL2227-E-29-DE-ABRIL.pdf
2026-04-22,2026,4,Abril,22,"04 Abr (22,27,29)",Origem vegetal,COUVE-FLOR,Kg,13.0,Mercado Central,MERCADO-CENTRAL2227-E-29-DE-ABRIL.pdf
2026-04-22,2026,4,Abril,22,"04 Abr (22,27,29)",Origem vegetal,FARINHA DE MANDIOCA,Kg,6.0,Mercado Central,MERCADO-CENTRAL2227-E-29-DE-ABRIL.pdf
2026-04-22,2026,4,Abril,22,"04 Abr (22,27,29)",Origem vegetal,FEIJAO CARIOQUINHA,Kg,7.0,Mercado Central,MERCADO-CENTRAL2227-E-29-DE-ABRIL.pdf
2026-04-22,2026,4,Abril,22,"04 Abr (22,27,29)",Origem vegetal,GOIABA VERMELHA,Kg,4.0,Mercado Central,MERCADO-CENTRAL2227-E-29-DE-ABRIL.pdf
2026-04-22,2026,4,Abril,22,"04 Abr (22,27,29)",Origem vegetal,INHAME DA COSTA,Kg,10.0,Mercado Central,MERCADO-CENTRAL2227-E-29-DE-ABRIL.pdf
2026-04-22,2026,4,Abril,22,"04 Abr (22,27,29)",Origem vegetal,LARANJA PERA,Uma,0.7,Mercado Central,MERCADO-CENTRAL2227-E-29-DE-ABRIL.pdf
2026-04-22,2026,4,Abril,22,"04 Abr (22,27,29)",Origem vegetal,LIMAO TAITI,Kg,4.0,Mercado Central,MERCADO-CENTRAL2227-E-29-DE-ABRIL.pdf
2026-04-22,2026,4,Abril,22,"04 Abr (22,27,29)",Origem vegetal,MACA NACIONAL,Kg,10.0,Mercado Central,MERCADO-CENTRAL2227-E-29-DE-ABRIL.pdf
2026-04-22,2026,4,Abril,22,"04 Abr (22,27,29)",Origem vegetal,MACAXEIRA (AIPIM),Kg,3.0,Mercado Central,MERCADO-CENTRAL2227-E-29-DE-ABRIL.pdf
2026-04-22,2026,4,Abril,22,"04 Abr (22,27,29)",Origem vegetal,MAMAO FORMOSA,Kg,3.0,Mercado Central,MERCADO-CENTRAL2227-E-29-DE-ABRIL.pdf
2026-04-22,2026,4,Abril,22,"04 Abr (22,27,29)",Origem vegetal,MAMAO HAWAY,Kg,4.0,Mercado Central,MERCADO-CENTRAL2227-E-29-DE-ABRIL.pdf
2026-04-22,2026,4,Abril,22,"04 Abr (22,27,29)",Origem vegetal,MANGA TOMMY,Kg,4.0,Mercado Central,MERCADO-CENTRAL2227-E-29-DE-ABRIL.pdf
2026-04-22,2026,4,Abril,22,"04 Abr (22,27,29)",Origem vegetal,MARACUJA,Kg,7.0,Mercado Central,MERCADO-CENTRAL2227-E-29-DE-ABRIL.pdf
2026-04-22,2026,4,Abril,22,"04 Abr (22,27,29)",Origem vegetal,MAXIXE,Kg,7.0,Mercado Central,MERCADO-CENTRAL2227-E-29-DE-ABRIL.pdf
2026-04-22,2026,4,Abril,22,"04 Abr (22,27,29)",Origem vegetal,MELANCIA,Kg,1.5,Mercado Central,MERCADO-CENTRAL2227-E-29-DE-ABRIL.pdf
2026-04-22,2026,4,Abril,22,"04 Abr (22,27,29)",Origem vegetal,MELAO ESPANHOL,Um,4.0,Mercado Central,MERCADO-CENTRAL2227-E-29-DE-ABRIL.pdf
2026-04-22,2026,4,Abril,22,"04 Abr (22,27,29)",Origem vegetal,MILHO EM GRAO,Kg,2.0,Mercado Central,MERCADO-CENTRAL2227-E-29-DE-ABRIL.pdf
2026-04-22,2026,4,Abril,22,"04 Abr (22,27,29)",Origem vegetal,MILHO VERDE,Espiga,1.0,Mercado Central,MERCADO-CENTRAL2227-E-29-DE-ABRIL.pdf
2026-04-22,2026,4,Abril,22,"04 Abr (22,27,29)",Origem vegetal,MORANGO,"Cx 0,3Kg",6.0,Mercado Central,MERCADO-CENTRAL2227-E-29-DE-ABRIL.pdf
2026-04-22,2026,4,Abril,22,"04 Abr (22,27,29)",Origem vegetal,PIMENTAO VERDE,Kg,2.0,Mercado Central,MERCADO-CENTRAL2227-E-29-DE-ABRIL.pdf
2026-04-22,2026,4,Abril,22,"04 Abr (22,27,29)",Origem vegetal,QUIABO,Cento,20.0,Mercado Central,MERCADO-CENTRAL2227-E-29-DE-ABRIL.pdf
2026-04-22,2026,4,Abril,22,"04 Abr (22,27,29)",Origem vegetal,REPOLHO VERDE,Kg,5.0,Mercado Central,MERCADO-CENTRAL2227-E-29-DE-ABRIL.pdf
2026-04-22,2026,4,Abril,22,"04 Abr (22,27,29)",Origem vegetal,TOMATE,Kg,5.0,Mercado Central,MERCADO-CENTRAL2227-E-29-DE-ABRIL.pdf
2026-04-22,2026,4,Abril,22,"04 Abr (22,27,29)",Origem vegetal,UVA SEM SEMENTE,Kg,12.0,Mercado Central,MERCADO-CENTRAL2227-E-29-DE-ABRIL.pdf
2026-04-22,2026,4,Abril,22,"04 Abr (22,27,29)",Origem vegetal,VAGEM,Kg,18.0,Mercado Central,MERCADO-CENTRAL2227-E-29-DE-ABRIL.pdf
2026-04-27,2026,4,Abril,27,"04 Abr (22,27,29)",Origem animal,ACEM C/ OSSO,Kg,26.0,Mercado Central,MERCADO-CENTRAL2227-E-29-DE-ABRIL.pdf
2026-04-27,2026,4,Abril,27,"04 Abr (22,27,29)",Origem animal,ACEM S/ OSSO,Kg,35.0,Mercado Central,MERCADO-CENTRAL2227-E-29-DE-ABRIL.pdf
2026-04-27,2026,4,Abril,27,"04 Abr (22,27,29)",Origem animal,ALCATRA,Kg,44.0,Mercado Central,MERCADO-CENTRAL2227-E-29-DE-ABRIL.pdf
2026-04-27,2026,4,Abril,27,"04 Abr (22,27,29)",Origem animal,CARNE SUINA TRASEIRA,Kg,23.0,Mercado Central,MERCADO-CENTRAL2227-E-29-DE-ABRIL.pdf
2026-04-27,2026,4,Abril,27,"04 Abr (22,27,29)",Origem animal,CHA DE DENTRO (COXAO MOLE),Kg,44.0,Mercado Central,MERCADO-CENTRAL2227-E-29-DE-ABRIL.pdf
2026-04-27,2026,4,Abril,27,"04 Abr (22,27,29)",Origem animal,CHA DE FORA (COXAO DURO),Kg,39.0,Mercado Central,MERCADO-CENTRAL2227-E-29-DE-ABRIL.pdf
2026-04-27,2026,4,Abril,27,"04 Abr (22,27,29)",Origem animal,CONTRA FILE,Kg,45.0,Mercado Central,MERCADO-CENTRAL2227-E-29-DE-ABRIL.pdf
2026-04-27,2026,4,Abril,27,"04 Abr (22,27,29)",Origem animal,COSTELA,Kg,22.0,Mercado Central,MERCADO-CENTRAL2227-E-29-DE-ABRIL.pdf
2026-04-27,2026,4,Abril,27,"04 Abr (22,27,29)",Origem animal,FILE MIGNION,Kg,55.0,Mercado Central,MERCADO-CENTRAL2227-E-29-DE-ABRIL.pdf
2026-04-27,2026,4,Abril,27,"04 Abr (22,27,29)",Origem animal,FRANGO DE GRANJA,Kg,16.0,Mercado Central,MERCADO-CENTRAL2227-E-29-DE-ABRIL.pdf
2026-04-27,2026,4,Abril,27,"04 Abr (22,27,29)",Origem animal,MANTEIGA,Kg,38.0,Mercado Central,MERCADO-CENTRAL2227-E-29-DE-ABRIL.pdf
2026-04-27,2026,4,Abril,27,"04 Abr (22,27,29)",Origem animal,MUSCULO,Kg,27.0,Mercado Central,MERCADO-CENTRAL2227-E-29-DE-ABRIL.pdf
2026-04-27,2026,4,Abril,27,"04 Abr (22,27,29)",Origem animal,OVO BRANCO GRANDE,Dz,8.0,Mercado Central,MERCADO-CENTRAL2227-E-29-DE-ABRIL.pdf
2026-04-27,2026,4,Abril,27,"04 Abr (22,27,29)",Origem animal,OVO VERMELHO GRANDE,Dz,9.0,Mercado Central,MERCADO-CENTRAL2227-E-29-DE-ABRIL.pdf
2026-04-27,2026,4,Abril,27,"04 Abr (22,27,29)",Origem animal,PALETA C/ OSSO,Kg,25.0,Mercado Central,MERCADO-CENTRAL2227-E-29-DE-ABRIL.pdf
2026-04-27,2026,4,Abril,27,"04 Abr (22,27,29)",Origem animal,PATINHO,Kg,38.0,Mercado Central,MERCADO-CENTRAL2227-E-29-DE-ABRIL.pdf
2026-04-27,2026,4,Abril,27,"04 Abr (22,27,29)",Origem animal,PEITO C/ OSSO,Kg,25.0,Mercado Central,MERCADO-CENTRAL2227-E-29-DE-ABRIL.pdf
2026-04-27,2026,4,Abril,27,"04 Abr (22,27,29)",Origem animal,QUEIJO COALHO,Kg,28.0,Mercado Central,MERCADO-CENTRAL2227-E-29-DE-ABRIL.pdf
2026-04-27,2026,4,Abril,27,"04 Abr (22,27,29)",Origem vegetal,ABACAXI GRANDE,Um,7.0,Mercado Central,MERCADO-CENTRAL2227-E-29-DE-ABRIL.pdf
2026-04-27,2026,4,Abril,27,"04 Abr (22,27,29)",Origem vegetal,ABOBORA,Kg,6.0,Mercado Central,MERCADO-CENTRAL2227-E-29-DE-ABRIL.pdf
2026-04-27,2026,4,Abril,27,"04 Abr (22,27,29)",Origem vegetal,ABOBRINHA,Kg,4.0,Mercado Central,MERCADO-CENTRAL2227-E-29-DE-ABRIL.pdf
2026-04-27,2026,4,Abril,27,"04 Abr (22,27,29)",Origem vegetal,ACEROLA,Kg,6.0,Mercado Central,MERCADO-CENTRAL2227-E-29-DE-ABRIL.pdf
2026-04-27,2026,4,Abril,27,"04 Abr (22,27,29)",Origem vegetal,ALFACE,Pe,2.0,Mercado Central,MERCADO-CENTRAL2227-E-29-DE-ABRIL.pdf
2026-04-27,2026,4,Abril,27,"04 Abr (22,27,29)",Origem vegetal,ALHO,Cab.,2.5,Mercado Central,MERCADO-CENTRAL2227-E-29-DE-ABRIL.pdf
2026-04-27,2026,4,Abril,27,"04 Abr (22,27,29)",Origem vegetal,AMENDOIM C/CASCA COZIDO,Kg,10.0,Mercado Central,MERCADO-CENTRAL2227-E-29-DE-ABRIL.pdf
2026-04-27,2026,4,Abril,27,"04 Abr (22,27,29)",Origem vegetal,ARROZ AGULHA T 1,Kg,6.5,Mercado Central,MERCADO-CENTRAL2227-E-29-DE-ABRIL.pdf
2026-04-27,2026,4,Abril,27,"04 Abr (22,27,29)",Origem vegetal,BANANA PRATA,Dz,5.0,Mercado Central,MERCADO-CENTRAL2227-E-29-DE-ABRIL.pdf
2026-04-27,2026,4,Abril,27,"04 Abr (22,27,29)",Origem vegetal,BATATA DOCE,Kg,5.0,Mercado Central,MERCADO-CENTRAL2227-E-29-DE-ABRIL.pdf
2026-04-27,2026,4,Abril,27,"04 Abr (22,27,29)",Origem vegetal,BATATA LISA,Kg,6.0,Mercado Central,MERCADO-CENTRAL2227-E-29-DE-ABRIL.pdf
2026-04-27,2026,4,Abril,27,"04 Abr (22,27,29)",Origem vegetal,BETERRABA,Kg,6.0,Mercado Central,MERCADO-CENTRAL2227-E-29-DE-ABRIL.pdf
2026-04-27,2026,4,Abril,27,"04 Abr (22,27,29)",Origem vegetal,CAJU,Um,1.0,Mercado Central,MERCADO-CENTRAL2227-E-29-DE-ABRIL.pdf
2026-04-27,2026,4,Abril,27,"04 Abr (22,27,29)",Origem vegetal,CEBOLA BRANCA,Kg,5.0,Mercado Central,MERCADO-CENTRAL2227-E-29-DE-ABRIL.pdf
2026-04-27,2026,4,Abril,27,"04 Abr (22,27,29)",Origem vegetal,CEBOLA ROXA,Kg,6.0,Mercado Central,MERCADO-CENTRAL2227-E-29-DE-ABRIL.pdf
2026-04-27,2026,4,Abril,27,"04 Abr (22,27,29)",Origem vegetal,CEBOLINHA,Molho,2.0,Mercado Central,MERCADO-CENTRAL2227-E-29-DE-ABRIL.pdf
2026-04-27,2026,4,Abril,27,"04 Abr (22,27,29)",Origem vegetal,CENOURA,Kg,5.0,Mercado Central,MERCADO-CENTRAL2227-E-29-DE-ABRIL.pdf
2026-04-27,2026,4,Abril,27,"04 Abr (22,27,29)",Origem vegetal,CHUCHU,Um,2.0,Mercado Central,MERCADO-CENTRAL2227-E-29-DE-ABRIL.pdf
2026-04-27,2026,4,Abril,27,"04 Abr (22,27,29)",Origem vegetal,COCO SECO,Um,7.0,Mercado Central,MERCADO-CENTRAL2227-E-29-DE-ABRIL.pdf
2026-04-27,2026,4,Abril,27,"04 Abr (22,27,29)",Origem vegetal,COCO VERDE,Um,5.0,Mercado Central,MERCADO-CENTRAL2227-E-29-DE-ABRIL.pdf
2026-04-27,2026,4,Abril,27,"04 Abr (22,27,29)",Origem vegetal,COENTRO,Molho,2.0,Mercado Central,MERCADO-CENTRAL2227-E-29-DE-ABRIL.pdf
2026-04-27,2026,4,Abril,27,"04 Abr (22,27,29)",Origem vegetal,COUVE,Molho,2.0,Mercado Central,MERCADO-CENTRAL2227-E-29-DE-ABRIL.pdf
2026-04-27,2026,4,Abril,27,"04 Abr (22,27,29)",Origem vegetal,COUVE-FLOR,Kg,13.0,Mercado Central,MERCADO-CENTRAL2227-E-29-DE-ABRIL.pdf
2026-04-27,2026,4,Abril,27,"04 Abr (22,27,29)",Origem vegetal,FARINHA DE MANDIOCA,Kg,6.0,Mercado Central,MERCADO-CENTRAL2227-E-29-DE-ABRIL.pdf
2026-04-27,2026,4,Abril,27,"04 Abr (22,27,29)",Origem vegetal,FEIJAO CARIOQUINHA,Kg,7.0,Mercado Central,MERCADO-CENTRAL2227-E-29-DE-ABRIL.pdf
2026-04-27,2026,4,Abril,27,"04 Abr (22,27,29)",Origem vegetal,GOIABA VERMELHA,Kg,4.0,Mercado Central,MERCADO-CENTRAL2227-E-29-DE-ABRIL.pdf
2026-04-27,2026,4,Abril,27,"04 Abr (22,27,29)",Origem vegetal,INHAME DA COSTA,Kg,10.0,Mercado Central,MERCADO-CENTRAL2227-E-29-DE-ABRIL.pdf
2026-04-27,2026,4,Abril,27,"04 Abr (22,27,29)",Origem vegetal,LARANJA PERA,Uma,0.7,Mercado Central,MERCADO-CENTRAL2227-E-29-DE-ABRIL.pdf
2026-04-27,2026,4,Abril,27,"04 Abr (22,27,29)",Origem vegetal,LIMAO TAITI,Kg,4.0,Mercado Central,MERCADO-CENTRAL2227-E-29-DE-ABRIL.pdf
2026-04-27,2026,4,Abril,27,"04 Abr (22,27,29)",Origem vegetal,MACA NACIONAL,Kg,10.0,Mercado Central,MERCADO-CENTRAL2227-E-29-DE-ABRIL.pdf
2026-04-27,2026,4,Abril,27,"04 Abr (22,27,29)",Origem vegetal,MACAXEIRA (AIPIM),Kg,3.0,Mercado Central,MERCADO-CENTRAL2227-E-29-DE-ABRIL.pdf
2026-04-27,2026,4,Abril,27,"04 Abr (22,27,29)",Origem vegetal,MAMAO FORMOSA,Kg,3.0,Mercado Central,MERCADO-CENTRAL2227-E-29-DE-ABRIL.pdf
2026-04-27,2026,4,Abril,27,"04 Abr (22,27,29)",Origem vegetal,MAMAO HAWAY,Kg,4.0,Mercado Central,MERCADO-CENTRAL2227-E-29-DE-ABRIL.pdf
2026-04-27,2026,4,Abril,27,"04 Abr (22,27,29)",Origem vegetal,MANGA TOMMY,Kg,4.0,Mercado Central,MERCADO-CENTRAL2227-E-29-DE-ABRIL.pdf
2026-04-27,2026,4,Abril,27,"04 Abr (22,27,29)",Origem vegetal,MARACUJA,Kg,7.0,Mercado Central,MERCADO-CENTRAL2227-E-29-DE-ABRIL.pdf
2026-04-27,2026,4,Abril,27,"04 Abr (22,27,29)",Origem vegetal,MAXIXE,Kg,7.0,Mercado Central,MERCADO-CENTRAL2227-E-29-DE-ABRIL.pdf
2026-04-27,2026,4,Abril,27,"04 Abr (22,27,29)",Origem vegetal,MELANCIA,Kg,1.5,Mercado Central,MERCADO-CENTRAL2227-E-29-DE-ABRIL.pdf
2026-04-27,2026,4,Abril,27,"04 Abr (22,27,29)",Origem vegetal,MELAO ESPANHOL,Um,4.0,Mercado Central,MERCADO-CENTRAL2227-E-29-DE-ABRIL.pdf
2026-04-27,2026,4,Abril,27,"04 Abr (22,27,29)",Origem vegetal,MILHO EM GRAO,Kg,2.0,Mercado Central,MERCADO-CENTRAL2227-E-29-DE-ABRIL.pdf
2026-04-27,2026,4,Abril,27,"04 Abr (22,27,29)",Origem vegetal,MILHO VERDE,Espiga,1.0,Mercado Central,MERCADO-CENTRAL2227-E-29-DE-ABRIL.pdf
2026-04-27,2026,4,Abril,27,"04 Abr (22,27,29)",Origem vegetal,MORANGO,"Cx 0,3Kg",6.0,Mercado Central,MERCADO-CENTRAL2227-E-29-DE-ABRIL.pdf
2026-04-27,2026,4,Abril,27,"04 Abr (22,27,29)",Origem vegetal,PIMENTAO VERDE,Kg,2.0,Mercado Central,MERCADO-CENTRAL2227-E-29-DE-ABRIL.pdf
2026-04-27,2026,4,Abril,27,"04 Abr (22,27,29)",Origem vegetal,QUIABO,Cento,20.0,Mercado Central,MERCADO-CENTRAL2227-E-29-DE-ABRIL.pdf
2026-04-27,2026,4,Abril,27,"04 Abr (22,27,29)",Origem vegetal,REPOLHO VERDE,Kg,5.0,Mercado Central,MERCADO-CENTRAL2227-E-29-DE-ABRIL.pdf
2026-04-27,2026,4,Abril,27,"04 Abr (22,27,29)",Origem vegetal,TOMATE,Kg,6.0,Mercado Central,MERCADO-CENTRAL2227-E-29-DE-ABRIL.pdf
2026-04-27,2026,4,Abril,27,"04 Abr (22,27,29)",Origem vegetal,UVA SEM SEMENTE,Kg,12.0,Mercado Central,MERCADO-CENTRAL2227-E-29-DE-ABRIL.pdf
2026-04-27,2026,4,Abril,27,"04 Abr (22,27,29)",Origem vegetal,VAGEM,Kg,18.0,Mercado Central,MERCADO-CENTRAL2227-E-29-DE-ABRIL.pdf
2026-04-29,2026,4,Abril,29,"04 Abr (22,27,29)",Origem animal,ACEM C/ OSSO,Kg,26.0,Mercado Central,MERCADO-CENTRAL2227-E-29-DE-ABRIL.pdf
2026-04-29,2026,4,Abril,29,"04 Abr (22,27,29)",Origem animal,ACEM S/ OSSO,Kg,35.0,Mercado Central,MERCADO-CENTRAL2227-E-29-DE-ABRIL.pdf
2026-04-29,2026,4,Abril,29,"04 Abr (22,27,29)",Origem animal,ALCATRA,Kg,44.0,Mercado Central,MERCADO-CENTRAL2227-E-29-DE-ABRIL.pdf
2026-04-29,2026,4,Abril,29,"04 Abr (22,27,29)",Origem animal,CARNE SUINA TRASEIRA,Kg,23.0,Mercado Central,MERCADO-CENTRAL2227-E-29-DE-ABRIL.pdf
2026-04-29,2026,4,Abril,29,"04 Abr (22,27,29)",Origem animal,CHA DE DENTRO (COXAO MOLE),Kg,44.0,Mercado Central,MERCADO-CENTRAL2227-E-29-DE-ABRIL.pdf
2026-04-29,2026,4,Abril,29,"04 Abr (22,27,29)",Origem animal,CHA DE FORA (COXAO DURO),Kg,39.0,Mercado Central,MERCADO-CENTRAL2227-E-29-DE-ABRIL.pdf
2026-04-29,2026,4,Abril,29,"04 Abr (22,27,29)",Origem animal,CONTRA FILE,Kg,45.0,Mercado Central,MERCADO-CENTRAL2227-E-29-DE-ABRIL.pdf
2026-04-29,2026,4,Abril,29,"04 Abr (22,27,29)",Origem animal,COSTELA,Kg,22.0,Mercado Central,MERCADO-CENTRAL2227-E-29-DE-ABRIL.pdf
2026-04-29,2026,4,Abril,29,"04 Abr (22,27,29)",Origem animal,FILE MIGNION,Kg,55.0,Mercado Central,MERCADO-CENTRAL2227-E-29-DE-ABRIL.pdf
2026-04-29,2026,4,Abril,29,"04 Abr (22,27,29)",Origem animal,FRANGO DE GRANJA,Kg,16.0,Mercado Central,MERCADO-CENTRAL2227-E-29-DE-ABRIL.pdf
2026-04-29,2026,4,Abril,29,"04 Abr (22,27,29)",Origem animal,MANTEIGA,Kg,38.0,Mercado Central,MERCADO-CENTRAL2227-E-29-DE-ABRIL.pdf
2026-04-29,2026,4,Abril,29,"04 Abr (22,27,29)",Origem animal,MUSCULO,Kg,27.0,Mercado Central,MERCADO-CENTRAL2227-E-29-DE-ABRIL.pdf
2026-04-29,2026,4,Abril,29,"04 Abr (22,27,29)",Origem animal,OVO BRANCO GRANDE,Dz,8.0,Mercado Central,MERCADO-CENTRAL2227-E-29-DE-ABRIL.pdf
2026-04-29,2026,4,Abril,29,"04 Abr (22,27,29)",Origem animal,OVO VERMELHO GRANDE,Dz,9.0,Mercado Central,MERCADO-CENTRAL2227-E-29-DE-ABRIL.pdf
2026-04-29,2026,4,Abril,29,"04 Abr (22,27,29)",Origem animal,PALETA C/ OSSO,Kg,25.0,Mercado Central,MERCADO-CENTRAL2227-E-29-DE-ABRIL.pdf
2026-04-29,2026,4,Abril,29,"04 Abr (22,27,29)",Origem animal,PATINHO,Kg,38.0,Mercado Central,MERCADO-CENTRAL2227-E-29-DE-ABRIL.pdf
2026-04-29,2026,4,Abril,29,"04 Abr (22,27,29)",Origem animal,PEITO C/ OSSO,Kg,25.0,Mercado Central,MERCADO-CENTRAL2227-E-29-DE-ABRIL.pdf
2026-04-29,2026,4,Abril,29,"04 Abr (22,27,29)",Origem animal,QUEIJO COALHO,Kg,28.0,Mercado Central,MERCADO-CENTRAL2227-E-29-DE-ABRIL.pdf
2026-04-29,2026,4,Abril,29,"04 Abr (22,27,29)",Origem vegetal,ABACAXI GRANDE,Um,6.0,Mercado Central,MERCADO-CENTRAL2227-E-29-DE-ABRIL.pdf
2026-04-29,2026,4,Abril,29,"04 Abr (22,27,29)",Origem vegetal,ABOBORA,Kg,6.0,Mercado Central,MERCADO-CENTRAL2227-E-29-DE-ABRIL.pdf
2026-04-29,2026,4,Abril,29,"04 Abr (22,27,29)",Origem vegetal,ABOBRINHA,Kg,4.0,Mercado Central,MERCADO-CENTRAL2227-E-29-DE-ABRIL.pdf
2026-04-29,2026,4,Abril,29,"04 Abr (22,27,29)",Origem vegetal,ACEROLA,Kg,6.0,Mercado Central,MERCADO-CENTRAL2227-E-29-DE-ABRIL.pdf
2026-04-29,2026,4,Abril,29,"04 Abr (22,27,29)",Origem vegetal,ALFACE,Pe,2.0,Mercado Central,MERCADO-CENTRAL2227-E-29-DE-ABRIL.pdf
2026-04-29,2026,4,Abril,29,"04 Abr (22,27,29)",Origem vegetal,ALHO,Cab.,2.5,Mercado Central,MERCADO-CENTRAL2227-E-29-DE-ABRIL.pdf
2026-04-29,2026,4,Abril,29,"04 Abr (22,27,29)",Origem vegetal,AMENDOIM C/CASCA COZIDO,Kg,10.0,Mercado Central,MERCADO-CENTRAL2227-E-29-DE-ABRIL.pdf
2026-04-29,2026,4,Abril,29,"04 Abr (22,27,29)",Origem vegetal,ARROZ AGULHA T 1,Kg,6.5,Mercado Central,MERCADO-CENTRAL2227-E-29-DE-ABRIL.pdf
2026-04-29,2026,4,Abril,29,"04 Abr (22,27,29)",Origem vegetal,BANANA PRATA,Dz,5.0,Mercado Central,MERCADO-CENTRAL2227-E-29-DE-ABRIL.pdf
2026-04-29,2026,4,Abril,29,"04 Abr (22,27,29)",Origem vegetal,BATATA DOCE,Kg,5.0,Mercado Central,MERCADO-CENTRAL2227-E-29-DE-ABRIL.pdf
2026-04-29,2026,4,Abril,29,"04 Abr (22,27,29)",Origem vegetal,BATATA LISA,Kg,6.0,Mercado Central,MERCADO-CENTRAL2227-E-29-DE-ABRIL.pdf
2026-04-29,2026,4,Abril,29,"04 Abr (22,27,29)",Origem vegetal,BETERRABA,Kg,6.0,Mercado Central,MERCADO-CENTRAL2227-E-29-DE-ABRIL.pdf
2026-04-29,2026,4,Abril,29,"04 Abr (22,27,29)",Origem vegetal,CAJU,Um,1.0,Mercado Central,MERCADO-CENTRAL2227-E-29-DE-ABRIL.pdf
2026-04-29,2026,4,Abril,29,"04 Abr (22,27,29)",Origem vegetal,CEBOLA BRANCA,Kg,5.0,Mercado Central,MERCADO-CENTRAL2227-E-29-DE-ABRIL.pdf
2026-04-29,2026,4,Abril,29,"04 Abr (22,27,29)",Origem vegetal,CEBOLA ROXA,Kg,6.0,Mercado Central,MERCADO-CENTRAL2227-E-29-DE-ABRIL.pdf
2026-04-29,2026,4,Abril,29,"04 Abr (22,27,29)",Origem vegetal,CEBOLINHA,Molho,2.0,Mercado Central,MERCADO-CENTRAL2227-E-29-DE-ABRIL.pdf
2026-04-29,2026,4,Abril,29,"04 Abr (22,27,29)",Origem vegetal,CENOURA,Kg,5.0,Mercado Central,MERCADO-CENTRAL2227-E-29-DE-ABRIL.pdf
2026-04-29,2026,4,Abril,29,"04 Abr (22,27,29)",Origem vegetal,CHUCHU,Um,2.0,Mercado Central,MERCADO-CENTRAL2227-E-29-DE-ABRIL.pdf
2026-04-29,2026,4,Abril,29,"04 Abr (22,27,29)",Origem vegetal,COCO SECO,Um,7.0,Mercado Central,MERCADO-CENTRAL2227-E-29-DE-ABRIL.pdf
2026-04-29,2026,4,Abril,29,"04 Abr (22,27,29)",Origem vegetal,COCO VERDE,Um,5.0,Mercado Central,MERCADO-CENTRAL2227-E-29-DE-ABRIL.pdf
2026-04-29,2026,4,Abril,29,"04 Abr (22,27,29)",Origem vegetal,COENTRO,Molho,2.0,Mercado Central,MERCADO-CENTRAL2227-E-29-DE-ABRIL.pdf
2026-04-29,2026,4,Abril,29,"04 Abr (22,27,29)",Origem vegetal,COUVE,Molho,2.0,Mercado Central,MERCADO-CENTRAL2227-E-29-DE-ABRIL.pdf
2026-04-29,2026,4,Abril,29,"04 Abr (22,27,29)",Origem vegetal,COUVE-FLOR,Kg,13.0,Mercado Central,MERCADO-CENTRAL2227-E-29-DE-ABRIL.pdf
2026-04-29,2026,4,Abril,29,"04 Abr (22,27,29)",Origem vegetal,FARINHA DE MANDIOCA,Kg,6.0,Mercado Central,MERCADO-CENTRAL2227-E-29-DE-ABRIL.pdf
2026-04-29,2026,4,Abril,29,"04 Abr (22,27,29)",Origem vegetal,FEIJAO CARIOQUINHA,Kg,7.0,Mercado Central,MERCADO-CENTRAL2227-E-29-DE-ABRIL.pdf
2026-04-29,2026,4,Abril,29,"04 Abr (22,27,29)",Origem vegetal,GOIABA VERMELHA,Kg,4.0,Mercado Central,MERCADO-CENTRAL2227-E-29-DE-ABRIL.pdf
2026-04-29,2026,4,Abril,29,"04 Abr (22,27,29)",Origem vegetal,INHAME DA COSTA,Kg,10.0,Mercado Central,MERCADO-CENTRAL2227-E-29-DE-ABRIL.pdf
2026-04-29,2026,4,Abril,29,"04 Abr (22,27,29)",Origem vegetal,LARANJA PERA,Uma,0.7,Mercado Central,MERCADO-CENTRAL2227-E-29-DE-ABRIL.pdf
2026-04-29,2026,4,Abril,29,"04 Abr (22,27,29)",Origem vegetal,LIMAO TAITI,Kg,4.0,Mercado Central,MERCADO-CENTRAL2227-E-29-DE-ABRIL.pdf
2026-04-29,2026,4,Abril,29,"04 Abr (22,27,29)",Origem vegetal,MACA NACIONAL,Kg,10.0,Mercado Central,MERCADO-CENTRAL2227-E-29-DE-ABRIL.pdf
2026-04-29,2026,4,Abril,29,"04 Abr (22,27,29)",Origem vegetal,MACAXEIRA (AIPIM),Kg,3.0,Mercado Central,MERCADO-CENTRAL2227-E-29-DE-ABRIL.pdf
2026-04-29,2026,4,Abril,29,"04 Abr (22,27,29)",Origem vegetal,MAMAO FORMOSA,Kg,3.0,Mercado Central,MERCADO-CENTRAL2227-E-29-DE-ABRIL.pdf
2026-04-29,2026,4,Abril,29,"04 Abr (22,27,29)",Origem vegetal,MAMAO HAWAY,Kg,4.0,Mercado Central,MERCADO-CENTRAL2227-E-29-DE-ABRIL.pdf
2026-04-29,2026,4,Abril,29,"04 Abr (22,27,29)",Origem vegetal,MANGA TOMMY,Kg,4.0,Mercado Central,MERCADO-CENTRAL2227-E-29-DE-ABRIL.pdf
2026-04-29,2026,4,Abril,29,"04 Abr (22,27,29)",Origem vegetal,MARACUJA,Kg,7.0,Mercado Central,MERCADO-CENTRAL2227-E-29-DE-ABRIL.pdf
2026-04-29,2026,4,Abril,29,"04 Abr (22,27,29)",Origem vegetal,MAXIXE,Kg,7.0,Mercado Central,MERCADO-CENTRAL2227-E-29-DE-ABRIL.pdf
2026-04-29,2026,4,Abril,29,"04 Abr (22,27,29)",Origem vegetal,MELANCIA,Kg,1.5,Mercado Central,MERCADO-CENTRAL2227-E-29-DE-ABRIL.pdf
2026-04-29,2026,4,Abril,29,"04 Abr (22,27,29)",Origem vegetal,MELAO ESPANHOL,Um,4.0,Mercado Central,MERCADO-CENTRAL2227-E-29-DE-ABRIL.pdf
2026-04-29,2026,4,Abril,29,"04 Abr (22,27,29)",Origem vegetal,MILHO EM GRAO,Kg,2.0,Mercado Central,MERCADO-CENTRAL2227-E-29-DE-ABRIL.pdf
2026-04-29,2026,4,Abril,29,"04 Abr (22,27,29)",Origem vegetal,MILHO VERDE,Espiga,1.0,Mercado Central,MERCADO-CENTRAL2227-E-29-DE-ABRIL.pdf
2026-04-29,2026,4,Abril,29,"04 Abr (22,27,29)",Origem vegetal,MORANGO,"Cx 0,3Kg",6.0,Mercado Central,MERCADO-CENTRAL2227-E-29-DE-ABRIL.pdf
2026-04-29,2026,4,Abril,29,"04 Abr (22,27,29)",Origem vegetal,PIMENTAO VERDE,Kg,2.0,Mercado Central,MERCADO-CENTRAL2227-E-29-DE-ABRIL.pdf
2026-04-29,2026,4,Abril,29,"04 Abr (22,27,29)",Origem vegetal,QUIABO,Cento,20.0,Mercado Central,MERCADO-CENTRAL2227-E-29-DE-ABRIL.pdf
2026-04-29,2026,4,Abril,29,"04 Abr (22,27,29)",Origem vegetal,REPOLHO VERDE,Kg,5.0,Mercado Central,MERCADO-CENTRAL2227-E-29-DE-ABRIL.pdf
2026-04-29,2026,4,Abril,29,"04 Abr (22,27,29)",Origem vegetal,TOMATE,Kg,6.0,Mercado Central,MERCADO-CENTRAL2227-E-29-DE-ABRIL.pdf
2026-04-29,2026,4,Abril,29,"04 Abr (22,27,29)",Origem vegetal,UVA SEM SEMENTE,Kg,12.0,Mercado Central,MERCADO-CENTRAL2227-E-29-DE-ABRIL.pdf
2026-04-29,2026,4,Abril,29,"04 Abr (22,27,29)",Origem vegetal,VAGEM,Kg,18.0,Mercado Central,MERCADO-CENTRAL2227-E-29-DE-ABRIL.pdf
2026-05-04,2026,5,Maio,4,"05 Mai (4,6,11)",Origem animal,ACEM C/ OSSO,Kg,26.0,Mercado Central,MERCADO-CENTRAL-46E-11-DE-MAIO.pdf
2026-05-04,2026,5,Maio,4,"05 Mai (4,6,11)",Origem animal,ACEM S/ OSSO,Kg,35.0,Mercado Central,MERCADO-CENTRAL-46E-11-DE-MAIO.pdf
2026-05-04,2026,5,Maio,4,"05 Mai (4,6,11)",Origem animal,ALCATRA,Kg,44.0,Mercado Central,MERCADO-CENTRAL-46E-11-DE-MAIO.pdf
2026-05-04,2026,5,Maio,4,"05 Mai (4,6,11)",Origem animal,CARNE SUINA TRASEIRA,Kg,23.0,Mercado Central,MERCADO-CENTRAL-46E-11-DE-MAIO.pdf
2026-05-04,2026,5,Maio,4,"05 Mai (4,6,11)",Origem animal,CHA DE DENTRO (COXAO MOLE),Kg,44.0,Mercado Central,MERCADO-CENTRAL-46E-11-DE-MAIO.pdf
2026-05-04,2026,5,Maio,4,"05 Mai (4,6,11)",Origem animal,CHA DE FORA (COXAO DURO),Kg,39.0,Mercado Central,MERCADO-CENTRAL-46E-11-DE-MAIO.pdf
2026-05-04,2026,5,Maio,4,"05 Mai (4,6,11)",Origem animal,CONTRA FILE,Kg,45.0,Mercado Central,MERCADO-CENTRAL-46E-11-DE-MAIO.pdf
2026-05-04,2026,5,Maio,4,"05 Mai (4,6,11)",Origem animal,COSTELA,Kg,22.0,Mercado Central,MERCADO-CENTRAL-46E-11-DE-MAIO.pdf
2026-05-04,2026,5,Maio,4,"05 Mai (4,6,11)",Origem animal,FILE MIGNION,Kg,55.0,Mercado Central,MERCADO-CENTRAL-46E-11-DE-MAIO.pdf
2026-05-04,2026,5,Maio,4,"05 Mai (4,6,11)",Origem animal,FRANGO DE GRANJA,Kg,16.0,Mercado Central,MERCADO-CENTRAL-46E-11-DE-MAIO.pdf
2026-05-04,2026,5,Maio,4,"05 Mai (4,6,11)",Origem animal,MANTEIGA,Kg,38.0,Mercado Central,MERCADO-CENTRAL-46E-11-DE-MAIO.pdf
2026-05-04,2026,5,Maio,4,"05 Mai (4,6,11)",Origem animal,MUSCULO,Kg,27.0,Mercado Central,MERCADO-CENTRAL-46E-11-DE-MAIO.pdf
2026-05-04,2026,5,Maio,4,"05 Mai (4,6,11)",Origem animal,OVO BRANCO GRANDE,Dz,8.0,Mercado Central,MERCADO-CENTRAL-46E-11-DE-MAIO.pdf
2026-05-04,2026,5,Maio,4,"05 Mai (4,6,11)",Origem animal,OVO VERMELHO GRANDE,Dz,9.0,Mercado Central,MERCADO-CENTRAL-46E-11-DE-MAIO.pdf
2026-05-04,2026,5,Maio,4,"05 Mai (4,6,11)",Origem animal,PALETA C/ OSSO,Kg,25.0,Mercado Central,MERCADO-CENTRAL-46E-11-DE-MAIO.pdf
2026-05-04,2026,5,Maio,4,"05 Mai (4,6,11)",Origem animal,PATINHO,Kg,38.0,Mercado Central,MERCADO-CENTRAL-46E-11-DE-MAIO.pdf
2026-05-04,2026,5,Maio,4,"05 Mai (4,6,11)",Origem animal,PEITO C/ OSSO,Kg,25.0,Mercado Central,MERCADO-CENTRAL-46E-11-DE-MAIO.pdf
2026-05-04,2026,5,Maio,4,"05 Mai (4,6,11)",Origem animal,QUEIJO COALHO,Kg,28.0,Mercado Central,MERCADO-CENTRAL-46E-11-DE-MAIO.pdf
2026-05-04,2026,5,Maio,4,"05 Mai (4,6,11)",Origem vegetal,ABACAXI GRANDE,Um,6.0,Mercado Central,MERCADO-CENTRAL-46E-11-DE-MAIO.pdf
2026-05-04,2026,5,Maio,4,"05 Mai (4,6,11)",Origem vegetal,ABOBORA,Kg,6.0,Mercado Central,MERCADO-CENTRAL-46E-11-DE-MAIO.pdf
2026-05-04,2026,5,Maio,4,"05 Mai (4,6,11)",Origem vegetal,ABOBRINHA,Kg,4.0,Mercado Central,MERCADO-CENTRAL-46E-11-DE-MAIO.pdf
2026-05-04,2026,5,Maio,4,"05 Mai (4,6,11)",Origem vegetal,ACEROLA,Kg,6.0,Mercado Central,MERCADO-CENTRAL-46E-11-DE-MAIO.pdf
2026-05-04,2026,5,Maio,4,"05 Mai (4,6,11)",Origem vegetal,ALFACE,Pe,2.0,Mercado Central,MERCADO-CENTRAL-46E-11-DE-MAIO.pdf
2026-05-04,2026,5,Maio,4,"05 Mai (4,6,11)",Origem vegetal,ALHO,Cab.,2.5,Mercado Central,MERCADO-CENTRAL-46E-11-DE-MAIO.pdf
2026-05-04,2026,5,Maio,4,"05 Mai (4,6,11)",Origem vegetal,AMENDOIM C/CASCA COZIDO,Lata,10.0,Mercado Central,MERCADO-CENTRAL-46E-11-DE-MAIO.pdf
2026-05-04,2026,5,Maio,4,"05 Mai (4,6,11)",Origem vegetal,ARROZ AGULHA T 1,Kg,6.5,Mercado Central,MERCADO-CENTRAL-46E-11-DE-MAIO.pdf
2026-05-04,2026,5,Maio,4,"05 Mai (4,6,11)",Origem vegetal,BANANA PRATA,Dz,5.0,Mercado Central,MERCADO-CENTRAL-46E-11-DE-MAIO.pdf
2026-05-04,2026,5,Maio,4,"05 Mai (4,6,11)",Origem vegetal,BATATA DOCE,Kg,5.0,Mercado Central,MERCADO-CENTRAL-46E-11-DE-MAIO.pdf
2026-05-04,2026,5,Maio,4,"05 Mai (4,6,11)",Origem vegetal,BATATA LISA,Kg,7.0,Mercado Central,MERCADO-CENTRAL-46E-11-DE-MAIO.pdf
2026-05-04,2026,5,Maio,4,"05 Mai (4,6,11)",Origem vegetal,BETERRABA,Kg,7.0,Mercado Central,MERCADO-CENTRAL-46E-11-DE-MAIO.pdf
2026-05-04,2026,5,Maio,4,"05 Mai (4,6,11)",Origem vegetal,CAJU,Um,1.0,Mercado Central,MERCADO-CENTRAL-46E-11-DE-MAIO.pdf
2026-05-04,2026,5,Maio,4,"05 Mai (4,6,11)",Origem vegetal,CEBOLA BRANCA,Kg,6.0,Mercado Central,MERCADO-CENTRAL-46E-11-DE-MAIO.pdf
2026-05-04,2026,5,Maio,4,"05 Mai (4,6,11)",Origem vegetal,CEBOLA ROXA,Kg,7.0,Mercado Central,MERCADO-CENTRAL-46E-11-DE-MAIO.pdf
2026-05-04,2026,5,Maio,4,"05 Mai (4,6,11)",Origem vegetal,CEBOLINHA,Molho,2.0,Mercado Central,MERCADO-CENTRAL-46E-11-DE-MAIO.pdf
2026-05-04,2026,5,Maio,4,"05 Mai (4,6,11)",Origem vegetal,CENOURA,Kg,5.0,Mercado Central,MERCADO-CENTRAL-46E-11-DE-MAIO.pdf
2026-05-04,2026,5,Maio,4,"05 Mai (4,6,11)",Origem vegetal,CHUCHU,Um,2.0,Mercado Central,MERCADO-CENTRAL-46E-11-DE-MAIO.pdf
2026-05-04,2026,5,Maio,4,"05 Mai (4,6,11)",Origem vegetal,COCO SECO,Um,7.0,Mercado Central,MERCADO-CENTRAL-46E-11-DE-MAIO.pdf
2026-05-04,2026,5,Maio,4,"05 Mai (4,6,11)",Origem vegetal,COCO VERDE,Um,5.0,Mercado Central,MERCADO-CENTRAL-46E-11-DE-MAIO.pdf
2026-05-04,2026,5,Maio,4,"05 Mai (4,6,11)",Origem vegetal,COENTRO,Molho,2.0,Mercado Central,MERCADO-CENTRAL-46E-11-DE-MAIO.pdf
2026-05-04,2026,5,Maio,4,"05 Mai (4,6,11)",Origem vegetal,COUVE,Molho,2.0,Mercado Central,MERCADO-CENTRAL-46E-11-DE-MAIO.pdf
2026-05-04,2026,5,Maio,4,"05 Mai (4,6,11)",Origem vegetal,COUVE-FLOR,Kg,13.0,Mercado Central,MERCADO-CENTRAL-46E-11-DE-MAIO.pdf
2026-05-04,2026,5,Maio,4,"05 Mai (4,6,11)",Origem vegetal,FARINHA DE MANDIOCA,Kg,6.0,Mercado Central,MERCADO-CENTRAL-46E-11-DE-MAIO.pdf
2026-05-04,2026,5,Maio,4,"05 Mai (4,6,11)",Origem vegetal,FEIJAO CARIOQUINHA,Kg,7.0,Mercado Central,MERCADO-CENTRAL-46E-11-DE-MAIO.pdf
2026-05-04,2026,5,Maio,4,"05 Mai (4,6,11)",Origem vegetal,GOIABA VERMELHA,Kg,4.0,Mercado Central,MERCADO-CENTRAL-46E-11-DE-MAIO.pdf
2026-05-04,2026,5,Maio,4,"05 Mai (4,6,11)",Origem vegetal,INHAME DA COSTA,Kg,10.0,Mercado Central,MERCADO-CENTRAL-46E-11-DE-MAIO.pdf
2026-05-04,2026,5,Maio,4,"05 Mai (4,6,11)",Origem vegetal,LARANJA PERA,Uma,0.7,Mercado Central,MERCADO-CENTRAL-46E-11-DE-MAIO.pdf
2026-05-04,2026,5,Maio,4,"05 Mai (4,6,11)",Origem vegetal,LIMAO TAITI,Kg,4.0,Mercado Central,MERCADO-CENTRAL-46E-11-DE-MAIO.pdf
2026-05-04,2026,5,Maio,4,"05 Mai (4,6,11)",Origem vegetal,MACA NACIONAL,Kg,10.0,Mercado Central,MERCADO-CENTRAL-46E-11-DE-MAIO.pdf
2026-05-04,2026,5,Maio,4,"05 Mai (4,6,11)",Origem vegetal,MACAXEIRA (AIPIM),Kg,3.0,Mercado Central,MERCADO-CENTRAL-46E-11-DE-MAIO.pdf
2026-05-04,2026,5,Maio,4,"05 Mai (4,6,11)",Origem vegetal,MAMAO FORMOSA,Kg,3.0,Mercado Central,MERCADO-CENTRAL-46E-11-DE-MAIO.pdf
2026-05-04,2026,5,Maio,4,"05 Mai (4,6,11)",Origem vegetal,MAMAO HAWAY,Kg,4.0,Mercado Central,MERCADO-CENTRAL-46E-11-DE-MAIO.pdf
2026-05-04,2026,5,Maio,4,"05 Mai (4,6,11)",Origem vegetal,MANGA TOMMY,Kg,4.0,Mercado Central,MERCADO-CENTRAL-46E-11-DE-MAIO.pdf
2026-05-04,2026,5,Maio,4,"05 Mai (4,6,11)",Origem vegetal,MARACUJA,Kg,7.0,Mercado Central,MERCADO-CENTRAL-46E-11-DE-MAIO.pdf
2026-05-04,2026,5,Maio,4,"05 Mai (4,6,11)",Origem vegetal,MAXIXE,Kg,7.0,Mercado Central,MERCADO-CENTRAL-46E-11-DE-MAIO.pdf
2026-05-04,2026,5,Maio,4,"05 Mai (4,6,11)",Origem vegetal,MELANCIA,Kg,1.5,Mercado Central,MERCADO-CENTRAL-46E-11-DE-MAIO.pdf
2026-05-04,2026,5,Maio,4,"05 Mai (4,6,11)",Origem vegetal,MELAO ESPANHOL,Kg,4.0,Mercado Central,MERCADO-CENTRAL-46E-11-DE-MAIO.pdf
2026-05-04,2026,5,Maio,4,"05 Mai (4,6,11)",Origem vegetal,MILHO EM GRAO,Kg,2.0,Mercado Central,MERCADO-CENTRAL-46E-11-DE-MAIO.pdf
2026-05-04,2026,5,Maio,4,"05 Mai (4,6,11)",Origem vegetal,MILHO VERDE,Espiga,1.5,Mercado Central,MERCADO-CENTRAL-46E-11-DE-MAIO.pdf
2026-05-04,2026,5,Maio,4,"05 Mai (4,6,11)",Origem vegetal,MORANGO,"Cx 0,3Kg",7.0,Mercado Central,MERCADO-CENTRAL-46E-11-DE-MAIO.pdf
2026-05-04,2026,5,Maio,4,"05 Mai (4,6,11)",Origem vegetal,PIMENTAO VERDE,Um,2.0,Mercado Central,MERCADO-CENTRAL-46E-11-DE-MAIO.pdf
2026-05-04,2026,5,Maio,4,"05 Mai (4,6,11)",Origem vegetal,QUIABO,Cento,20.0,Mercado Central,MERCADO-CENTRAL-46E-11-DE-MAIO.pdf
2026-05-04,2026,5,Maio,4,"05 Mai (4,6,11)",Origem vegetal,REPOLHO VERDE,Kg,5.0,Mercado Central,MERCADO-CENTRAL-46E-11-DE-MAIO.pdf
2026-05-04,2026,5,Maio,4,"05 Mai (4,6,11)",Origem vegetal,TOMATE,Kg,7.0,Mercado Central,MERCADO-CENTRAL-46E-11-DE-MAIO.pdf
2026-05-04,2026,5,Maio,4,"05 Mai (4,6,11)",Origem vegetal,UVA SEM SEMENTE,Kg,12.0,Mercado Central,MERCADO-CENTRAL-46E-11-DE-MAIO.pdf
2026-05-04,2026,5,Maio,4,"05 Mai (4,6,11)",Origem vegetal,VAGEM,Kg,18.0,Mercado Central,MERCADO-CENTRAL-46E-11-DE-MAIO.pdf
2026-05-06,2026,5,Maio,6,"05 Mai (4,6,11)",Origem animal,ACEM C/ OSSO,Kg,26.0,Mercado Central,MERCADO-CENTRAL-46E-11-DE-MAIO.pdf
2026-05-06,2026,5,Maio,6,"05 Mai (4,6,11)",Origem animal,ACEM S/ OSSO,Kg,35.0,Mercado Central,MERCADO-CENTRAL-46E-11-DE-MAIO.pdf
2026-05-06,2026,5,Maio,6,"05 Mai (4,6,11)",Origem animal,ALCATRA,Kg,44.0,Mercado Central,MERCADO-CENTRAL-46E-11-DE-MAIO.pdf
2026-05-06,2026,5,Maio,6,"05 Mai (4,6,11)",Origem animal,CARNE SUINA TRASEIRA,Kg,23.0,Mercado Central,MERCADO-CENTRAL-46E-11-DE-MAIO.pdf
2026-05-06,2026,5,Maio,6,"05 Mai (4,6,11)",Origem animal,CHA DE DENTRO (COXAO MOLE),Kg,44.0,Mercado Central,MERCADO-CENTRAL-46E-11-DE-MAIO.pdf
2026-05-06,2026,5,Maio,6,"05 Mai (4,6,11)",Origem animal,CHA DE FORA (COXAO DURO),Kg,39.0,Mercado Central,MERCADO-CENTRAL-46E-11-DE-MAIO.pdf
2026-05-06,2026,5,Maio,6,"05 Mai (4,6,11)",Origem animal,CONTRA FILE,Kg,45.0,Mercado Central,MERCADO-CENTRAL-46E-11-DE-MAIO.pdf
2026-05-06,2026,5,Maio,6,"05 Mai (4,6,11)",Origem animal,COSTELA,Kg,22.0,Mercado Central,MERCADO-CENTRAL-46E-11-DE-MAIO.pdf
2026-05-06,2026,5,Maio,6,"05 Mai (4,6,11)",Origem animal,FILE MIGNION,Kg,55.0,Mercado Central,MERCADO-CENTRAL-46E-11-DE-MAIO.pdf
2026-05-06,2026,5,Maio,6,"05 Mai (4,6,11)",Origem animal,FRANGO DE GRANJA,Kg,16.0,Mercado Central,MERCADO-CENTRAL-46E-11-DE-MAIO.pdf
2026-05-06,2026,5,Maio,6,"05 Mai (4,6,11)",Origem animal,MANTEIGA,Kg,38.0,Mercado Central,MERCADO-CENTRAL-46E-11-DE-MAIO.pdf
2026-05-06,2026,5,Maio,6,"05 Mai (4,6,11)",Origem animal,MUSCULO,Kg,27.0,Mercado Central,MERCADO-CENTRAL-46E-11-DE-MAIO.pdf
2026-05-06,2026,5,Maio,6,"05 Mai (4,6,11)",Origem animal,OVO BRANCO GRANDE,Dz,8.0,Mercado Central,MERCADO-CENTRAL-46E-11-DE-MAIO.pdf
2026-05-06,2026,5,Maio,6,"05 Mai (4,6,11)",Origem animal,OVO VERMELHO GRANDE,Dz,9.0,Mercado Central,MERCADO-CENTRAL-46E-11-DE-MAIO.pdf
2026-05-06,2026,5,Maio,6,"05 Mai (4,6,11)",Origem animal,PALETA C/ OSSO,Kg,25.0,Mercado Central,MERCADO-CENTRAL-46E-11-DE-MAIO.pdf
2026-05-06,2026,5,Maio,6,"05 Mai (4,6,11)",Origem animal,PATINHO,Kg,38.0,Mercado Central,MERCADO-CENTRAL-46E-11-DE-MAIO.pdf
2026-05-06,2026,5,Maio,6,"05 Mai (4,6,11)",Origem animal,PEITO C/ OSSO,Kg,25.0,Mercado Central,MERCADO-CENTRAL-46E-11-DE-MAIO.pdf
2026-05-06,2026,5,Maio,6,"05 Mai (4,6,11)",Origem animal,QUEIJO COALHO,Kg,28.0,Mercado Central,MERCADO-CENTRAL-46E-11-DE-MAIO.pdf
2026-05-06,2026,5,Maio,6,"05 Mai (4,6,11)",Origem vegetal,ABACAXI GRANDE,Um,6.0,Mercado Central,MERCADO-CENTRAL-46E-11-DE-MAIO.pdf
2026-05-06,2026,5,Maio,6,"05 Mai (4,6,11)",Origem vegetal,ABOBORA,Kg,6.0,Mercado Central,MERCADO-CENTRAL-46E-11-DE-MAIO.pdf
2026-05-06,2026,5,Maio,6,"05 Mai (4,6,11)",Origem vegetal,ABOBRINHA,Kg,4.0,Mercado Central,MERCADO-CENTRAL-46E-11-DE-MAIO.pdf
2026-05-06,2026,5,Maio,6,"05 Mai (4,6,11)",Origem vegetal,ACEROLA,Kg,6.0,Mercado Central,MERCADO-CENTRAL-46E-11-DE-MAIO.pdf
2026-05-06,2026,5,Maio,6,"05 Mai (4,6,11)",Origem vegetal,ALFACE,Pe,2.0,Mercado Central,MERCADO-CENTRAL-46E-11-DE-MAIO.pdf
2026-05-06,2026,5,Maio,6,"05 Mai (4,6,11)",Origem vegetal,ALHO,Cab.,2.5,Mercado Central,MERCADO-CENTRAL-46E-11-DE-MAIO.pdf
2026-05-06,2026,5,Maio,6,"05 Mai (4,6,11)",Origem vegetal,AMENDOIM C/CASCA COZIDO,Lata,10.0,Mercado Central,MERCADO-CENTRAL-46E-11-DE-MAIO.pdf
2026-05-06,2026,5,Maio,6,"05 Mai (4,6,11)",Origem vegetal,ARROZ AGULHA T 1,Kg,6.5,Mercado Central,MERCADO-CENTRAL-46E-11-DE-MAIO.pdf
2026-05-06,2026,5,Maio,6,"05 Mai (4,6,11)",Origem vegetal,BANANA PRATA,Dz,5.0,Mercado Central,MERCADO-CENTRAL-46E-11-DE-MAIO.pdf
2026-05-06,2026,5,Maio,6,"05 Mai (4,6,11)",Origem vegetal,BATATA DOCE,Kg,5.0,Mercado Central,MERCADO-CENTRAL-46E-11-DE-MAIO.pdf
2026-05-06,2026,5,Maio,6,"05 Mai (4,6,11)",Origem vegetal,BATATA LISA,Kg,7.0,Mercado Central,MERCADO-CENTRAL-46E-11-DE-MAIO.pdf
2026-05-06,2026,5,Maio,6,"05 Mai (4,6,11)",Origem vegetal,BETERRABA,Kg,7.0,Mercado Central,MERCADO-CENTRAL-46E-11-DE-MAIO.pdf
2026-05-06,2026,5,Maio,6,"05 Mai (4,6,11)",Origem vegetal,CAJU,Um,1.0,Mercado Central,MERCADO-CENTRAL-46E-11-DE-MAIO.pdf
2026-05-06,2026,5,Maio,6,"05 Mai (4,6,11)",Origem vegetal,CEBOLA BRANCA,Kg,6.0,Mercado Central,MERCADO-CENTRAL-46E-11-DE-MAIO.pdf
2026-05-06,2026,5,Maio,6,"05 Mai (4,6,11)",Origem vegetal,CEBOLA ROXA,Kg,7.0,Mercado Central,MERCADO-CENTRAL-46E-11-DE-MAIO.pdf
2026-05-06,2026,5,Maio,6,"05 Mai (4,6,11)",Origem vegetal,CEBOLINHA,Molho,2.0,Mercado Central,MERCADO-CENTRAL-46E-11-DE-MAIO.pdf
2026-05-06,2026,5,Maio,6,"05 Mai (4,6,11)",Origem vegetal,CENOURA,Kg,5.0,Mercado Central,MERCADO-CENTRAL-46E-11-DE-MAIO.pdf
2026-05-06,2026,5,Maio,6,"05 Mai (4,6,11)",Origem vegetal,CHUCHU,Um,2.0,Mercado Central,MERCADO-CENTRAL-46E-11-DE-MAIO.pdf
2026-05-06,2026,5,Maio,6,"05 Mai (4,6,11)",Origem vegetal,COCO SECO,Um,7.0,Mercado Central,MERCADO-CENTRAL-46E-11-DE-MAIO.pdf
2026-05-06,2026,5,Maio,6,"05 Mai (4,6,11)",Origem vegetal,COCO VERDE,Um,5.0,Mercado Central,MERCADO-CENTRAL-46E-11-DE-MAIO.pdf
2026-05-06,2026,5,Maio,6,"05 Mai (4,6,11)",Origem vegetal,COENTRO,Molho,2.0,Mercado Central,MERCADO-CENTRAL-46E-11-DE-MAIO.pdf
2026-05-06,2026,5,Maio,6,"05 Mai (4,6,11)",Origem vegetal,COUVE,Molho,2.0,Mercado Central,MERCADO-CENTRAL-46E-11-DE-MAIO.pdf
2026-05-06,2026,5,Maio,6,"05 Mai (4,6,11)",Origem vegetal,COUVE-FLOR,Kg,13.0,Mercado Central,MERCADO-CENTRAL-46E-11-DE-MAIO.pdf
2026-05-06,2026,5,Maio,6,"05 Mai (4,6,11)",Origem vegetal,FARINHA DE MANDIOCA,Kg,6.0,Mercado Central,MERCADO-CENTRAL-46E-11-DE-MAIO.pdf
2026-05-06,2026,5,Maio,6,"05 Mai (4,6,11)",Origem vegetal,FEIJAO CARIOQUINHA,Kg,7.0,Mercado Central,MERCADO-CENTRAL-46E-11-DE-MAIO.pdf
2026-05-06,2026,5,Maio,6,"05 Mai (4,6,11)",Origem vegetal,GOIABA VERMELHA,Kg,4.0,Mercado Central,MERCADO-CENTRAL-46E-11-DE-MAIO.pdf
2026-05-06,2026,5,Maio,6,"05 Mai (4,6,11)",Origem vegetal,INHAME DA COSTA,Kg,10.0,Mercado Central,MERCADO-CENTRAL-46E-11-DE-MAIO.pdf
2026-05-06,2026,5,Maio,6,"05 Mai (4,6,11)",Origem vegetal,LARANJA PERA,Uma,0.7,Mercado Central,MERCADO-CENTRAL-46E-11-DE-MAIO.pdf
2026-05-06,2026,5,Maio,6,"05 Mai (4,6,11)",Origem vegetal,LIMAO TAITI,Kg,4.0,Mercado Central,MERCADO-CENTRAL-46E-11-DE-MAIO.pdf
2026-05-06,2026,5,Maio,6,"05 Mai (4,6,11)",Origem vegetal,MACA NACIONAL,Kg,10.0,Mercado Central,MERCADO-CENTRAL-46E-11-DE-MAIO.pdf
2026-05-06,2026,5,Maio,6,"05 Mai (4,6,11)",Origem vegetal,MACAXEIRA (AIPIM),Kg,3.0,Mercado Central,MERCADO-CENTRAL-46E-11-DE-MAIO.pdf
2026-05-06,2026,5,Maio,6,"05 Mai (4,6,11)",Origem vegetal,MAMAO FORMOSA,Kg,3.0,Mercado Central,MERCADO-CENTRAL-46E-11-DE-MAIO.pdf
2026-05-06,2026,5,Maio,6,"05 Mai (4,6,11)",Origem vegetal,MAMAO HAWAY,Kg,4.0,Mercado Central,MERCADO-CENTRAL-46E-11-DE-MAIO.pdf
2026-05-06,2026,5,Maio,6,"05 Mai (4,6,11)",Origem vegetal,MANGA TOMMY,Kg,4.0,Mercado Central,MERCADO-CENTRAL-46E-11-DE-MAIO.pdf
2026-05-06,2026,5,Maio,6,"05 Mai (4,6,11)",Origem vegetal,MARACUJA,Kg,7.0,Mercado Central,MERCADO-CENTRAL-46E-11-DE-MAIO.pdf
2026-05-06,2026,5,Maio,6,"05 Mai (4,6,11)",Origem vegetal,MAXIXE,Kg,7.0,Mercado Central,MERCADO-CENTRAL-46E-11-DE-MAIO.pdf
2026-05-06,2026,5,Maio,6,"05 Mai (4,6,11)",Origem vegetal,MELANCIA,Kg,1.5,Mercado Central,MERCADO-CENTRAL-46E-11-DE-MAIO.pdf
2026-05-06,2026,5,Maio,6,"05 Mai (4,6,11)",Origem vegetal,MELAO ESPANHOL,Kg,4.0,Mercado Central,MERCADO-CENTRAL-46E-11-DE-MAIO.pdf
2026-05-06,2026,5,Maio,6,"05 Mai (4,6,11)",Origem vegetal,MILHO EM GRAO,Kg,2.0,Mercado Central,MERCADO-CENTRAL-46E-11-DE-MAIO.pdf
2026-05-06,2026,5,Maio,6,"05 Mai (4,6,11)",Origem vegetal,MILHO VERDE,Espiga,1.5,Mercado Central,MERCADO-CENTRAL-46E-11-DE-MAIO.pdf
2026-05-06,2026,5,Maio,6,"05 Mai (4,6,11)",Origem vegetal,MORANGO,"Cx 0,3Kg",7.0,Mercado Central,MERCADO-CENTRAL-46E-11-DE-MAIO.pdf
2026-05-06,2026,5,Maio,6,"05 Mai (4,6,11)",Origem vegetal,PIMENTAO VERDE,Um,2.0,Mercado Central,MERCADO-CENTRAL-46E-11-DE-MAIO.pdf
2026-05-06,2026,5,Maio,6,"05 Mai (4,6,11)",Origem vegetal,QUIABO,Cento,20.0,Mercado Central,MERCADO-CENTRAL-46E-11-DE-MAIO.pdf
2026-05-06,2026,5,Maio,6,"05 Mai (4,6,11)",Origem vegetal,REPOLHO VERDE,Kg,5.0,Mercado Central,MERCADO-CENTRAL-46E-11-DE-MAIO.pdf
2026-05-06,2026,5,Maio,6,"05 Mai (4,6,11)",Origem vegetal,TOMATE,Kg,7.0,Mercado Central,MERCADO-CENTRAL-46E-11-DE-MAIO.pdf
2026-05-06,2026,5,Maio,6,"05 Mai (4,6,11)",Origem vegetal,UVA SEM SEMENTE,Kg,12.0,Mercado Central,MERCADO-CENTRAL-46E-11-DE-MAIO.pdf
2026-05-06,2026,5,Maio,6,"05 Mai (4,6,11)",Origem vegetal,VAGEM,Kg,18.0,Mercado Central,MERCADO-CENTRAL-46E-11-DE-MAIO.pdf
2026-05-11,2026,5,Maio,11,"05 Mai (4,6,11)",Origem animal,ACEM C/ OSSO,Kg,26.0,Mercado Central,MERCADO-CENTRAL-46E-11-DE-MAIO.pdf
2026-05-11,2026,5,Maio,11,"05 Mai (4,6,11)",Origem animal,ACEM S/ OSSO,Kg,35.0,Mercado Central,MERCADO-CENTRAL-46E-11-DE-MAIO.pdf
2026-05-11,2026,5,Maio,11,"05 Mai (4,6,11)",Origem animal,ALCATRA,Kg,44.0,Mercado Central,MERCADO-CENTRAL-46E-11-DE-MAIO.pdf
2026-05-11,2026,5,Maio,11,"05 Mai (4,6,11)",Origem animal,CARNE SUINA TRASEIRA,Kg,23.0,Mercado Central,MERCADO-CENTRAL-46E-11-DE-MAIO.pdf
2026-05-11,2026,5,Maio,11,"05 Mai (4,6,11)",Origem animal,CHA DE DENTRO (COXAO MOLE),Kg,44.0,Mercado Central,MERCADO-CENTRAL-46E-11-DE-MAIO.pdf
2026-05-11,2026,5,Maio,11,"05 Mai (4,6,11)",Origem animal,CHA DE FORA (COXAO DURO),Kg,39.0,Mercado Central,MERCADO-CENTRAL-46E-11-DE-MAIO.pdf
2026-05-11,2026,5,Maio,11,"05 Mai (4,6,11)",Origem animal,CONTRA FILE,Kg,45.0,Mercado Central,MERCADO-CENTRAL-46E-11-DE-MAIO.pdf
2026-05-11,2026,5,Maio,11,"05 Mai (4,6,11)",Origem animal,COSTELA,Kg,22.0,Mercado Central,MERCADO-CENTRAL-46E-11-DE-MAIO.pdf
2026-05-11,2026,5,Maio,11,"05 Mai (4,6,11)",Origem animal,FILE MIGNION,Kg,55.0,Mercado Central,MERCADO-CENTRAL-46E-11-DE-MAIO.pdf
2026-05-11,2026,5,Maio,11,"05 Mai (4,6,11)",Origem animal,FRANGO DE GRANJA,Kg,16.0,Mercado Central,MERCADO-CENTRAL-46E-11-DE-MAIO.pdf
2026-05-11,2026,5,Maio,11,"05 Mai (4,6,11)",Origem animal,MANTEIGA,Kg,38.0,Mercado Central,MERCADO-CENTRAL-46E-11-DE-MAIO.pdf
2026-05-11,2026,5,Maio,11,"05 Mai (4,6,11)",Origem animal,MUSCULO,Kg,27.0,Mercado Central,MERCADO-CENTRAL-46E-11-DE-MAIO.pdf
2026-05-11,2026,5,Maio,11,"05 Mai (4,6,11)",Origem animal,OVO BRANCO GRANDE,Dz,8.0,Mercado Central,MERCADO-CENTRAL-46E-11-DE-MAIO.pdf
2026-05-11,2026,5,Maio,11,"05 Mai (4,6,11)",Origem animal,OVO VERMELHO GRANDE,Dz,9.0,Mercado Central,MERCADO-CENTRAL-46E-11-DE-MAIO.pdf
2026-05-11,2026,5,Maio,11,"05 Mai (4,6,11)",Origem animal,PALETA C/ OSSO,Kg,25.0,Mercado Central,MERCADO-CENTRAL-46E-11-DE-MAIO.pdf
2026-05-11,2026,5,Maio,11,"05 Mai (4,6,11)",Origem animal,PATINHO,Kg,38.0,Mercado Central,MERCADO-CENTRAL-46E-11-DE-MAIO.pdf
2026-05-11,2026,5,Maio,11,"05 Mai (4,6,11)",Origem animal,PEITO C/ OSSO,Kg,25.0,Mercado Central,MERCADO-CENTRAL-46E-11-DE-MAIO.pdf
2026-05-11,2026,5,Maio,11,"05 Mai (4,6,11)",Origem animal,QUEIJO COALHO,Kg,28.0,Mercado Central,MERCADO-CENTRAL-46E-11-DE-MAIO.pdf
2026-05-11,2026,5,Maio,11,"05 Mai (4,6,11)",Origem vegetal,ABACAXI GRANDE,Um,6.0,Mercado Central,MERCADO-CENTRAL-46E-11-DE-MAIO.pdf
2026-05-11,2026,5,Maio,11,"05 Mai (4,6,11)",Origem vegetal,ABOBORA,Kg,6.0,Mercado Central,MERCADO-CENTRAL-46E-11-DE-MAIO.pdf
2026-05-11,2026,5,Maio,11,"05 Mai (4,6,11)",Origem vegetal,ABOBRINHA,Kg,4.0,Mercado Central,MERCADO-CENTRAL-46E-11-DE-MAIO.pdf
2026-05-11,2026,5,Maio,11,"05 Mai (4,6,11)",Origem vegetal,ACEROLA,Kg,8.0,Mercado Central,MERCADO-CENTRAL-46E-11-DE-MAIO.pdf
2026-05-11,2026,5,Maio,11,"05 Mai (4,6,11)",Origem vegetal,ALFACE,Pe,2.0,Mercado Central,MERCADO-CENTRAL-46E-11-DE-MAIO.pdf
2026-05-11,2026,5,Maio,11,"05 Mai (4,6,11)",Origem vegetal,ALHO,Cab.,2.5,Mercado Central,MERCADO-CENTRAL-46E-11-DE-MAIO.pdf
2026-05-11,2026,5,Maio,11,"05 Mai (4,6,11)",Origem vegetal,AMENDOIM C/CASCA COZIDO,Lata,10.0,Mercado Central,MERCADO-CENTRAL-46E-11-DE-MAIO.pdf
2026-05-11,2026,5,Maio,11,"05 Mai (4,6,11)",Origem vegetal,ARROZ AGULHA T 1,Kg,6.5,Mercado Central,MERCADO-CENTRAL-46E-11-DE-MAIO.pdf
2026-05-11,2026,5,Maio,11,"05 Mai (4,6,11)",Origem vegetal,BANANA PRATA,Dz,5.0,Mercado Central,MERCADO-CENTRAL-46E-11-DE-MAIO.pdf
2026-05-11,2026,5,Maio,11,"05 Mai (4,6,11)",Origem vegetal,BATATA DOCE,Kg,5.0,Mercado Central,MERCADO-CENTRAL-46E-11-DE-MAIO.pdf
2026-05-11,2026,5,Maio,11,"05 Mai (4,6,11)",Origem vegetal,BATATA LISA,Kg,9.0,Mercado Central,MERCADO-CENTRAL-46E-11-DE-MAIO.pdf
2026-05-11,2026,5,Maio,11,"05 Mai (4,6,11)",Origem vegetal,BETERRABA,Kg,8.0,Mercado Central,MERCADO-CENTRAL-46E-11-DE-MAIO.pdf
2026-05-11,2026,5,Maio,11,"05 Mai (4,6,11)",Origem vegetal,CAJU,Um,1.0,Mercado Central,MERCADO-CENTRAL-46E-11-DE-MAIO.pdf
2026-05-11,2026,5,Maio,11,"05 Mai (4,6,11)",Origem vegetal,CEBOLA BRANCA,Kg,6.0,Mercado Central,MERCADO-CENTRAL-46E-11-DE-MAIO.pdf
2026-05-11,2026,5,Maio,11,"05 Mai (4,6,11)",Origem vegetal,CEBOLA ROXA,Kg,7.0,Mercado Central,MERCADO-CENTRAL-46E-11-DE-MAIO.pdf
2026-05-11,2026,5,Maio,11,"05 Mai (4,6,11)",Origem vegetal,CEBOLINHA,Molho,2.0,Mercado Central,MERCADO-CENTRAL-46E-11-DE-MAIO.pdf
2026-05-11,2026,5,Maio,11,"05 Mai (4,6,11)",Origem vegetal,CENOURA,Kg,5.0,Mercado Central,MERCADO-CENTRAL-46E-11-DE-MAIO.pdf
2026-05-11,2026,5,Maio,11,"05 Mai (4,6,11)",Origem vegetal,CHUCHU,Um,2.0,Mercado Central,MERCADO-CENTRAL-46E-11-DE-MAIO.pdf
2026-05-11,2026,5,Maio,11,"05 Mai (4,6,11)",Origem vegetal,COCO SECO,Um,7.0,Mercado Central,MERCADO-CENTRAL-46E-11-DE-MAIO.pdf
2026-05-11,2026,5,Maio,11,"05 Mai (4,6,11)",Origem vegetal,COCO VERDE,Um,5.0,Mercado Central,MERCADO-CENTRAL-46E-11-DE-MAIO.pdf
2026-05-11,2026,5,Maio,11,"05 Mai (4,6,11)",Origem vegetal,COENTRO,Molho,2.0,Mercado Central,MERCADO-CENTRAL-46E-11-DE-MAIO.pdf
2026-05-11,2026,5,Maio,11,"05 Mai (4,6,11)",Origem vegetal,COUVE,Molho,2.0,Mercado Central,MERCADO-CENTRAL-46E-11-DE-MAIO.pdf
2026-05-11,2026,5,Maio,11,"05 Mai (4,6,11)",Origem vegetal,COUVE-FLOR,Kg,13.0,Mercado Central,MERCADO-CENTRAL-46E-11-DE-MAIO.pdf
2026-05-11,2026,5,Maio,11,"05 Mai (4,6,11)",Origem vegetal,FARINHA DE MANDIOCA,Kg,6.0,Mercado Central,MERCADO-CENTRAL-46E-11-DE-MAIO.pdf
2026-05-11,2026,5,Maio,11,"05 Mai (4,6,11)",Origem vegetal,FEIJAO CARIOQUINHA,Kg,7.0,Mercado Central,MERCADO-CENTRAL-46E-11-DE-MAIO.pdf
2026-05-11,2026,5,Maio,11,"05 Mai (4,6,11)",Origem vegetal,GOIABA VERMELHA,Kg,4.0,Mercado Central,MERCADO-CENTRAL-46E-11-DE-MAIO.pdf
2026-05-11,2026,5,Maio,11,"05 Mai (4,6,11)",Origem vegetal,INHAME DA COSTA,Kg,10.0,Mercado Central,MERCADO-CENTRAL-46E-11-DE-MAIO.pdf
2026-05-11,2026,5,Maio,11,"05 Mai (4,6,11)",Origem vegetal,LARANJA PERA,Uma,0.7,Mercado Central,MERCADO-CENTRAL-46E-11-DE-MAIO.pdf
2026-05-11,2026,5,Maio,11,"05 Mai (4,6,11)",Origem vegetal,LIMAO TAITI,Kg,4.0,Mercado Central,MERCADO-CENTRAL-46E-11-DE-MAIO.pdf
2026-05-11,2026,5,Maio,11,"05 Mai (4,6,11)",Origem vegetal,MACA NACIONAL,Kg,10.0,Mercado Central,MERCADO-CENTRAL-46E-11-DE-MAIO.pdf
2026-05-11,2026,5,Maio,11,"05 Mai (4,6,11)",Origem vegetal,MACAXEIRA (AIPIM),Kg,3.0,Mercado Central,MERCADO-CENTRAL-46E-11-DE-MAIO.pdf
2026-05-11,2026,5,Maio,11,"05 Mai (4,6,11)",Origem vegetal,MAMAO FORMOSA,Kg,3.0,Mercado Central,MERCADO-CENTRAL-46E-11-DE-MAIO.pdf
2026-05-11,2026,5,Maio,11,"05 Mai (4,6,11)",Origem vegetal,MAMAO HAWAY,Kg,4.0,Mercado Central,MERCADO-CENTRAL-46E-11-DE-MAIO.pdf
2026-05-11,2026,5,Maio,11,"05 Mai (4,6,11)",Origem vegetal,MANGA TOMMY,Kg,5.0,Mercado Central,MERCADO-CENTRAL-46E-11-DE-MAIO.pdf
2026-05-11,2026,5,Maio,11,"05 Mai (4,6,11)",Origem vegetal,MARACUJA,Kg,7.0,Mercado Central,MERCADO-CENTRAL-46E-11-DE-MAIO.pdf
2026-05-11,2026,5,Maio,11,"05 Mai (4,6,11)",Origem vegetal,MAXIXE,Kg,7.0,Mercado Central,MERCADO-CENTRAL-46E-11-DE-MAIO.pdf
2026-05-11,2026,5,Maio,11,"05 Mai (4,6,11)",Origem vegetal,MELANCIA,Kg,1.5,Mercado Central,MERCADO-CENTRAL-46E-11-DE-MAIO.pdf
2026-05-11,2026,5,Maio,11,"05 Mai (4,6,11)",Origem vegetal,MELAO ESPANHOL,Kg,4.0,Mercado Central,MERCADO-CENTRAL-46E-11-DE-MAIO.pdf
2026-05-11,2026,5,Maio,11,"05 Mai (4,6,11)",Origem vegetal,MILHO EM GRAO,Kg,2.0,Mercado Central,MERCADO-CENTRAL-46E-11-DE-MAIO.pdf
2026-05-11,2026,5,Maio,11,"05 Mai (4,6,11)",Origem vegetal,MILHO VERDE,Espiga,1.5,Mercado Central,MERCADO-CENTRAL-46E-11-DE-MAIO.pdf
2026-05-11,2026,5,Maio,11,"05 Mai (4,6,11)",Origem vegetal,MORANGO,"Cx 0,3Kg",7.0,Mercado Central,MERCADO-CENTRAL-46E-11-DE-MAIO.pdf
2026-05-11,2026,5,Maio,11,"05 Mai (4,6,11)",Origem vegetal,PIMENTAO VERDE,Um,2.0,Mercado Central,MERCADO-CENTRAL-46E-11-DE-MAIO.pdf
2026-05-11,2026,5,Maio,11,"05 Mai (4,6,11)",Origem vegetal,QUIABO,Cento,20.0,Mercado Central,MERCADO-CENTRAL-46E-11-DE-MAIO.pdf
2026-05-11,2026,5,Maio,11,"05 Mai (4,6,11)",Origem vegetal,REPOLHO VERDE,Kg,5.0,Mercado Central,MERCADO-CENTRAL-46E-11-DE-MAIO.pdf
2026-05-11,2026,5,Maio,11,"05 Mai (4,6,11)",Origem vegetal,TOMATE,Kg,8.0,Mercado Central,MERCADO-CENTRAL-46E-11-DE-MAIO.pdf
2026-05-11,2026,5,Maio,11,"05 Mai (4,6,11)",Origem vegetal,UVA SEM SEMENTE,Kg,12.0,Mercado Central,MERCADO-CENTRAL-46E-11-DE-MAIO.pdf
2026-05-11,2026,5,Maio,11,"05 Mai (4,6,11)",Origem vegetal,VAGEM,Kg,18.0,Mercado Central,MERCADO-CENTRAL-46E-11-DE-MAIO.pdf
2026-05-13,2026,5,Maio,13,"05 Mai (13,18,20)",Origem animal,ACEM C/ OSSO,Kg,26.0,Mercado Central,MERCADO-CENTRAL-131520-DE-MAIO-1.pdf
2026-05-13,2026,5,Maio,13,"05 Mai (13,18,20)",Origem animal,ACEM S/ OSSO,Kg,35.0,Mercado Central,MERCADO-CENTRAL-131520-DE-MAIO-1.pdf
2026-05-13,2026,5,Maio,13,"05 Mai (13,18,20)",Origem animal,ALCATRA,Kg,44.0,Mercado Central,MERCADO-CENTRAL-131520-DE-MAIO-1.pdf
2026-05-13,2026,5,Maio,13,"05 Mai (13,18,20)",Origem animal,CARNE SUINA TRASEIRA,Kg,23.0,Mercado Central,MERCADO-CENTRAL-131520-DE-MAIO-1.pdf
2026-05-13,2026,5,Maio,13,"05 Mai (13,18,20)",Origem animal,CHA DE DENTRO (COXAO MOLE),Kg,44.0,Mercado Central,MERCADO-CENTRAL-131520-DE-MAIO-1.pdf
2026-05-13,2026,5,Maio,13,"05 Mai (13,18,20)",Origem animal,CHA DE FORA (COXAO DURO),Kg,39.0,Mercado Central,MERCADO-CENTRAL-131520-DE-MAIO-1.pdf
2026-05-13,2026,5,Maio,13,"05 Mai (13,18,20)",Origem animal,CONTRA FILE,Kg,45.0,Mercado Central,MERCADO-CENTRAL-131520-DE-MAIO-1.pdf
2026-05-13,2026,5,Maio,13,"05 Mai (13,18,20)",Origem animal,COSTELA,Kg,22.0,Mercado Central,MERCADO-CENTRAL-131520-DE-MAIO-1.pdf
2026-05-13,2026,5,Maio,13,"05 Mai (13,18,20)",Origem animal,FILE MIGNION,Kg,55.0,Mercado Central,MERCADO-CENTRAL-131520-DE-MAIO-1.pdf
2026-05-13,2026,5,Maio,13,"05 Mai (13,18,20)",Origem animal,FRANGO DE GRANJA,Kg,16.0,Mercado Central,MERCADO-CENTRAL-131520-DE-MAIO-1.pdf
2026-05-13,2026,5,Maio,13,"05 Mai (13,18,20)",Origem animal,MANTEIGA,Kg,38.0,Mercado Central,MERCADO-CENTRAL-131520-DE-MAIO-1.pdf
2026-05-13,2026,5,Maio,13,"05 Mai (13,18,20)",Origem animal,MUSCULO,Kg,27.0,Mercado Central,MERCADO-CENTRAL-131520-DE-MAIO-1.pdf
2026-05-13,2026,5,Maio,13,"05 Mai (13,18,20)",Origem animal,OVO BRANCO GRANDE,Dz,8.0,Mercado Central,MERCADO-CENTRAL-131520-DE-MAIO-1.pdf
2026-05-13,2026,5,Maio,13,"05 Mai (13,18,20)",Origem animal,OVO VERMELHO GRANDE,Dz,9.0,Mercado Central,MERCADO-CENTRAL-131520-DE-MAIO-1.pdf
2026-05-13,2026,5,Maio,13,"05 Mai (13,18,20)",Origem animal,PALETA C/ OSSO,Kg,25.0,Mercado Central,MERCADO-CENTRAL-131520-DE-MAIO-1.pdf
2026-05-13,2026,5,Maio,13,"05 Mai (13,18,20)",Origem animal,PATINHO,Kg,38.0,Mercado Central,MERCADO-CENTRAL-131520-DE-MAIO-1.pdf
2026-05-13,2026,5,Maio,13,"05 Mai (13,18,20)",Origem animal,PEITO C/ OSSO,Kg,25.0,Mercado Central,MERCADO-CENTRAL-131520-DE-MAIO-1.pdf
2026-05-13,2026,5,Maio,13,"05 Mai (13,18,20)",Origem animal,QUEIJO COALHO,Kg,28.0,Mercado Central,MERCADO-CENTRAL-131520-DE-MAIO-1.pdf
2026-05-13,2026,5,Maio,13,"05 Mai (13,18,20)",Origem vegetal,ABACAXI GRANDE,Um,6.0,Mercado Central,MERCADO-CENTRAL-131520-DE-MAIO-1.pdf
2026-05-13,2026,5,Maio,13,"05 Mai (13,18,20)",Origem vegetal,ABOBORA,Kg,6.0,Mercado Central,MERCADO-CENTRAL-131520-DE-MAIO-1.pdf
2026-05-13,2026,5,Maio,13,"05 Mai (13,18,20)",Origem vegetal,ABOBRINHA,Kg,4.0,Mercado Central,MERCADO-CENTRAL-131520-DE-MAIO-1.pdf
2026-05-13,2026,5,Maio,13,"05 Mai (13,18,20)",Origem vegetal,ACEROLA,Kg,8.0,Mercado Central,MERCADO-CENTRAL-131520-DE-MAIO-1.pdf
2026-05-13,2026,5,Maio,13,"05 Mai (13,18,20)",Origem vegetal,ALFACE,Pe,2.0,Mercado Central,MERCADO-CENTRAL-131520-DE-MAIO-1.pdf
2026-05-13,2026,5,Maio,13,"05 Mai (13,18,20)",Origem vegetal,ALHO,Cab.,2.5,Mercado Central,MERCADO-CENTRAL-131520-DE-MAIO-1.pdf
2026-05-13,2026,5,Maio,13,"05 Mai (13,18,20)",Origem vegetal,AMENDOIM C/CASCA COZIDO,Lata,10.0,Mercado Central,MERCADO-CENTRAL-131520-DE-MAIO-1.pdf
2026-05-13,2026,5,Maio,13,"05 Mai (13,18,20)",Origem vegetal,ARROZ AGULHA T 1,Kg,6.5,Mercado Central,MERCADO-CENTRAL-131520-DE-MAIO-1.pdf
2026-05-13,2026,5,Maio,13,"05 Mai (13,18,20)",Origem vegetal,BANANA PRATA,Dz,5.0,Mercado Central,MERCADO-CENTRAL-131520-DE-MAIO-1.pdf
2026-05-13,2026,5,Maio,13,"05 Mai (13,18,20)",Origem vegetal,BATATA DOCE,Kg,5.0,Mercado Central,MERCADO-CENTRAL-131520-DE-MAIO-1.pdf
2026-05-13,2026,5,Maio,13,"05 Mai (13,18,20)",Origem vegetal,BATATA LISA,Kg,9.0,Mercado Central,MERCADO-CENTRAL-131520-DE-MAIO-1.pdf
2026-05-13,2026,5,Maio,13,"05 Mai (13,18,20)",Origem vegetal,BETERRABA,Kg,8.0,Mercado Central,MERCADO-CENTRAL-131520-DE-MAIO-1.pdf
2026-05-13,2026,5,Maio,13,"05 Mai (13,18,20)",Origem vegetal,CAJU,Um,1.0,Mercado Central,MERCADO-CENTRAL-131520-DE-MAIO-1.pdf
2026-05-13,2026,5,Maio,13,"05 Mai (13,18,20)",Origem vegetal,CEBOLA BRANCA,Kg,6.0,Mercado Central,MERCADO-CENTRAL-131520-DE-MAIO-1.pdf
2026-05-13,2026,5,Maio,13,"05 Mai (13,18,20)",Origem vegetal,CEBOLA ROXA,Kg,7.0,Mercado Central,MERCADO-CENTRAL-131520-DE-MAIO-1.pdf
2026-05-13,2026,5,Maio,13,"05 Mai (13,18,20)",Origem vegetal,CEBOLINHA,Molho,2.0,Mercado Central,MERCADO-CENTRAL-131520-DE-MAIO-1.pdf
2026-05-13,2026,5,Maio,13,"05 Mai (13,18,20)",Origem vegetal,CENOURA,Kg,6.0,Mercado Central,MERCADO-CENTRAL-131520-DE-MAIO-1.pdf
2026-05-13,2026,5,Maio,13,"05 Mai (13,18,20)",Origem vegetal,CHUCHU,Um,2.0,Mercado Central,MERCADO-CENTRAL-131520-DE-MAIO-1.pdf
2026-05-13,2026,5,Maio,13,"05 Mai (13,18,20)",Origem vegetal,COCO SECO,Um,7.0,Mercado Central,MERCADO-CENTRAL-131520-DE-MAIO-1.pdf
2026-05-13,2026,5,Maio,13,"05 Mai (13,18,20)",Origem vegetal,COCO VERDE,Um,5.0,Mercado Central,MERCADO-CENTRAL-131520-DE-MAIO-1.pdf
2026-05-13,2026,5,Maio,13,"05 Mai (13,18,20)",Origem vegetal,COENTRO,Molho,2.0,Mercado Central,MERCADO-CENTRAL-131520-DE-MAIO-1.pdf
2026-05-13,2026,5,Maio,13,"05 Mai (13,18,20)",Origem vegetal,COUVE,Molho,2.0,Mercado Central,MERCADO-CENTRAL-131520-DE-MAIO-1.pdf
2026-05-13,2026,5,Maio,13,"05 Mai (13,18,20)",Origem vegetal,COUVE-FLOR,Kg,13.0,Mercado Central,MERCADO-CENTRAL-131520-DE-MAIO-1.pdf
2026-05-13,2026,5,Maio,13,"05 Mai (13,18,20)",Origem vegetal,FARINHA DE MANDIOCA,Kg,6.0,Mercado Central,MERCADO-CENTRAL-131520-DE-MAIO-1.pdf
2026-05-13,2026,5,Maio,13,"05 Mai (13,18,20)",Origem vegetal,FEIJAO CARIOQUINHA,Kg,7.0,Mercado Central,MERCADO-CENTRAL-131520-DE-MAIO-1.pdf
2026-05-13,2026,5,Maio,13,"05 Mai (13,18,20)",Origem vegetal,GOIABA VERMELHA,Kg,4.0,Mercado Central,MERCADO-CENTRAL-131520-DE-MAIO-1.pdf
2026-05-13,2026,5,Maio,13,"05 Mai (13,18,20)",Origem vegetal,INHAME DA COSTA,Kg,10.0,Mercado Central,MERCADO-CENTRAL-131520-DE-MAIO-1.pdf
2026-05-13,2026,5,Maio,13,"05 Mai (13,18,20)",Origem vegetal,LARANJA PERA,Uma,0.7,Mercado Central,MERCADO-CENTRAL-131520-DE-MAIO-1.pdf
2026-05-13,2026,5,Maio,13,"05 Mai (13,18,20)",Origem vegetal,LIMAO TAITI,Kg,4.0,Mercado Central,MERCADO-CENTRAL-131520-DE-MAIO-1.pdf
2026-05-13,2026,5,Maio,13,"05 Mai (13,18,20)",Origem vegetal,MACA NACIONAL,Kg,10.0,Mercado Central,MERCADO-CENTRAL-131520-DE-MAIO-1.pdf
2026-05-13,2026,5,Maio,13,"05 Mai (13,18,20)",Origem vegetal,MACAXEIRA (AIPIM),Kg,3.0,Mercado Central,MERCADO-CENTRAL-131520-DE-MAIO-1.pdf
2026-05-13,2026,5,Maio,13,"05 Mai (13,18,20)",Origem vegetal,MAMAO FORMOSA,Kg,3.0,Mercado Central,MERCADO-CENTRAL-131520-DE-MAIO-1.pdf
2026-05-13,2026,5,Maio,13,"05 Mai (13,18,20)",Origem vegetal,MAMAO HAWAY,Kg,4.0,Mercado Central,MERCADO-CENTRAL-131520-DE-MAIO-1.pdf
2026-05-13,2026,5,Maio,13,"05 Mai (13,18,20)",Origem vegetal,MANGA TOMMY,Kg,5.0,Mercado Central,MERCADO-CENTRAL-131520-DE-MAIO-1.pdf
2026-05-13,2026,5,Maio,13,"05 Mai (13,18,20)",Origem vegetal,MARACUJA,Kg,7.0,Mercado Central,MERCADO-CENTRAL-131520-DE-MAIO-1.pdf
2026-05-13,2026,5,Maio,13,"05 Mai (13,18,20)",Origem vegetal,MAXIXE,Kg,7.0,Mercado Central,MERCADO-CENTRAL-131520-DE-MAIO-1.pdf
2026-05-13,2026,5,Maio,13,"05 Mai (13,18,20)",Origem vegetal,MELANCIA,Kg,1.5,Mercado Central,MERCADO-CENTRAL-131520-DE-MAIO-1.pdf
2026-05-13,2026,5,Maio,13,"05 Mai (13,18,20)",Origem vegetal,MELAO ESPANHOL,Kg,4.0,Mercado Central,MERCADO-CENTRAL-131520-DE-MAIO-1.pdf
2026-05-13,2026,5,Maio,13,"05 Mai (13,18,20)",Origem vegetal,MILHO EM GRAO,Kg,2.0,Mercado Central,MERCADO-CENTRAL-131520-DE-MAIO-1.pdf
2026-05-13,2026,5,Maio,13,"05 Mai (13,18,20)",Origem vegetal,MILHO VERDE,Espiga,1.5,Mercado Central,MERCADO-CENTRAL-131520-DE-MAIO-1.pdf
2026-05-13,2026,5,Maio,13,"05 Mai (13,18,20)",Origem vegetal,MORANGO,"Cx 0,3Kg",7.0,Mercado Central,MERCADO-CENTRAL-131520-DE-MAIO-1.pdf
2026-05-13,2026,5,Maio,13,"05 Mai (13,18,20)",Origem vegetal,PIMENTAO VERDE,Um,2.0,Mercado Central,MERCADO-CENTRAL-131520-DE-MAIO-1.pdf
2026-05-13,2026,5,Maio,13,"05 Mai (13,18,20)",Origem vegetal,QUIABO,Cento,20.0,Mercado Central,MERCADO-CENTRAL-131520-DE-MAIO-1.pdf
2026-05-13,2026,5,Maio,13,"05 Mai (13,18,20)",Origem vegetal,REPOLHO VERDE,Kg,5.0,Mercado Central,MERCADO-CENTRAL-131520-DE-MAIO-1.pdf
2026-05-13,2026,5,Maio,13,"05 Mai (13,18,20)",Origem vegetal,TOMATE,Kg,8.0,Mercado Central,MERCADO-CENTRAL-131520-DE-MAIO-1.pdf
2026-05-13,2026,5,Maio,13,"05 Mai (13,18,20)",Origem vegetal,UVA SEM SEMENTE,Kg,12.0,Mercado Central,MERCADO-CENTRAL-131520-DE-MAIO-1.pdf
2026-05-13,2026,5,Maio,13,"05 Mai (13,18,20)",Origem vegetal,VAGEM,Kg,18.0,Mercado Central,MERCADO-CENTRAL-131520-DE-MAIO-1.pdf
2026-05-18,2026,5,Maio,18,"05 Mai (13,18,20)",Origem animal,ACEM C/ OSSO,Kg,26.0,Mercado Central,MERCADO-CENTRAL-131520-DE-MAIO-1.pdf
2026-05-18,2026,5,Maio,18,"05 Mai (13,18,20)",Origem animal,ACEM S/ OSSO,Kg,35.0,Mercado Central,MERCADO-CENTRAL-131520-DE-MAIO-1.pdf
2026-05-18,2026,5,Maio,18,"05 Mai (13,18,20)",Origem animal,ALCATRA,Kg,44.0,Mercado Central,MERCADO-CENTRAL-131520-DE-MAIO-1.pdf
2026-05-18,2026,5,Maio,18,"05 Mai (13,18,20)",Origem animal,CARNE SUINA TRASEIRA,Kg,23.0,Mercado Central,MERCADO-CENTRAL-131520-DE-MAIO-1.pdf
2026-05-18,2026,5,Maio,18,"05 Mai (13,18,20)",Origem animal,CHA DE DENTRO (COXAO MOLE),Kg,44.0,Mercado Central,MERCADO-CENTRAL-131520-DE-MAIO-1.pdf
2026-05-18,2026,5,Maio,18,"05 Mai (13,18,20)",Origem animal,CHA DE FORA (COXAO DURO),Kg,39.0,Mercado Central,MERCADO-CENTRAL-131520-DE-MAIO-1.pdf
2026-05-18,2026,5,Maio,18,"05 Mai (13,18,20)",Origem animal,CONTRA FILE,Kg,45.0,Mercado Central,MERCADO-CENTRAL-131520-DE-MAIO-1.pdf
2026-05-18,2026,5,Maio,18,"05 Mai (13,18,20)",Origem animal,COSTELA,Kg,22.0,Mercado Central,MERCADO-CENTRAL-131520-DE-MAIO-1.pdf
2026-05-18,2026,5,Maio,18,"05 Mai (13,18,20)",Origem animal,FILE MIGNION,Kg,55.0,Mercado Central,MERCADO-CENTRAL-131520-DE-MAIO-1.pdf
2026-05-18,2026,5,Maio,18,"05 Mai (13,18,20)",Origem animal,FRANGO DE GRANJA,Kg,16.0,Mercado Central,MERCADO-CENTRAL-131520-DE-MAIO-1.pdf
2026-05-18,2026,5,Maio,18,"05 Mai (13,18,20)",Origem animal,MANTEIGA,Kg,38.0,Mercado Central,MERCADO-CENTRAL-131520-DE-MAIO-1.pdf
2026-05-18,2026,5,Maio,18,"05 Mai (13,18,20)",Origem animal,MUSCULO,Kg,27.0,Mercado Central,MERCADO-CENTRAL-131520-DE-MAIO-1.pdf
2026-05-18,2026,5,Maio,18,"05 Mai (13,18,20)",Origem animal,OVO BRANCO GRANDE,Dz,8.0,Mercado Central,MERCADO-CENTRAL-131520-DE-MAIO-1.pdf
2026-05-18,2026,5,Maio,18,"05 Mai (13,18,20)",Origem animal,OVO VERMELHO GRANDE,Dz,9.0,Mercado Central,MERCADO-CENTRAL-131520-DE-MAIO-1.pdf
2026-05-18,2026,5,Maio,18,"05 Mai (13,18,20)",Origem animal,PALETA C/ OSSO,Kg,25.0,Mercado Central,MERCADO-CENTRAL-131520-DE-MAIO-1.pdf
2026-05-18,2026,5,Maio,18,"05 Mai (13,18,20)",Origem animal,PATINHO,Kg,38.0,Mercado Central,MERCADO-CENTRAL-131520-DE-MAIO-1.pdf
2026-05-18,2026,5,Maio,18,"05 Mai (13,18,20)",Origem animal,PEITO C/ OSSO,Kg,25.0,Mercado Central,MERCADO-CENTRAL-131520-DE-MAIO-1.pdf
2026-05-18,2026,5,Maio,18,"05 Mai (13,18,20)",Origem animal,QUEIJO COALHO,Kg,28.0,Mercado Central,MERCADO-CENTRAL-131520-DE-MAIO-1.pdf
2026-05-18,2026,5,Maio,18,"05 Mai (13,18,20)",Origem vegetal,ABACAXI GRANDE,Um,6.0,Mercado Central,MERCADO-CENTRAL-131520-DE-MAIO-1.pdf
2026-05-18,2026,5,Maio,18,"05 Mai (13,18,20)",Origem vegetal,ABOBORA,Kg,6.0,Mercado Central,MERCADO-CENTRAL-131520-DE-MAIO-1.pdf
2026-05-18,2026,5,Maio,18,"05 Mai (13,18,20)",Origem vegetal,ABOBRINHA,Kg,4.0,Mercado Central,MERCADO-CENTRAL-131520-DE-MAIO-1.pdf
2026-05-18,2026,5,Maio,18,"05 Mai (13,18,20)",Origem vegetal,ACEROLA,Kg,8.0,Mercado Central,MERCADO-CENTRAL-131520-DE-MAIO-1.pdf
2026-05-18,2026,5,Maio,18,"05 Mai (13,18,20)",Origem vegetal,ALFACE,Pe,2.0,Mercado Central,MERCADO-CENTRAL-131520-DE-MAIO-1.pdf
2026-05-18,2026,5,Maio,18,"05 Mai (13,18,20)",Origem vegetal,ALHO,Cab.,2.5,Mercado Central,MERCADO-CENTRAL-131520-DE-MAIO-1.pdf
2026-05-18,2026,5,Maio,18,"05 Mai (13,18,20)",Origem vegetal,AMENDOIM C/CASCA COZIDO,Lata,10.0,Mercado Central,MERCADO-CENTRAL-131520-DE-MAIO-1.pdf
2026-05-18,2026,5,Maio,18,"05 Mai (13,18,20)",Origem vegetal,ARROZ AGULHA T 1,Kg,6.5,Mercado Central,MERCADO-CENTRAL-131520-DE-MAIO-1.pdf
2026-05-18,2026,5,Maio,18,"05 Mai (13,18,20)",Origem vegetal,BANANA PRATA,Dz,5.0,Mercado Central,MERCADO-CENTRAL-131520-DE-MAIO-1.pdf
2026-05-18,2026,5,Maio,18,"05 Mai (13,18,20)",Origem vegetal,BATATA DOCE,Kg,6.0,Mercado Central,MERCADO-CENTRAL-131520-DE-MAIO-1.pdf
2026-05-18,2026,5,Maio,18,"05 Mai (13,18,20)",Origem vegetal,BATATA LISA,Kg,9.0,Mercado Central,MERCADO-CENTRAL-131520-DE-MAIO-1.pdf
2026-05-18,2026,5,Maio,18,"05 Mai (13,18,20)",Origem vegetal,BETERRABA,Kg,8.0,Mercado Central,MERCADO-CENTRAL-131520-DE-MAIO-1.pdf
2026-05-18,2026,5,Maio,18,"05 Mai (13,18,20)",Origem vegetal,CAJU,Um,1.0,Mercado Central,MERCADO-CENTRAL-131520-DE-MAIO-1.pdf
2026-05-18,2026,5,Maio,18,"05 Mai (13,18,20)",Origem vegetal,CEBOLA BRANCA,Kg,6.0,Mercado Central,MERCADO-CENTRAL-131520-DE-MAIO-1.pdf
2026-05-18,2026,5,Maio,18,"05 Mai (13,18,20)",Origem vegetal,CEBOLA ROXA,Kg,7.0,Mercado Central,MERCADO-CENTRAL-131520-DE-MAIO-1.pdf
2026-05-18,2026,5,Maio,18,"05 Mai (13,18,20)",Origem vegetal,CEBOLINHA,Molho,2.0,Mercado Central,MERCADO-CENTRAL-131520-DE-MAIO-1.pdf
2026-05-18,2026,5,Maio,18,"05 Mai (13,18,20)",Origem vegetal,CENOURA,Kg,6.0,Mercado Central,MERCADO-CENTRAL-131520-DE-MAIO-1.pdf
2026-05-18,2026,5,Maio,18,"05 Mai (13,18,20)",Origem vegetal,CHUCHU,Um,2.0,Mercado Central,MERCADO-CENTRAL-131520-DE-MAIO-1.pdf
2026-05-18,2026,5,Maio,18,"05 Mai (13,18,20)",Origem vegetal,COCO SECO,Um,7.0,Mercado Central,MERCADO-CENTRAL-131520-DE-MAIO-1.pdf
2026-05-18,2026,5,Maio,18,"05 Mai (13,18,20)",Origem vegetal,COCO VERDE,Um,5.0,Mercado Central,MERCADO-CENTRAL-131520-DE-MAIO-1.pdf
2026-05-18,2026,5,Maio,18,"05 Mai (13,18,20)",Origem vegetal,COENTRO,Molho,2.5,Mercado Central,MERCADO-CENTRAL-131520-DE-MAIO-1.pdf
2026-05-18,2026,5,Maio,18,"05 Mai (13,18,20)",Origem vegetal,COUVE,Molho,2.0,Mercado Central,MERCADO-CENTRAL-131520-DE-MAIO-1.pdf
2026-05-18,2026,5,Maio,18,"05 Mai (13,18,20)",Origem vegetal,COUVE-FLOR,Kg,13.0,Mercado Central,MERCADO-CENTRAL-131520-DE-MAIO-1.pdf
2026-05-18,2026,5,Maio,18,"05 Mai (13,18,20)",Origem vegetal,FARINHA DE MANDIOCA,Kg,6.0,Mercado Central,MERCADO-CENTRAL-131520-DE-MAIO-1.pdf
2026-05-18,2026,5,Maio,18,"05 Mai (13,18,20)",Origem vegetal,FEIJAO CARIOQUINHA,Kg,8.0,Mercado Central,MERCADO-CENTRAL-131520-DE-MAIO-1.pdf
2026-05-18,2026,5,Maio,18,"05 Mai (13,18,20)",Origem vegetal,GOIABA VERMELHA,Kg,4.0,Mercado Central,MERCADO-CENTRAL-131520-DE-MAIO-1.pdf
2026-05-18,2026,5,Maio,18,"05 Mai (13,18,20)",Origem vegetal,INHAME DA COSTA,Kg,10.0,Mercado Central,MERCADO-CENTRAL-131520-DE-MAIO-1.pdf
2026-05-18,2026,5,Maio,18,"05 Mai (13,18,20)",Origem vegetal,LARANJA PERA,Uma,0.7,Mercado Central,MERCADO-CENTRAL-131520-DE-MAIO-1.pdf
2026-05-18,2026,5,Maio,18,"05 Mai (13,18,20)",Origem vegetal,LIMAO TAITI,Kg,4.0,Mercado Central,MERCADO-CENTRAL-131520-DE-MAIO-1.pdf
2026-05-18,2026,5,Maio,18,"05 Mai (13,18,20)",Origem vegetal,MACA NACIONAL,Kg,10.0,Mercado Central,MERCADO-CENTRAL-131520-DE-MAIO-1.pdf
2026-05-18,2026,5,Maio,18,"05 Mai (13,18,20)",Origem vegetal,MACAXEIRA (AIPIM),Kg,3.0,Mercado Central,MERCADO-CENTRAL-131520-DE-MAIO-1.pdf
2026-05-18,2026,5,Maio,18,"05 Mai (13,18,20)",Origem vegetal,MAMAO FORMOSA,Kg,3.0,Mercado Central,MERCADO-CENTRAL-131520-DE-MAIO-1.pdf
2026-05-18,2026,5,Maio,18,"05 Mai (13,18,20)",Origem vegetal,MAMAO HAWAY,Kg,4.0,Mercado Central,MERCADO-CENTRAL-131520-DE-MAIO-1.pdf
2026-05-18,2026,5,Maio,18,"05 Mai (13,18,20)",Origem vegetal,MANGA TOMMY,Kg,5.0,Mercado Central,MERCADO-CENTRAL-131520-DE-MAIO-1.pdf
2026-05-18,2026,5,Maio,18,"05 Mai (13,18,20)",Origem vegetal,MARACUJA,Kg,7.0,Mercado Central,MERCADO-CENTRAL-131520-DE-MAIO-1.pdf
2026-05-18,2026,5,Maio,18,"05 Mai (13,18,20)",Origem vegetal,MAXIXE,Kg,7.0,Mercado Central,MERCADO-CENTRAL-131520-DE-MAIO-1.pdf
2026-05-18,2026,5,Maio,18,"05 Mai (13,18,20)",Origem vegetal,MELANCIA,Kg,1.5,Mercado Central,MERCADO-CENTRAL-131520-DE-MAIO-1.pdf
2026-05-18,2026,5,Maio,18,"05 Mai (13,18,20)",Origem vegetal,MELAO ESPANHOL,Kg,4.0,Mercado Central,MERCADO-CENTRAL-131520-DE-MAIO-1.pdf
2026-05-18,2026,5,Maio,18,"05 Mai (13,18,20)",Origem vegetal,MILHO EM GRAO,Kg,2.0,Mercado Central,MERCADO-CENTRAL-131520-DE-MAIO-1.pdf
2026-05-18,2026,5,Maio,18,"05 Mai (13,18,20)",Origem vegetal,MILHO VERDE,Espiga,1.5,Mercado Central,MERCADO-CENTRAL-131520-DE-MAIO-1.pdf
2026-05-18,2026,5,Maio,18,"05 Mai (13,18,20)",Origem vegetal,MORANGO,"Cx 0,3Kg",9.0,Mercado Central,MERCADO-CENTRAL-131520-DE-MAIO-1.pdf
2026-05-18,2026,5,Maio,18,"05 Mai (13,18,20)",Origem vegetal,PIMENTAO VERDE,Um,2.0,Mercado Central,MERCADO-CENTRAL-131520-DE-MAIO-1.pdf
2026-05-18,2026,5,Maio,18,"05 Mai (13,18,20)",Origem vegetal,QUIABO,Cento,20.0,Mercado Central,MERCADO-CENTRAL-131520-DE-MAIO-1.pdf
2026-05-18,2026,5,Maio,18,"05 Mai (13,18,20)",Origem vegetal,REPOLHO VERDE,Kg,5.0,Mercado Central,MERCADO-CENTRAL-131520-DE-MAIO-1.pdf
2026-05-18,2026,5,Maio,18,"05 Mai (13,18,20)",Origem vegetal,TOMATE,Kg,8.0,Mercado Central,MERCADO-CENTRAL-131520-DE-MAIO-1.pdf
2026-05-18,2026,5,Maio,18,"05 Mai (13,18,20)",Origem vegetal,UVA SEM SEMENTE,Kg,12.0,Mercado Central,MERCADO-CENTRAL-131520-DE-MAIO-1.pdf
2026-05-18,2026,5,Maio,18,"05 Mai (13,18,20)",Origem vegetal,VAGEM,Kg,18.0,Mercado Central,MERCADO-CENTRAL-131520-DE-MAIO-1.pdf
2026-05-20,2026,5,Maio,20,"05 Mai (13,18,20)",Origem animal,ACEM C/ OSSO,Kg,26.0,Mercado Central,MERCADO-CENTRAL-131520-DE-MAIO-1.pdf
2026-05-20,2026,5,Maio,20,"05 Mai (20,25,27)",Origem animal,ACEM C/ OSSO,Kg,26.0,Mercado Central,MERCADO-CENTRAL-2025-E-27-DE-MAIO.pdf
2026-05-20,2026,5,Maio,20,"05 Mai (13,18,20)",Origem animal,ACEM S/ OSSO,Kg,35.0,Mercado Central,MERCADO-CENTRAL-131520-DE-MAIO-1.pdf
2026-05-20,2026,5,Maio,20,"05 Mai (20,25,27)",Origem animal,ACEM S/ OSSO,Kg,35.0,Mercado Central,MERCADO-CENTRAL-2025-E-27-DE-MAIO.pdf
2026-05-20,2026,5,Maio,20,"05 Mai (13,18,20)",Origem animal,ALCATRA,Kg,44.0,Mercado Central,MERCADO-CENTRAL-131520-DE-MAIO-1.pdf
2026-05-20,2026,5,Maio,20,"05 Mai (20,25,27)",Origem animal,ALCATRA,Kg,44.0,Mercado Central,MERCADO-CENTRAL-2025-E-27-DE-MAIO.pdf
2026-05-20,2026,5,Maio,20,"05 Mai (13,18,20)",Origem animal,CARNE SUINA TRASEIRA,Kg,23.0,Mercado Central,MERCADO-CENTRAL-131520-DE-MAIO-1.pdf
2026-05-20,2026,5,Maio,20,"05 Mai (20,25,27)",Origem animal,CARNE SUINA TRASEIRA,Kg,23.0,Mercado Central,MERCADO-CENTRAL-2025-E-27-DE-MAIO.pdf
2026-05-20,2026,5,Maio,20,"05 Mai (13,18,20)",Origem animal,CHA DE DENTRO (COXAO MOLE),Kg,44.0,Mercado Central,MERCADO-CENTRAL-131520-DE-MAIO-1.pdf
2026-05-20,2026,5,Maio,20,"05 Mai (20,25,27)",Origem animal,CHA DE DENTRO (COXAO MOLE),Kg,44.0,Mercado Central,MERCADO-CENTRAL-2025-E-27-DE-MAIO.pdf
2026-05-20,2026,5,Maio,20,"05 Mai (13,18,20)",Origem animal,CHA DE FORA (COXAO DURO),Kg,39.0,Mercado Central,MERCADO-CENTRAL-131520-DE-MAIO-1.pdf
2026-05-20,2026,5,Maio,20,"05 Mai (20,25,27)",Origem animal,CHA DE FORA (COXAO DURO),Kg,39.0,Mercado Central,MERCADO-CENTRAL-2025-E-27-DE-MAIO.pdf
2026-05-20,2026,5,Maio,20,"05 Mai (13,18,20)",Origem animal,CONTRA FILE,Kg,45.0,Mercado Central,MERCADO-CENTRAL-131520-DE-MAIO-1.pdf
2026-05-20,2026,5,Maio,20,"05 Mai (20,25,27)",Origem animal,CONTRA FILE,Kg,45.0,Mercado Central,MERCADO-CENTRAL-2025-E-27-DE-MAIO.pdf
2026-05-20,2026,5,Maio,20,"05 Mai (13,18,20)",Origem animal,COSTELA,Kg,22.0,Mercado Central,MERCADO-CENTRAL-131520-DE-MAIO-1.pdf
2026-05-20,2026,5,Maio,20,"05 Mai (20,25,27)",Origem animal,COSTELA,Kg,22.0,Mercado Central,MERCADO-CENTRAL-2025-E-27-DE-MAIO.pdf
2026-05-20,2026,5,Maio,20,"05 Mai (13,18,20)",Origem animal,FILE MIGNION,Kg,55.0,Mercado Central,MERCADO-CENTRAL-131520-DE-MAIO-1.pdf
2026-05-20,2026,5,Maio,20,"05 Mai (20,25,27)",Origem animal,FILE MIGNION,Kg,55.0,Mercado Central,MERCADO-CENTRAL-2025-E-27-DE-MAIO.pdf
2026-05-20,2026,5,Maio,20,"05 Mai (13,18,20)",Origem animal,FRANGO DE GRANJA,Kg,16.0,Mercado Central,MERCADO-CENTRAL-131520-DE-MAIO-1.pdf
2026-05-20,2026,5,Maio,20,"05 Mai (20,25,27)",Origem animal,FRANGO DE GRANJA,Kg,16.0,Mercado Central,MERCADO-CENTRAL-2025-E-27-DE-MAIO.pdf
2026-05-20,2026,5,Maio,20,"05 Mai (13,18,20)",Origem animal,MANTEIGA,Kg,38.0,Mercado Central,MERCADO-CENTRAL-131520-DE-MAIO-1.pdf
2026-05-20,2026,5,Maio,20,"05 Mai (20,25,27)",Origem animal,MANTEIGA,Kg,38.0,Mercado Central,MERCADO-CENTRAL-2025-E-27-DE-MAIO.pdf
2026-05-20,2026,5,Maio,20,"05 Mai (13,18,20)",Origem animal,MUSCULO,Kg,27.0,Mercado Central,MERCADO-CENTRAL-131520-DE-MAIO-1.pdf
2026-05-20,2026,5,Maio,20,"05 Mai (20,25,27)",Origem animal,MUSCULO,Kg,27.0,Mercado Central,MERCADO-CENTRAL-2025-E-27-DE-MAIO.pdf
2026-05-20,2026,5,Maio,20,"05 Mai (13,18,20)",Origem animal,OVO BRANCO GRANDE,Dz,8.0,Mercado Central,MERCADO-CENTRAL-131520-DE-MAIO-1.pdf
2026-05-20,2026,5,Maio,20,"05 Mai (20,25,27)",Origem animal,OVO BRANCO GRANDE,Dz,8.0,Mercado Central,MERCADO-CENTRAL-2025-E-27-DE-MAIO.pdf
2026-05-20,2026,5,Maio,20,"05 Mai (13,18,20)",Origem animal,OVO VERMELHO GRANDE,Dz,9.0,Mercado Central,MERCADO-CENTRAL-131520-DE-MAIO-1.pdf
2026-05-20,2026,5,Maio,20,"05 Mai (20,25,27)",Origem animal,OVO VERMELHO GRANDE,Dz,9.0,Mercado Central,MERCADO-CENTRAL-2025-E-27-DE-MAIO.pdf
2026-05-20,2026,5,Maio,20,"05 Mai (13,18,20)",Origem animal,PALETA C/ OSSO,Kg,25.0,Mercado Central,MERCADO-CENTRAL-131520-DE-MAIO-1.pdf
2026-05-20,2026,5,Maio,20,"05 Mai (20,25,27)",Origem animal,PALETA C/ OSSO,Kg,25.0,Mercado Central,MERCADO-CENTRAL-2025-E-27-DE-MAIO.pdf
2026-05-20,2026,5,Maio,20,"05 Mai (13,18,20)",Origem animal,PATINHO,Kg,38.0,Mercado Central,MERCADO-CENTRAL-131520-DE-MAIO-1.pdf
2026-05-20,2026,5,Maio,20,"05 Mai (20,25,27)",Origem animal,PATINHO,Kg,38.0,Mercado Central,MERCADO-CENTRAL-2025-E-27-DE-MAIO.pdf
2026-05-20,2026,5,Maio,20,"05 Mai (13,18,20)",Origem animal,PEITO C/ OSSO,Kg,25.0,Mercado Central,MERCADO-CENTRAL-131520-DE-MAIO-1.pdf
2026-05-20,2026,5,Maio,20,"05 Mai (20,25,27)",Origem animal,PEITO C/ OSSO,Kg,25.0,Mercado Central,MERCADO-CENTRAL-2025-E-27-DE-MAIO.pdf
2026-05-20,2026,5,Maio,20,"05 Mai (13,18,20)",Origem animal,QUEIJO COALHO,Kg,28.0,Mercado Central,MERCADO-CENTRAL-131520-DE-MAIO-1.pdf
2026-05-20,2026,5,Maio,20,"05 Mai (20,25,27)",Origem animal,QUEIJO COALHO,Kg,28.0,Mercado Central,MERCADO-CENTRAL-2025-E-27-DE-MAIO.pdf
2026-05-20,2026,5,Maio,20,"05 Mai (13,18,20)",Origem vegetal,ABACAXI GRANDE,Um,6.0,Mercado Central,MERCADO-CENTRAL-131520-DE-MAIO-1.pdf
2026-05-20,2026,5,Maio,20,"05 Mai (20,25,27)",Origem vegetal,ABACAXI GRANDE,Um,6.0,Mercado Central,MERCADO-CENTRAL-2025-E-27-DE-MAIO.pdf
2026-05-20,2026,5,Maio,20,"05 Mai (13,18,20)",Origem vegetal,ABOBORA,Kg,6.0,Mercado Central,MERCADO-CENTRAL-131520-DE-MAIO-1.pdf
2026-05-20,2026,5,Maio,20,"05 Mai (20,25,27)",Origem vegetal,ABOBORA,Kg,6.0,Mercado Central,MERCADO-CENTRAL-2025-E-27-DE-MAIO.pdf
2026-05-20,2026,5,Maio,20,"05 Mai (13,18,20)",Origem vegetal,ABOBRINHA,Kg,4.0,Mercado Central,MERCADO-CENTRAL-131520-DE-MAIO-1.pdf
2026-05-20,2026,5,Maio,20,"05 Mai (20,25,27)",Origem vegetal,ABOBRINHA,Kg,4.0,Mercado Central,MERCADO-CENTRAL-2025-E-27-DE-MAIO.pdf
2026-05-20,2026,5,Maio,20,"05 Mai (13,18,20)",Origem vegetal,ACEROLA,Kg,8.0,Mercado Central,MERCADO-CENTRAL-131520-DE-MAIO-1.pdf
2026-05-20,2026,5,Maio,20,"05 Mai (20,25,27)",Origem vegetal,ACEROLA,Kg,8.0,Mercado Central,MERCADO-CENTRAL-2025-E-27-DE-MAIO.pdf
2026-05-20,2026,5,Maio,20,"05 Mai (13,18,20)",Origem vegetal,ALFACE,Pe,2.0,Mercado Central,MERCADO-CENTRAL-131520-DE-MAIO-1.pdf
2026-05-20,2026,5,Maio,20,"05 Mai (20,25,27)",Origem vegetal,ALFACE,Pe,2.0,Mercado Central,MERCADO-CENTRAL-2025-E-27-DE-MAIO.pdf
2026-05-20,2026,5,Maio,20,"05 Mai (13,18,20)",Origem vegetal,ALHO,Cab.,2.5,Mercado Central,MERCADO-CENTRAL-131520-DE-MAIO-1.pdf
2026-05-20,2026,5,Maio,20,"05 Mai (20,25,27)",Origem vegetal,ALHO,Cab.,2.5,Mercado Central,MERCADO-CENTRAL-2025-E-27-DE-MAIO.pdf
2026-05-20,2026,5,Maio,20,"05 Mai (13,18,20)",Origem vegetal,AMENDOIM C/CASCA COZIDO,Lata,10.0,Mercado Central,MERCADO-CENTRAL-131520-DE-MAIO-1.pdf
2026-05-20,2026,5,Maio,20,"05 Mai (20,25,27)",Origem vegetal,AMENDOIM C/CASCA COZIDO,Lata,10.0,Mercado Central,MERCADO-CENTRAL-2025-E-27-DE-MAIO.pdf
2026-05-20,2026,5,Maio,20,"05 Mai (13,18,20)",Origem vegetal,ARROZ AGULHA T 1,Kg,6.5,Mercado Central,MERCADO-CENTRAL-131520-DE-MAIO-1.pdf
2026-05-20,2026,5,Maio,20,"05 Mai (20,25,27)",Origem vegetal,ARROZ AGULHA T 1,Kg,6.5,Mercado Central,MERCADO-CENTRAL-2025-E-27-DE-MAIO.pdf
2026-05-20,2026,5,Maio,20,"05 Mai (13,18,20)",Origem vegetal,BANANA PRATA,Dz,5.0,Mercado Central,MERCADO-CENTRAL-131520-DE-MAIO-1.pdf
2026-05-20,2026,5,Maio,20,"05 Mai (20,25,27)",Origem vegetal,BANANA PRATA,Dz,5.0,Mercado Central,MERCADO-CENTRAL-2025-E-27-DE-MAIO.pdf
2026-05-20,2026,5,Maio,20,"05 Mai (13,18,20)",Origem vegetal,BATATA DOCE,Kg,6.0,Mercado Central,MERCADO-CENTRAL-131520-DE-MAIO-1.pdf
2026-05-20,2026,5,Maio,20,"05 Mai (20,25,27)",Origem vegetal,BATATA DOCE,Kg,6.0,Mercado Central,MERCADO-CENTRAL-2025-E-27-DE-MAIO.pdf
2026-05-20,2026,5,Maio,20,"05 Mai (13,18,20)",Origem vegetal,BATATA LISA,Kg,9.0,Mercado Central,MERCADO-CENTRAL-131520-DE-MAIO-1.pdf
2026-05-20,2026,5,Maio,20,"05 Mai (20,25,27)",Origem vegetal,BATATA LISA,Kg,9.0,Mercado Central,MERCADO-CENTRAL-2025-E-27-DE-MAIO.pdf
2026-05-20,2026,5,Maio,20,"05 Mai (13,18,20)",Origem vegetal,BETERRABA,Kg,8.0,Mercado Central,MERCADO-CENTRAL-131520-DE-MAIO-1.pdf
2026-05-20,2026,5,Maio,20,"05 Mai (20,25,27)",Origem vegetal,BETERRABA,Kg,8.0,Mercado Central,MERCADO-CENTRAL-2025-E-27-DE-MAIO.pdf
2026-05-20,2026,5,Maio,20,"05 Mai (13,18,20)",Origem vegetal,CAJU,Um,1.0,Mercado Central,MERCADO-CENTRAL-131520-DE-MAIO-1.pdf
2026-05-20,2026,5,Maio,20,"05 Mai (20,25,27)",Origem vegetal,CAJU,Um,1.0,Mercado Central,MERCADO-CENTRAL-2025-E-27-DE-MAIO.pdf
2026-05-20,2026,5,Maio,20,"05 Mai (13,18,20)",Origem vegetal,CEBOLA BRANCA,Kg,6.0,Mercado Central,MERCADO-CENTRAL-131520-DE-MAIO-1.pdf
2026-05-20,2026,5,Maio,20,"05 Mai (20,25,27)",Origem vegetal,CEBOLA BRANCA,Kg,6.0,Mercado Central,MERCADO-CENTRAL-2025-E-27-DE-MAIO.pdf
2026-05-20,2026,5,Maio,20,"05 Mai (13,18,20)",Origem vegetal,CEBOLA ROXA,Kg,7.0,Mercado Central,MERCADO-CENTRAL-131520-DE-MAIO-1.pdf
2026-05-20,2026,5,Maio,20,"05 Mai (20,25,27)",Origem vegetal,CEBOLA ROXA,Kg,7.0,Mercado Central,MERCADO-CENTRAL-2025-E-27-DE-MAIO.pdf
2026-05-20,2026,5,Maio,20,"05 Mai (13,18,20)",Origem vegetal,CEBOLINHA,Molho,2.0,Mercado Central,MERCADO-CENTRAL-131520-DE-MAIO-1.pdf
2026-05-20,2026,5,Maio,20,"05 Mai (20,25,27)",Origem vegetal,CEBOLINHA,Molho,2.0,Mercado Central,MERCADO-CENTRAL-2025-E-27-DE-MAIO.pdf
2026-05-20,2026,5,Maio,20,"05 Mai (13,18,20)",Origem vegetal,CENOURA,Kg,6.0,Mercado Central,MERCADO-CENTRAL-131520-DE-MAIO-1.pdf
2026-05-20,2026,5,Maio,20,"05 Mai (20,25,27)",Origem vegetal,CENOURA,Kg,6.0,Mercado Central,MERCADO-CENTRAL-2025-E-27-DE-MAIO.pdf
2026-05-20,2026,5,Maio,20,"05 Mai (13,18,20)",Origem vegetal,CHUCHU,Um,2.0,Mercado Central,MERCADO-CENTRAL-131520-DE-MAIO-1.pdf
2026-05-20,2026,5,Maio,20,"05 Mai (20,25,27)",Origem vegetal,CHUCHU,Um,2.0,Mercado Central,MERCADO-CENTRAL-2025-E-27-DE-MAIO.pdf
2026-05-20,2026,5,Maio,20,"05 Mai (13,18,20)",Origem vegetal,COCO SECO,Um,7.0,Mercado Central,MERCADO-CENTRAL-131520-DE-MAIO-1.pdf
2026-05-20,2026,5,Maio,20,"05 Mai (20,25,27)",Origem vegetal,COCO SECO,Um,7.0,Mercado Central,MERCADO-CENTRAL-2025-E-27-DE-MAIO.pdf
2026-05-20,2026,5,Maio,20,"05 Mai (13,18,20)",Origem vegetal,COCO VERDE,Um,5.0,Mercado Central,MERCADO-CENTRAL-131520-DE-MAIO-1.pdf
2026-05-20,2026,5,Maio,20,"05 Mai (20,25,27)",Origem vegetal,COCO VERDE,Um,5.0,Mercado Central,MERCADO-CENTRAL-2025-E-27-DE-MAIO.pdf
2026-05-20,2026,5,Maio,20,"05 Mai (13,18,20)",Origem vegetal,COENTRO,Molho,2.5,Mercado Central,MERCADO-CENTRAL-131520-DE-MAIO-1.pdf
2026-05-20,2026,5,Maio,20,"05 Mai (20,25,27)",Origem vegetal,COENTRO,Molho,2.5,Mercado Central,MERCADO-CENTRAL-2025-E-27-DE-MAIO.pdf
2026-05-20,2026,5,Maio,20,"05 Mai (13,18,20)",Origem vegetal,COUVE,Molho,2.0,Mercado Central,MERCADO-CENTRAL-131520-DE-MAIO-1.pdf
2026-05-20,2026,5,Maio,20,"05 Mai (20,25,27)",Origem vegetal,COUVE,Molho,2.0,Mercado Central,MERCADO-CENTRAL-2025-E-27-DE-MAIO.pdf
2026-05-20,2026,5,Maio,20,"05 Mai (13,18,20)",Origem vegetal,COUVE-FLOR,Kg,13.0,Mercado Central,MERCADO-CENTRAL-131520-DE-MAIO-1.pdf
2026-05-20,2026,5,Maio,20,"05 Mai (20,25,27)",Origem vegetal,COUVE-FLOR,Kg,13.0,Mercado Central,MERCADO-CENTRAL-2025-E-27-DE-MAIO.pdf
2026-05-20,2026,5,Maio,20,"05 Mai (13,18,20)",Origem vegetal,FARINHA DE MANDIOCA,Kg,6.0,Mercado Central,MERCADO-CENTRAL-131520-DE-MAIO-1.pdf
2026-05-20,2026,5,Maio,20,"05 Mai (20,25,27)",Origem vegetal,FARINHA DE MANDIOCA,Kg,6.0,Mercado Central,MERCADO-CENTRAL-2025-E-27-DE-MAIO.pdf
2026-05-20,2026,5,Maio,20,"05 Mai (13,18,20)",Origem vegetal,FEIJAO CARIOQUINHA,Kg,8.0,Mercado Central,MERCADO-CENTRAL-131520-DE-MAIO-1.pdf
2026-05-20,2026,5,Maio,20,"05 Mai (20,25,27)",Origem vegetal,FEIJAO CARIOQUINHA,Kg,8.0,Mercado Central,MERCADO-CENTRAL-2025-E-27-DE-MAIO.pdf
2026-05-20,2026,5,Maio,20,"05 Mai (13,18,20)",Origem vegetal,GOIABA VERMELHA,Kg,4.0,Mercado Central,MERCADO-CENTRAL-131520-DE-MAIO-1.pdf
2026-05-20,2026,5,Maio,20,"05 Mai (20,25,27)",Origem vegetal,GOIABA VERMELHA,Kg,4.0,Mercado Central,MERCADO-CENTRAL-2025-E-27-DE-MAIO.pdf
2026-05-20,2026,5,Maio,20,"05 Mai (13,18,20)",Origem vegetal,INHAME DA COSTA,Kg,10.0,Mercado Central,MERCADO-CENTRAL-131520-DE-MAIO-1.pdf
2026-05-20,2026,5,Maio,20,"05 Mai (20,25,27)",Origem vegetal,INHAME DA COSTA,Kg,10.0,Mercado Central,MERCADO-CENTRAL-2025-E-27-DE-MAIO.pdf
2026-05-20,2026,5,Maio,20,"05 Mai (13,18,20)",Origem vegetal,LARANJA PERA,Uma,0.7,Mercado Central,MERCADO-CENTRAL-131520-DE-MAIO-1.pdf
2026-05-20,2026,5,Maio,20,"05 Mai (20,25,27)",Origem vegetal,LARANJA PERA,Uma,0.7,Mercado Central,MERCADO-CENTRAL-2025-E-27-DE-MAIO.pdf
2026-05-20,2026,5,Maio,20,"05 Mai (13,18,20)",Origem vegetal,LIMAO TAITI,Kg,4.0,Mercado Central,MERCADO-CENTRAL-131520-DE-MAIO-1.pdf
2026-05-20,2026,5,Maio,20,"05 Mai (20,25,27)",Origem vegetal,LIMAO TAITI,Kg,4.0,Mercado Central,MERCADO-CENTRAL-2025-E-27-DE-MAIO.pdf
2026-05-20,2026,5,Maio,20,"05 Mai (13,18,20)",Origem vegetal,MACA NACIONAL,Kg,10.0,Mercado Central,MERCADO-CENTRAL-131520-DE-MAIO-1.pdf
2026-05-20,2026,5,Maio,20,"05 Mai (20,25,27)",Origem vegetal,MACA NACIONAL,Kg,10.0,Mercado Central,MERCADO-CENTRAL-2025-E-27-DE-MAIO.pdf
2026-05-20,2026,5,Maio,20,"05 Mai (13,18,20)",Origem vegetal,MACAXEIRA (AIPIM),Kg,3.0,Mercado Central,MERCADO-CENTRAL-131520-DE-MAIO-1.pdf
2026-05-20,2026,5,Maio,20,"05 Mai (20,25,27)",Origem vegetal,MACAXEIRA (AIPIM),Kg,3.0,Mercado Central,MERCADO-CENTRAL-2025-E-27-DE-MAIO.pdf
2026-05-20,2026,5,Maio,20,"05 Mai (13,18,20)",Origem vegetal,MAMAO FORMOSA,Kg,3.0,Mercado Central,MERCADO-CENTRAL-131520-DE-MAIO-1.pdf
2026-05-20,2026,5,Maio,20,"05 Mai (20,25,27)",Origem vegetal,MAMAO FORMOSA,Kg,3.0,Mercado Central,MERCADO-CENTRAL-2025-E-27-DE-MAIO.pdf
2026-05-20,2026,5,Maio,20,"05 Mai (13,18,20)",Origem vegetal,MAMAO HAWAY,Kg,4.0,Mercado Central,MERCADO-CENTRAL-131520-DE-MAIO-1.pdf
2026-05-20,2026,5,Maio,20,"05 Mai (20,25,27)",Origem vegetal,MAMAO HAWAY,Kg,4.0,Mercado Central,MERCADO-CENTRAL-2025-E-27-DE-MAIO.pdf
2026-05-20,2026,5,Maio,20,"05 Mai (13,18,20)",Origem vegetal,MANGA TOMMY,Kg,5.0,Mercado Central,MERCADO-CENTRAL-131520-DE-MAIO-1.pdf
2026-05-20,2026,5,Maio,20,"05 Mai (20,25,27)",Origem vegetal,MANGA TOMMY,Kg,5.0,Mercado Central,MERCADO-CENTRAL-2025-E-27-DE-MAIO.pdf
2026-05-20,2026,5,Maio,20,"05 Mai (13,18,20)",Origem vegetal,MARACUJA,Kg,7.0,Mercado Central,MERCADO-CENTRAL-131520-DE-MAIO-1.pdf
2026-05-20,2026,5,Maio,20,"05 Mai (20,25,27)",Origem vegetal,MARACUJA,Kg,7.0,Mercado Central,MERCADO-CENTRAL-2025-E-27-DE-MAIO.pdf
2026-05-20,2026,5,Maio,20,"05 Mai (13,18,20)",Origem vegetal,MAXIXE,Kg,7.0,Mercado Central,MERCADO-CENTRAL-131520-DE-MAIO-1.pdf
2026-05-20,2026,5,Maio,20,"05 Mai (20,25,27)",Origem vegetal,MAXIXE,Kg,7.0,Mercado Central,MERCADO-CENTRAL-2025-E-27-DE-MAIO.pdf
2026-05-20,2026,5,Maio,20,"05 Mai (13,18,20)",Origem vegetal,MELANCIA,Kg,1.5,Mercado Central,MERCADO-CENTRAL-131520-DE-MAIO-1.pdf
2026-05-20,2026,5,Maio,20,"05 Mai (20,25,27)",Origem vegetal,MELANCIA,Kg,1.5,Mercado Central,MERCADO-CENTRAL-2025-E-27-DE-MAIO.pdf
2026-05-20,2026,5,Maio,20,"05 Mai (13,18,20)",Origem vegetal,MELAO ESPANHOL,Kg,4.0,Mercado Central,MERCADO-CENTRAL-131520-DE-MAIO-1.pdf
2026-05-20,2026,5,Maio,20,"05 Mai (20,25,27)",Origem vegetal,MELAO ESPANHOL,Kg,4.0,Mercado Central,MERCADO-CENTRAL-2025-E-27-DE-MAIO.pdf
2026-05-20,2026,5,Maio,20,"05 Mai (13,18,20)",Origem vegetal,MILHO EM GRAO,Kg,2.0,Mercado Central,MERCADO-CENTRAL-131520-DE-MAIO-1.pdf
2026-05-20,2026,5,Maio,20,"05 Mai (20,25,27)",Origem vegetal,MILHO EM GRAO,Kg,2.0,Mercado Central,MERCADO-CENTRAL-2025-E-27-DE-MAIO.pdf
2026-05-20,2026,5,Maio,20,"05 Mai (13,18,20)",Origem vegetal,MILHO VERDE,Espiga,1.5,Mercado Central,MERCADO-CENTRAL-131520-DE-MAIO-1.pdf
2026-05-20,2026,5,Maio,20,"05 Mai (20,25,27)",Origem vegetal,MILHO VERDE,Espiga,1.5,Mercado Central,MERCADO-CENTRAL-2025-E-27-DE-MAIO.pdf
2026-05-20,2026,5,Maio,20,"05 Mai (13,18,20)",Origem vegetal,MORANGO,"Cx 0,3Kg",9.0,Mercado Central,MERCADO-CENTRAL-131520-DE-MAIO-1.pdf
2026-05-20,2026,5,Maio,20,"05 Mai (20,25,27)",Origem vegetal,MORANGO,"Cx 0,3Kg",9.0,Mercado Central,MERCADO-CENTRAL-2025-E-27-DE-MAIO.pdf
2026-05-20,2026,5,Maio,20,"05 Mai (13,18,20)",Origem vegetal,PIMENTAO VERDE,Um,2.0,Mercado Central,MERCADO-CENTRAL-131520-DE-MAIO-1.pdf
2026-05-20,2026,5,Maio,20,"05 Mai (20,25,27)",Origem vegetal,PIMENTAO VERDE,Um,2.0,Mercado Central,MERCADO-CENTRAL-2025-E-27-DE-MAIO.pdf
2026-05-20,2026,5,Maio,20,"05 Mai (13,18,20)",Origem vegetal,QUIABO,Cento,20.0,Mercado Central,MERCADO-CENTRAL-131520-DE-MAIO-1.pdf
2026-05-20,2026,5,Maio,20,"05 Mai (20,25,27)",Origem vegetal,QUIABO,Cento,20.0,Mercado Central,MERCADO-CENTRAL-2025-E-27-DE-MAIO.pdf
2026-05-20,2026,5,Maio,20,"05 Mai (13,18,20)",Origem vegetal,REPOLHO VERDE,Kg,5.0,Mercado Central,MERCADO-CENTRAL-131520-DE-MAIO-1.pdf
2026-05-20,2026,5,Maio,20,"05 Mai (20,25,27)",Origem vegetal,REPOLHO VERDE,Kg,5.0,Mercado Central,MERCADO-CENTRAL-2025-E-27-DE-MAIO.pdf
2026-05-20,2026,5,Maio,20,"05 Mai (13,18,20)",Origem vegetal,TOMATE,Kg,8.0,Mercado Central,MERCADO-CENTRAL-131520-DE-MAIO-1.pdf
2026-05-20,2026,5,Maio,20,"05 Mai (20,25,27)",Origem vegetal,TOMATE,Kg,8.0,Mercado Central,MERCADO-CENTRAL-2025-E-27-DE-MAIO.pdf
2026-05-20,2026,5,Maio,20,"05 Mai (13,18,20)",Origem vegetal,UVA SEM SEMENTE,Kg,12.0,Mercado Central,MERCADO-CENTRAL-131520-DE-MAIO-1.pdf
2026-05-20,2026,5,Maio,20,"05 Mai (20,25,27)",Origem vegetal,UVA SEM SEMENTE,Kg,12.0,Mercado Central,MERCADO-CENTRAL-2025-E-27-DE-MAIO.pdf
2026-05-20,2026,5,Maio,20,"05 Mai (13,18,20)",Origem vegetal,VAGEM,Kg,18.0,Mercado Central,MERCADO-CENTRAL-131520-DE-MAIO-1.pdf
2026-05-20,2026,5,Maio,20,"05 Mai (20,25,27)",Origem vegetal,VAGEM,Kg,18.0,Mercado Central,MERCADO-CENTRAL-2025-E-27-DE-MAIO.pdf
2026-05-25,2026,5,Maio,25,"05 Mai (20,25,27)",Origem animal,ACEM C/ OSSO,Kg,26.0,Mercado Central,MERCADO-CENTRAL-2025-E-27-DE-MAIO.pdf
2026-05-25,2026,5,Maio,25,"05 Mai (20,25,27)",Origem animal,ACEM S/ OSSO,Kg,35.0,Mercado Central,MERCADO-CENTRAL-2025-E-27-DE-MAIO.pdf
2026-05-25,2026,5,Maio,25,"05 Mai (20,25,27)",Origem animal,ALCATRA,Kg,44.0,Mercado Central,MERCADO-CENTRAL-2025-E-27-DE-MAIO.pdf
2026-05-25,2026,5,Maio,25,"05 Mai (20,25,27)",Origem animal,CARNE SUINA TRASEIRA,Kg,23.0,Mercado Central,MERCADO-CENTRAL-2025-E-27-DE-MAIO.pdf
2026-05-25,2026,5,Maio,25,"05 Mai (20,25,27)",Origem animal,CHA DE DENTRO (COXAO MOLE),Kg,44.0,Mercado Central,MERCADO-CENTRAL-2025-E-27-DE-MAIO.pdf
2026-05-25,2026,5,Maio,25,"05 Mai (20,25,27)",Origem animal,CHA DE FORA (COXAO DURO),Kg,39.0,Mercado Central,MERCADO-CENTRAL-2025-E-27-DE-MAIO.pdf
2026-05-25,2026,5,Maio,25,"05 Mai (20,25,27)",Origem animal,CONTRA FILE,Kg,45.0,Mercado Central,MERCADO-CENTRAL-2025-E-27-DE-MAIO.pdf
2026-05-25,2026,5,Maio,25,"05 Mai (20,25,27)",Origem animal,COSTELA,Kg,22.0,Mercado Central,MERCADO-CENTRAL-2025-E-27-DE-MAIO.pdf
2026-05-25,2026,5,Maio,25,"05 Mai (20,25,27)",Origem animal,FILE MIGNION,Kg,55.0,Mercado Central,MERCADO-CENTRAL-2025-E-27-DE-MAIO.pdf
2026-05-25,2026,5,Maio,25,"05 Mai (20,25,27)",Origem animal,FRANGO DE GRANJA,Kg,16.0,Mercado Central,MERCADO-CENTRAL-2025-E-27-DE-MAIO.pdf
2026-05-25,2026,5,Maio,25,"05 Mai (20,25,27)",Origem animal,MANTEIGA,Kg,38.0,Mercado Central,MERCADO-CENTRAL-2025-E-27-DE-MAIO.pdf
2026-05-25,2026,5,Maio,25,"05 Mai (20,25,27)",Origem animal,MUSCULO,Kg,27.0,Mercado Central,MERCADO-CENTRAL-2025-E-27-DE-MAIO.pdf
2026-05-25,2026,5,Maio,25,"05 Mai (20,25,27)",Origem animal,OVO BRANCO GRANDE,Dz,8.0,Mercado Central,MERCADO-CENTRAL-2025-E-27-DE-MAIO.pdf
2026-05-25,2026,5,Maio,25,"05 Mai (20,25,27)",Origem animal,OVO VERMELHO GRANDE,Dz,9.0,Mercado Central,MERCADO-CENTRAL-2025-E-27-DE-MAIO.pdf
2026-05-25,2026,5,Maio,25,"05 Mai (20,25,27)",Origem animal,PALETA C/ OSSO,Kg,25.0,Mercado Central,MERCADO-CENTRAL-2025-E-27-DE-MAIO.pdf
2026-05-25,2026,5,Maio,25,"05 Mai (20,25,27)",Origem animal,PATINHO,Kg,38.0,Mercado Central,MERCADO-CENTRAL-2025-E-27-DE-MAIO.pdf
2026-05-25,2026,5,Maio,25,"05 Mai (20,25,27)",Origem animal,PEITO C/ OSSO,Kg,25.0,Mercado Central,MERCADO-CENTRAL-2025-E-27-DE-MAIO.pdf
2026-05-25,2026,5,Maio,25,"05 Mai (20,25,27)",Origem animal,QUEIJO COALHO,Kg,28.0,Mercado Central,MERCADO-CENTRAL-2025-E-27-DE-MAIO.pdf
2026-05-25,2026,5,Maio,25,"05 Mai (20,25,27)",Origem vegetal,ABACAXI GRANDE,Um,7.0,Mercado Central,MERCADO-CENTRAL-2025-E-27-DE-MAIO.pdf
2026-05-25,2026,5,Maio,25,"05 Mai (20,25,27)",Origem vegetal,ABOBORA,Kg,5.0,Mercado Central,MERCADO-CENTRAL-2025-E-27-DE-MAIO.pdf
2026-05-25,2026,5,Maio,25,"05 Mai (20,25,27)",Origem vegetal,ABOBRINHA,Kg,4.0,Mercado Central,MERCADO-CENTRAL-2025-E-27-DE-MAIO.pdf
2026-05-25,2026,5,Maio,25,"05 Mai (20,25,27)",Origem vegetal,ACEROLA,Kg,7.0,Mercado Central,MERCADO-CENTRAL-2025-E-27-DE-MAIO.pdf
2026-05-25,2026,5,Maio,25,"05 Mai (20,25,27)",Origem vegetal,ALFACE,Pe,2.0,Mercado Central,MERCADO-CENTRAL-2025-E-27-DE-MAIO.pdf
2026-05-25,2026,5,Maio,25,"05 Mai (20,25,27)",Origem vegetal,ALHO,Cab.,2.5,Mercado Central,MERCADO-CENTRAL-2025-E-27-DE-MAIO.pdf
2026-05-25,2026,5,Maio,25,"05 Mai (20,25,27)",Origem vegetal,AMENDOIM C/CASCA COZIDO,Lata,10.0,Mercado Central,MERCADO-CENTRAL-2025-E-27-DE-MAIO.pdf
2026-05-25,2026,5,Maio,25,"05 Mai (20,25,27)",Origem vegetal,ARROZ AGULHA T 1,Kg,6.0,Mercado Central,MERCADO-CENTRAL-2025-E-27-DE-MAIO.pdf
2026-05-25,2026,5,Maio,25,"05 Mai (20,25,27)",Origem vegetal,BANANA PRATA,Dz,5.0,Mercado Central,MERCADO-CENTRAL-2025-E-27-DE-MAIO.pdf
2026-05-25,2026,5,Maio,25,"05 Mai (20,25,27)",Origem vegetal,BATATA DOCE,Kg,6.0,Mercado Central,MERCADO-CENTRAL-2025-E-27-DE-MAIO.pdf
2026-05-25,2026,5,Maio,25,"05 Mai (20,25,27)",Origem vegetal,BATATA LISA,Kg,9.0,Mercado Central,MERCADO-CENTRAL-2025-E-27-DE-MAIO.pdf
2026-05-25,2026,5,Maio,25,"05 Mai (20,25,27)",Origem vegetal,BETERRABA,Kg,7.0,Mercado Central,MERCADO-CENTRAL-2025-E-27-DE-MAIO.pdf
2026-05-25,2026,5,Maio,25,"05 Mai (20,25,27)",Origem vegetal,CAJU,Um,1.0,Mercado Central,MERCADO-CENTRAL-2025-E-27-DE-MAIO.pdf
2026-05-25,2026,5,Maio,25,"05 Mai (20,25,27)",Origem vegetal,CEBOLA BRANCA,Kg,6.0,Mercado Central,MERCADO-CENTRAL-2025-E-27-DE-MAIO.pdf
2026-05-25,2026,5,Maio,25,"05 Mai (20,25,27)",Origem vegetal,CEBOLA ROXA,Kg,7.0,Mercado Central,MERCADO-CENTRAL-2025-E-27-DE-MAIO.pdf
2026-05-25,2026,5,Maio,25,"05 Mai (20,25,27)",Origem vegetal,CEBOLINHA,Molho,2.0,Mercado Central,MERCADO-CENTRAL-2025-E-27-DE-MAIO.pdf
2026-05-25,2026,5,Maio,25,"05 Mai (20,25,27)",Origem vegetal,CENOURA,Kg,6.0,Mercado Central,MERCADO-CENTRAL-2025-E-27-DE-MAIO.pdf
2026-05-25,2026,5,Maio,25,"05 Mai (20,25,27)",Origem vegetal,CHUCHU,Um,2.0,Mercado Central,MERCADO-CENTRAL-2025-E-27-DE-MAIO.pdf
2026-05-25,2026,5,Maio,25,"05 Mai (20,25,27)",Origem vegetal,COCO SECO,Um,6.0,Mercado Central,MERCADO-CENTRAL-2025-E-27-DE-MAIO.pdf
2026-05-25,2026,5,Maio,25,"05 Mai (20,25,27)",Origem vegetal,COCO VERDE,Um,5.0,Mercado Central,MERCADO-CENTRAL-2025-E-27-DE-MAIO.pdf
2026-05-25,2026,5,Maio,25,"05 Mai (20,25,27)",Origem vegetal,COENTRO,Molho,2.5,Mercado Central,MERCADO-CENTRAL-2025-E-27-DE-MAIO.pdf
2026-05-25,2026,5,Maio,25,"05 Mai (20,25,27)",Origem vegetal,COUVE,Molho,2.0,Mercado Central,MERCADO-CENTRAL-2025-E-27-DE-MAIO.pdf
2026-05-25,2026,5,Maio,25,"05 Mai (20,25,27)",Origem vegetal,COUVE-FLOR,Kg,14.0,Mercado Central,MERCADO-CENTRAL-2025-E-27-DE-MAIO.pdf
2026-05-25,2026,5,Maio,25,"05 Mai (20,25,27)",Origem vegetal,FARINHA DE MANDIOCA,Kg,6.0,Mercado Central,MERCADO-CENTRAL-2025-E-27-DE-MAIO.pdf
2026-05-25,2026,5,Maio,25,"05 Mai (20,25,27)",Origem vegetal,FEIJAO CARIOQUINHA,Kg,8.0,Mercado Central,MERCADO-CENTRAL-2025-E-27-DE-MAIO.pdf
2026-05-25,2026,5,Maio,25,"05 Mai (20,25,27)",Origem vegetal,GOIABA VERMELHA,Kg,3.0,Mercado Central,MERCADO-CENTRAL-2025-E-27-DE-MAIO.pdf
2026-05-25,2026,5,Maio,25,"05 Mai (20,25,27)",Origem vegetal,INHAME DA COSTA,Kg,10.0,Mercado Central,MERCADO-CENTRAL-2025-E-27-DE-MAIO.pdf
2026-05-25,2026,5,Maio,25,"05 Mai (20,25,27)",Origem vegetal,LARANJA PERA,Uma,0.7,Mercado Central,MERCADO-CENTRAL-2025-E-27-DE-MAIO.pdf
2026-05-25,2026,5,Maio,25,"05 Mai (20,25,27)",Origem vegetal,LIMAO TAITI,Kg,4.0,Mercado Central,MERCADO-CENTRAL-2025-E-27-DE-MAIO.pdf
2026-05-25,2026,5,Maio,25,"05 Mai (20,25,27)",Origem vegetal,MACA NACIONAL,Kg,10.0,Mercado Central,MERCADO-CENTRAL-2025-E-27-DE-MAIO.pdf
2026-05-25,2026,5,Maio,25,"05 Mai (20,25,27)",Origem vegetal,MACAXEIRA (AIPIM),Kg,3.0,Mercado Central,MERCADO-CENTRAL-2025-E-27-DE-MAIO.pdf
2026-05-25,2026,5,Maio,25,"05 Mai (20,25,27)",Origem vegetal,MAMAO FORMOSA,Kg,3.0,Mercado Central,MERCADO-CENTRAL-2025-E-27-DE-MAIO.pdf
2026-05-25,2026,5,Maio,25,"05 Mai (20,25,27)",Origem vegetal,MAMAO HAWAY,Kg,4.0,Mercado Central,MERCADO-CENTRAL-2025-E-27-DE-MAIO.pdf
2026-05-25,2026,5,Maio,25,"05 Mai (20,25,27)",Origem vegetal,MANGA TOMMY,Kg,6.0,Mercado Central,MERCADO-CENTRAL-2025-E-27-DE-MAIO.pdf
2026-05-25,2026,5,Maio,25,"05 Mai (20,25,27)",Origem vegetal,MARACUJA,Kg,7.0,Mercado Central,MERCADO-CENTRAL-2025-E-27-DE-MAIO.pdf
2026-05-25,2026,5,Maio,25,"05 Mai (20,25,27)",Origem vegetal,MAXIXE,Kg,7.0,Mercado Central,MERCADO-CENTRAL-2025-E-27-DE-MAIO.pdf
2026-05-25,2026,5,Maio,25,"05 Mai (20,25,27)",Origem vegetal,MELANCIA,Kg,1.5,Mercado Central,MERCADO-CENTRAL-2025-E-27-DE-MAIO.pdf
2026-05-25,2026,5,Maio,25,"05 Mai (20,25,27)",Origem vegetal,MELAO ESPANHOL,Kg,4.0,Mercado Central,MERCADO-CENTRAL-2025-E-27-DE-MAIO.pdf
2026-05-25,2026,5,Maio,25,"05 Mai (20,25,27)",Origem vegetal,MILHO EM GRAO,Kg,2.0,Mercado Central,MERCADO-CENTRAL-2025-E-27-DE-MAIO.pdf
2026-05-25,2026,5,Maio,25,"05 Mai (20,25,27)",Origem vegetal,MILHO VERDE,Espiga,1.5,Mercado Central,MERCADO-CENTRAL-2025-E-27-DE-MAIO.pdf
2026-05-25,2026,5,Maio,25,"05 Mai (20,25,27)",Origem vegetal,MORANGO,"Cx 0,3Kg",10.0,Mercado Central,MERCADO-CENTRAL-2025-E-27-DE-MAIO.pdf
2026-05-25,2026,5,Maio,25,"05 Mai (20,25,27)",Origem vegetal,PIMENTAO VERDE,Um,2.0,Mercado Central,MERCADO-CENTRAL-2025-E-27-DE-MAIO.pdf
2026-05-25,2026,5,Maio,25,"05 Mai (20,25,27)",Origem vegetal,QUIABO,Cento,20.0,Mercado Central,MERCADO-CENTRAL-2025-E-27-DE-MAIO.pdf
2026-05-25,2026,5,Maio,25,"05 Mai (20,25,27)",Origem vegetal,REPOLHO VERDE,Kg,5.0,Mercado Central,MERCADO-CENTRAL-2025-E-27-DE-MAIO.pdf
2026-05-25,2026,5,Maio,25,"05 Mai (20,25,27)",Origem vegetal,TOMATE,Kg,7.0,Mercado Central,MERCADO-CENTRAL-2025-E-27-DE-MAIO.pdf
2026-05-25,2026,5,Maio,25,"05 Mai (20,25,27)",Origem vegetal,UVA SEM SEMENTE,Kg,14.0,Mercado Central,MERCADO-CENTRAL-2025-E-27-DE-MAIO.pdf
2026-05-25,2026,5,Maio,25,"05 Mai (20,25,27)",Origem vegetal,VAGEM,Kg,18.0,Mercado Central,MERCADO-CENTRAL-2025-E-27-DE-MAIO.pdf
2026-05-27,2026,5,Maio,27,"05 Mai (20,25,27)",Origem animal,ACEM C/ OSSO,Kg,26.0,Mercado Central,MERCADO-CENTRAL-2025-E-27-DE-MAIO.pdf
2026-05-27,2026,5,Maio,27,"05 Mai (20,25,27)",Origem animal,ACEM S/ OSSO,Kg,35.0,Mercado Central,MERCADO-CENTRAL-2025-E-27-DE-MAIO.pdf
2026-05-27,2026,5,Maio,27,"05 Mai (20,25,27)",Origem animal,ALCATRA,Kg,44.0,Mercado Central,MERCADO-CENTRAL-2025-E-27-DE-MAIO.pdf
2026-05-27,2026,5,Maio,27,"05 Mai (20,25,27)",Origem animal,CARNE SUINA TRASEIRA,Kg,23.0,Mercado Central,MERCADO-CENTRAL-2025-E-27-DE-MAIO.pdf
2026-05-27,2026,5,Maio,27,"05 Mai (20,25,27)",Origem animal,CHA DE DENTRO (COXAO MOLE),Kg,44.0,Mercado Central,MERCADO-CENTRAL-2025-E-27-DE-MAIO.pdf
2026-05-27,2026,5,Maio,27,"05 Mai (20,25,27)",Origem animal,CHA DE FORA (COXAO DURO),Kg,39.0,Mercado Central,MERCADO-CENTRAL-2025-E-27-DE-MAIO.pdf
2026-05-27,2026,5,Maio,27,"05 Mai (20,25,27)",Origem animal,CONTRA FILE,Kg,45.0,Mercado Central,MERCADO-CENTRAL-2025-E-27-DE-MAIO.pdf
2026-05-27,2026,5,Maio,27,"05 Mai (20,25,27)",Origem animal,COSTELA,Kg,22.0,Mercado Central,MERCADO-CENTRAL-2025-E-27-DE-MAIO.pdf
2026-05-27,2026,5,Maio,27,"05 Mai (20,25,27)",Origem animal,FILE MIGNION,Kg,55.0,Mercado Central,MERCADO-CENTRAL-2025-E-27-DE-MAIO.pdf
2026-05-27,2026,5,Maio,27,"05 Mai (20,25,27)",Origem animal,FRANGO DE GRANJA,Kg,16.0,Mercado Central,MERCADO-CENTRAL-2025-E-27-DE-MAIO.pdf
2026-05-27,2026,5,Maio,27,"05 Mai (20,25,27)",Origem animal,MANTEIGA,Kg,38.0,Mercado Central,MERCADO-CENTRAL-2025-E-27-DE-MAIO.pdf
2026-05-27,2026,5,Maio,27,"05 Mai (20,25,27)",Origem animal,MUSCULO,Kg,27.0,Mercado Central,MERCADO-CENTRAL-2025-E-27-DE-MAIO.pdf
2026-05-27,2026,5,Maio,27,"05 Mai (20,25,27)",Origem animal,OVO BRANCO GRANDE,Dz,8.0,Mercado Central,MERCADO-CENTRAL-2025-E-27-DE-MAIO.pdf
2026-05-27,2026,5,Maio,27,"05 Mai (20,25,27)",Origem animal,OVO VERMELHO GRANDE,Dz,9.0,Mercado Central,MERCADO-CENTRAL-2025-E-27-DE-MAIO.pdf
2026-05-27,2026,5,Maio,27,"05 Mai (20,25,27)",Origem animal,PALETA C/ OSSO,Kg,25.0,Mercado Central,MERCADO-CENTRAL-2025-E-27-DE-MAIO.pdf
2026-05-27,2026,5,Maio,27,"05 Mai (20,25,27)",Origem animal,PATINHO,Kg,38.0,Mercado Central,MERCADO-CENTRAL-2025-E-27-DE-MAIO.pdf
2026-05-27,2026,5,Maio,27,"05 Mai (20,25,27)",Origem animal,PEITO C/ OSSO,Kg,25.0,Mercado Central,MERCADO-CENTRAL-2025-E-27-DE-MAIO.pdf
2026-05-27,2026,5,Maio,27,"05 Mai (20,25,27)",Origem animal,QUEIJO COALHO,Kg,28.0,Mercado Central,MERCADO-CENTRAL-2025-E-27-DE-MAIO.pdf
2026-05-27,2026,5,Maio,27,"05 Mai (20,25,27)",Origem vegetal,ABACAXI GRANDE,Um,7.0,Mercado Central,MERCADO-CENTRAL-2025-E-27-DE-MAIO.pdf
2026-05-27,2026,5,Maio,27,"05 Mai (20,25,27)",Origem vegetal,ABOBORA,Kg,5.0,Mercado Central,MERCADO-CENTRAL-2025-E-27-DE-MAIO.pdf
2026-05-27,2026,5,Maio,27,"05 Mai (20,25,27)",Origem vegetal,ABOBRINHA,Kg,4.0,Mercado Central,MERCADO-CENTRAL-2025-E-27-DE-MAIO.pdf
2026-05-27,2026,5,Maio,27,"05 Mai (20,25,27)",Origem vegetal,ACEROLA,Kg,7.0,Mercado Central,MERCADO-CENTRAL-2025-E-27-DE-MAIO.pdf
2026-05-27,2026,5,Maio,27,"05 Mai (20,25,27)",Origem vegetal,ALFACE,Pe,2.0,Mercado Central,MERCADO-CENTRAL-2025-E-27-DE-MAIO.pdf
2026-05-27,2026,5,Maio,27,"05 Mai (20,25,27)",Origem vegetal,ALHO,Cab.,2.5,Mercado Central,MERCADO-CENTRAL-2025-E-27-DE-MAIO.pdf
2026-05-27,2026,5,Maio,27,"05 Mai (20,25,27)",Origem vegetal,AMENDOIM C/CASCA COZIDO,Lata,10.0,Mercado Central,MERCADO-CENTRAL-2025-E-27-DE-MAIO.pdf
2026-05-27,2026,5,Maio,27,"05 Mai (20,25,27)",Origem vegetal,ARROZ AGULHA T 1,Kg,6.0,Mercado Central,MERCADO-CENTRAL-2025-E-27-DE-MAIO.pdf
2026-05-27,2026,5,Maio,27,"05 Mai (20,25,27)",Origem vegetal,BANANA PRATA,Dz,5.0,Mercado Central,MERCADO-CENTRAL-2025-E-27-DE-MAIO.pdf
2026-05-27,2026,5,Maio,27,"05 Mai (20,25,27)",Origem vegetal,BATATA DOCE,Kg,6.0,Mercado Central,MERCADO-CENTRAL-2025-E-27-DE-MAIO.pdf
2026-05-27,2026,5,Maio,27,"05 Mai (20,25,27)",Origem vegetal,BATATA LISA,Kg,9.0,Mercado Central,MERCADO-CENTRAL-2025-E-27-DE-MAIO.pdf
2026-05-27,2026,5,Maio,27,"05 Mai (20,25,27)",Origem vegetal,BETERRABA,Kg,7.0,Mercado Central,MERCADO-CENTRAL-2025-E-27-DE-MAIO.pdf
2026-05-27,2026,5,Maio,27,"05 Mai (20,25,27)",Origem vegetal,CAJU,Um,1.0,Mercado Central,MERCADO-CENTRAL-2025-E-27-DE-MAIO.pdf
2026-05-27,2026,5,Maio,27,"05 Mai (20,25,27)",Origem vegetal,CEBOLA BRANCA,Kg,6.0,Mercado Central,MERCADO-CENTRAL-2025-E-27-DE-MAIO.pdf
2026-05-27,2026,5,Maio,27,"05 Mai (20,25,27)",Origem vegetal,CEBOLA ROXA,Kg,7.0,Mercado Central,MERCADO-CENTRAL-2025-E-27-DE-MAIO.pdf
2026-05-27,2026,5,Maio,27,"05 Mai (20,25,27)",Origem vegetal,CEBOLINHA,Molho,2.0,Mercado Central,MERCADO-CENTRAL-2025-E-27-DE-MAIO.pdf
2026-05-27,2026,5,Maio,27,"05 Mai (20,25,27)",Origem vegetal,CENOURA,Kg,6.0,Mercado Central,MERCADO-CENTRAL-2025-E-27-DE-MAIO.pdf
2026-05-27,2026,5,Maio,27,"05 Mai (20,25,27)",Origem vegetal,CHUCHU,Um,2.0,Mercado Central,MERCADO-CENTRAL-2025-E-27-DE-MAIO.pdf
2026-05-27,2026,5,Maio,27,"05 Mai (20,25,27)",Origem vegetal,COCO SECO,Um,6.0,Mercado Central,MERCADO-CENTRAL-2025-E-27-DE-MAIO.pdf
2026-05-27,2026,5,Maio,27,"05 Mai (20,25,27)",Origem vegetal,COCO VERDE,Um,5.0,Mercado Central,MERCADO-CENTRAL-2025-E-27-DE-MAIO.pdf
2026-05-27,2026,5,Maio,27,"05 Mai (20,25,27)",Origem vegetal,COENTRO,Molho,2.5,Mercado Central,MERCADO-CENTRAL-2025-E-27-DE-MAIO.pdf
2026-05-27,2026,5,Maio,27,"05 Mai (20,25,27)",Origem vegetal,COUVE,Molho,2.0,Mercado Central,MERCADO-CENTRAL-2025-E-27-DE-MAIO.pdf
2026-05-27,2026,5,Maio,27,"05 Mai (20,25,27)",Origem vegetal,COUVE-FLOR,Kg,14.0,Mercado Central,MERCADO-CENTRAL-2025-E-27-DE-MAIO.pdf
2026-05-27,2026,5,Maio,27,"05 Mai (20,25,27)",Origem vegetal,FARINHA DE MANDIOCA,Kg,6.0,Mercado Central,MERCADO-CENTRAL-2025-E-27-DE-MAIO.pdf
2026-05-27,2026,5,Maio,27,"05 Mai (20,25,27)",Origem vegetal,FEIJAO CARIOQUINHA,Kg,8.0,Mercado Central,MERCADO-CENTRAL-2025-E-27-DE-MAIO.pdf
2026-05-27,2026,5,Maio,27,"05 Mai (20,25,27)",Origem vegetal,GOIABA VERMELHA,Kg,3.0,Mercado Central,MERCADO-CENTRAL-2025-E-27-DE-MAIO.pdf
2026-05-27,2026,5,Maio,27,"05 Mai (20,25,27)",Origem vegetal,INHAME DA COSTA,Kg,10.0,Mercado Central,MERCADO-CENTRAL-2025-E-27-DE-MAIO.pdf
2026-05-27,2026,5,Maio,27,"05 Mai (20,25,27)",Origem vegetal,LARANJA PERA,Uma,0.7,Mercado Central,MERCADO-CENTRAL-2025-E-27-DE-MAIO.pdf
2026-05-27,2026,5,Maio,27,"05 Mai (20,25,27)",Origem vegetal,LIMAO TAITI,Kg,4.0,Mercado Central,MERCADO-CENTRAL-2025-E-27-DE-MAIO.pdf
2026-05-27,2026,5,Maio,27,"05 Mai (20,25,27)",Origem vegetal,MACA NACIONAL,Kg,10.0,Mercado Central,MERCADO-CENTRAL-2025-E-27-DE-MAIO.pdf
2026-05-27,2026,5,Maio,27,"05 Mai (20,25,27)",Origem vegetal,MACAXEIRA (AIPIM),Kg,3.0,Mercado Central,MERCADO-CENTRAL-2025-E-27-DE-MAIO.pdf
2026-05-27,2026,5,Maio,27,"05 Mai (20,25,27)",Origem vegetal,MAMAO FORMOSA,Kg,3.0,Mercado Central,MERCADO-CENTRAL-2025-E-27-DE-MAIO.pdf
2026-05-27,2026,5,Maio,27,"05 Mai (20,25,27)",Origem vegetal,MAMAO HAWAY,Kg,4.0,Mercado Central,MERCADO-CENTRAL-2025-E-27-DE-MAIO.pdf
2026-05-27,2026,5,Maio,27,"05 Mai (20,25,27)",Origem vegetal,MANGA TOMMY,Kg,6.0,Mercado Central,MERCADO-CENTRAL-2025-E-27-DE-MAIO.pdf
2026-05-27,2026,5,Maio,27,"05 Mai (20,25,27)",Origem vegetal,MARACUJA,Kg,7.0,Mercado Central,MERCADO-CENTRAL-2025-E-27-DE-MAIO.pdf
2026-05-27,2026,5,Maio,27,"05 Mai (20,25,27)",Origem vegetal,MAXIXE,Kg,7.0,Mercado Central,MERCADO-CENTRAL-2025-E-27-DE-MAIO.pdf
2026-05-27,2026,5,Maio,27,"05 Mai (20,25,27)",Origem vegetal,MELANCIA,Kg,1.5,Mercado Central,MERCADO-CENTRAL-2025-E-27-DE-MAIO.pdf
2026-05-27,2026,5,Maio,27,"05 Mai (20,25,27)",Origem vegetal,MELAO ESPANHOL,Kg,4.0,Mercado Central,MERCADO-CENTRAL-2025-E-27-DE-MAIO.pdf
2026-05-27,2026,5,Maio,27,"05 Mai (20,25,27)",Origem vegetal,MILHO EM GRAO,Kg,2.0,Mercado Central,MERCADO-CENTRAL-2025-E-27-DE-MAIO.pdf
2026-05-27,2026,5,Maio,27,"05 Mai (20,25,27)",Origem vegetal,MILHO VERDE,Espiga,1.5,Mercado Central,MERCADO-CENTRAL-2025-E-27-DE-MAIO.pdf
2026-05-27,2026,5,Maio,27,"05 Mai (20,25,27)",Origem vegetal,MORANGO,"Cx 0,3Kg",10.0,Mercado Central,MERCADO-CENTRAL-2025-E-27-DE-MAIO.pdf
2026-05-27,2026,5,Maio,27,"05 Mai (20,25,27)",Origem vegetal,PIMENTAO VERDE,Um,2.0,Mercado Central,MERCADO-CENTRAL-2025-E-27-DE-MAIO.pdf
2026-05-27,2026,5,Maio,27,"05 Mai (20,25,27)",Origem vegetal,QUIABO,Cento,20.0,Mercado Central,MERCADO-CENTRAL-2025-E-27-DE-MAIO.pdf
2026-05-27,2026,5,Maio,27,"05 Mai (20,25,27)",Origem vegetal,REPOLHO VERDE,Kg,5.0,Mercado Central,MERCADO-CENTRAL-2025-E-27-DE-MAIO.pdf
2026-05-27,2026,5,Maio,27,"05 Mai (20,25,27)",Origem vegetal,TOMATE,Kg,7.0,Mercado Central,MERCADO-CENTRAL-2025-E-27-DE-MAIO.pdf
2026-05-27,2026,5,Maio,27,"05 Mai (20,25,27)",Origem vegetal,UVA SEM SEMENTE,Kg,14.0,Mercado Central,MERCADO-CENTRAL-2025-E-27-DE-MAIO.pdf
2026-05-27,2026,5,Maio,27,"05 Mai (20,25,27)",Origem vegetal,VAGEM,Kg,18.0,Mercado Central,MERCADO-CENTRAL-2025-E-27-DE-MAIO.pdf
2026-06-01,2026,6,Junho,1,"06 Jun (1,3,8,10)",Origem animal,ACEM C/ OSSO,Kg,26.0,Mercado Central,PLANILHAS-ATACADO-MERCADO-CENTRAL-JUNHO-13-8-E-10.pdf
2026-06-01,2026,6,Junho,1,"06 Jun (1,3,8,10)",Origem animal,ACEM S/ OSSO,Kg,35.0,Mercado Central,PLANILHAS-ATACADO-MERCADO-CENTRAL-JUNHO-13-8-E-10.pdf
2026-06-01,2026,6,Junho,1,"06 Jun (1,3,8,10)",Origem animal,ALCATRA,Kg,44.0,Mercado Central,PLANILHAS-ATACADO-MERCADO-CENTRAL-JUNHO-13-8-E-10.pdf
2026-06-01,2026,6,Junho,1,"06 Jun (1,3,8,10)",Origem animal,CARNE SUINA TRASEIRA,Kg,23.0,Mercado Central,PLANILHAS-ATACADO-MERCADO-CENTRAL-JUNHO-13-8-E-10.pdf
2026-06-01,2026,6,Junho,1,"06 Jun (1,3,8,10)",Origem animal,CHA DE DENTRO (COXAO MOLE),Kg,44.0,Mercado Central,PLANILHAS-ATACADO-MERCADO-CENTRAL-JUNHO-13-8-E-10.pdf
2026-06-01,2026,6,Junho,1,"06 Jun (1,3,8,10)",Origem animal,CHA DE FORA (COXAO DURO),Kg,39.0,Mercado Central,PLANILHAS-ATACADO-MERCADO-CENTRAL-JUNHO-13-8-E-10.pdf
2026-06-01,2026,6,Junho,1,"06 Jun (1,3,8,10)",Origem animal,CONTRA FILE,Kg,45.0,Mercado Central,PLANILHAS-ATACADO-MERCADO-CENTRAL-JUNHO-13-8-E-10.pdf
2026-06-01,2026,6,Junho,1,"06 Jun (1,3,8,10)",Origem animal,COSTELA,Kg,22.0,Mercado Central,PLANILHAS-ATACADO-MERCADO-CENTRAL-JUNHO-13-8-E-10.pdf
2026-06-01,2026,6,Junho,1,"06 Jun (1,3,8,10)",Origem animal,FILE MIGNION,Kg,55.0,Mercado Central,PLANILHAS-ATACADO-MERCADO-CENTRAL-JUNHO-13-8-E-10.pdf
2026-06-01,2026,6,Junho,1,"06 Jun (1,3,8,10)",Origem animal,FRANGO DE GRANJA,Kg,16.0,Mercado Central,PLANILHAS-ATACADO-MERCADO-CENTRAL-JUNHO-13-8-E-10.pdf
2026-06-01,2026,6,Junho,1,"06 Jun (1,3,8,10)",Origem animal,MANTEIGA,Kg,38.0,Mercado Central,PLANILHAS-ATACADO-MERCADO-CENTRAL-JUNHO-13-8-E-10.pdf
2026-06-01,2026,6,Junho,1,"06 Jun (1,3,8,10)",Origem animal,MUSCULO,Kg,27.0,Mercado Central,PLANILHAS-ATACADO-MERCADO-CENTRAL-JUNHO-13-8-E-10.pdf
2026-06-01,2026,6,Junho,1,"06 Jun (1,3,8,10)",Origem animal,OVO BRANCO GRANDE,Dz,8.0,Mercado Central,PLANILHAS-ATACADO-MERCADO-CENTRAL-JUNHO-13-8-E-10.pdf
2026-06-01,2026,6,Junho,1,"06 Jun (1,3,8,10)",Origem animal,OVO VERMELHO GRANDE,Dz,9.0,Mercado Central,PLANILHAS-ATACADO-MERCADO-CENTRAL-JUNHO-13-8-E-10.pdf
2026-06-01,2026,6,Junho,1,"06 Jun (1,3,8,10)",Origem animal,PALETA C/ OSSO,Kg,25.0,Mercado Central,PLANILHAS-ATACADO-MERCADO-CENTRAL-JUNHO-13-8-E-10.pdf
2026-06-01,2026,6,Junho,1,"06 Jun (1,3,8,10)",Origem animal,PATINHO,Kg,38.0,Mercado Central,PLANILHAS-ATACADO-MERCADO-CENTRAL-JUNHO-13-8-E-10.pdf
2026-06-01,2026,6,Junho,1,"06 Jun (1,3,8,10)",Origem animal,PEITO C/ OSSO,Kg,25.0,Mercado Central,PLANILHAS-ATACADO-MERCADO-CENTRAL-JUNHO-13-8-E-10.pdf
2026-06-01,2026,6,Junho,1,"06 Jun (1,3,8,10)",Origem animal,QUEIJO COALHO,Kg,28.0,Mercado Central,PLANILHAS-ATACADO-MERCADO-CENTRAL-JUNHO-13-8-E-10.pdf
2026-06-01,2026,6,Junho,1,"06 Jun (1,3,8,10)",Origem vegetal,ABACAXI GRANDE,Um,7.0,Mercado Central,PLANILHAS-ATACADO-MERCADO-CENTRAL-JUNHO-13-8-E-10.pdf
2026-06-01,2026,6,Junho,1,"06 Jun (1,3,8,10)",Origem vegetal,ABOBORA,Kg,5.0,Mercado Central,PLANILHAS-ATACADO-MERCADO-CENTRAL-JUNHO-13-8-E-10.pdf
2026-06-01,2026,6,Junho,1,"06 Jun (1,3,8,10)",Origem vegetal,ABOBRINHA,Kg,4.0,Mercado Central,PLANILHAS-ATACADO-MERCADO-CENTRAL-JUNHO-13-8-E-10.pdf
2026-06-01,2026,6,Junho,1,"06 Jun (1,3,8,10)",Origem vegetal,ACEROLA,Kg,7.0,Mercado Central,PLANILHAS-ATACADO-MERCADO-CENTRAL-JUNHO-13-8-E-10.pdf
2026-06-01,2026,6,Junho,1,"06 Jun (1,3,8,10)",Origem vegetal,ALFACE,Pe,2.0,Mercado Central,PLANILHAS-ATACADO-MERCADO-CENTRAL-JUNHO-13-8-E-10.pdf
2026-06-01,2026,6,Junho,1,"06 Jun (1,3,8,10)",Origem vegetal,ALHO,Cab.,2.5,Mercado Central,PLANILHAS-ATACADO-MERCADO-CENTRAL-JUNHO-13-8-E-10.pdf
2026-06-01,2026,6,Junho,1,"06 Jun (1,3,8,10)",Origem vegetal,AMENDOIM C/CASCA COZIDO,Kg,10.0,Mercado Central,PLANILHAS-ATACADO-MERCADO-CENTRAL-JUNHO-13-8-E-10.pdf
2026-06-01,2026,6,Junho,1,"06 Jun (1,3,8,10)",Origem vegetal,ARROZ AGULHA T 1,Kg,6.0,Mercado Central,PLANILHAS-ATACADO-MERCADO-CENTRAL-JUNHO-13-8-E-10.pdf
2026-06-01,2026,6,Junho,1,"06 Jun (1,3,8,10)",Origem vegetal,BANANA PRATA,Dz,5.0,Mercado Central,PLANILHAS-ATACADO-MERCADO-CENTRAL-JUNHO-13-8-E-10.pdf
2026-06-01,2026,6,Junho,1,"06 Jun (1,3,8,10)",Origem vegetal,BATATA DOCE,Kg,6.0,Mercado Central,PLANILHAS-ATACADO-MERCADO-CENTRAL-JUNHO-13-8-E-10.pdf
2026-06-01,2026,6,Junho,1,"06 Jun (1,3,8,10)",Origem vegetal,BATATA LISA,Kg,9.0,Mercado Central,PLANILHAS-ATACADO-MERCADO-CENTRAL-JUNHO-13-8-E-10.pdf
2026-06-01,2026,6,Junho,1,"06 Jun (1,3,8,10)",Origem vegetal,BETERRABA,Kg,7.0,Mercado Central,PLANILHAS-ATACADO-MERCADO-CENTRAL-JUNHO-13-8-E-10.pdf
2026-06-01,2026,6,Junho,1,"06 Jun (1,3,8,10)",Origem vegetal,CAJU,Um,1.0,Mercado Central,PLANILHAS-ATACADO-MERCADO-CENTRAL-JUNHO-13-8-E-10.pdf
2026-06-01,2026,6,Junho,1,"06 Jun (1,3,8,10)",Origem vegetal,CEBOLA BRANCA,Kg,6.0,Mercado Central,PLANILHAS-ATACADO-MERCADO-CENTRAL-JUNHO-13-8-E-10.pdf
2026-06-01,2026,6,Junho,1,"06 Jun (1,3,8,10)",Origem vegetal,CEBOLA ROXA,Kg,7.0,Mercado Central,PLANILHAS-ATACADO-MERCADO-CENTRAL-JUNHO-13-8-E-10.pdf
2026-06-01,2026,6,Junho,1,"06 Jun (1,3,8,10)",Origem vegetal,CEBOLINHA,Molho,2.0,Mercado Central,PLANILHAS-ATACADO-MERCADO-CENTRAL-JUNHO-13-8-E-10.pdf
2026-06-01,2026,6,Junho,1,"06 Jun (1,3,8,10)",Origem vegetal,CENOURA,Kg,6.0,Mercado Central,PLANILHAS-ATACADO-MERCADO-CENTRAL-JUNHO-13-8-E-10.pdf
2026-06-01,2026,6,Junho,1,"06 Jun (1,3,8,10)",Origem vegetal,CHUCHU,Um,2.0,Mercado Central,PLANILHAS-ATACADO-MERCADO-CENTRAL-JUNHO-13-8-E-10.pdf
2026-06-01,2026,6,Junho,1,"06 Jun (1,3,8,10)",Origem vegetal,COCO SECO,Um,6.0,Mercado Central,PLANILHAS-ATACADO-MERCADO-CENTRAL-JUNHO-13-8-E-10.pdf
2026-06-01,2026,6,Junho,1,"06 Jun (1,3,8,10)",Origem vegetal,COCO VERDE,Um,5.0,Mercado Central,PLANILHAS-ATACADO-MERCADO-CENTRAL-JUNHO-13-8-E-10.pdf
2026-06-01,2026,6,Junho,1,"06 Jun (1,3,8,10)",Origem vegetal,COENTRO,Molho,2.5,Mercado Central,PLANILHAS-ATACADO-MERCADO-CENTRAL-JUNHO-13-8-E-10.pdf
2026-06-01,2026,6,Junho,1,"06 Jun (1,3,8,10)",Origem vegetal,COUVE,Molho,2.0,Mercado Central,PLANILHAS-ATACADO-MERCADO-CENTRAL-JUNHO-13-8-E-10.pdf
2026-06-01,2026,6,Junho,1,"06 Jun (1,3,8,10)",Origem vegetal,COUVE-FLOR,Kg,14.0,Mercado Central,PLANILHAS-ATACADO-MERCADO-CENTRAL-JUNHO-13-8-E-10.pdf
2026-06-01,2026,6,Junho,1,"06 Jun (1,3,8,10)",Origem vegetal,FARINHA DE MANDIOCA,Kg,6.0,Mercado Central,PLANILHAS-ATACADO-MERCADO-CENTRAL-JUNHO-13-8-E-10.pdf
2026-06-01,2026,6,Junho,1,"06 Jun (1,3,8,10)",Origem vegetal,FEIJAO CARIOQUINHA,Kg,8.0,Mercado Central,PLANILHAS-ATACADO-MERCADO-CENTRAL-JUNHO-13-8-E-10.pdf
2026-06-01,2026,6,Junho,1,"06 Jun (1,3,8,10)",Origem vegetal,GOIABA VERMELHA,Kg,3.0,Mercado Central,PLANILHAS-ATACADO-MERCADO-CENTRAL-JUNHO-13-8-E-10.pdf
2026-06-01,2026,6,Junho,1,"06 Jun (1,3,8,10)",Origem vegetal,INHAME DA COSTA,Kg,10.0,Mercado Central,PLANILHAS-ATACADO-MERCADO-CENTRAL-JUNHO-13-8-E-10.pdf
2026-06-01,2026,6,Junho,1,"06 Jun (1,3,8,10)",Origem vegetal,LARANJA PERA,Uma,0.7,Mercado Central,PLANILHAS-ATACADO-MERCADO-CENTRAL-JUNHO-13-8-E-10.pdf
2026-06-01,2026,6,Junho,1,"06 Jun (1,3,8,10)",Origem vegetal,LIMAO TAITI,Kg,4.0,Mercado Central,PLANILHAS-ATACADO-MERCADO-CENTRAL-JUNHO-13-8-E-10.pdf
2026-06-01,2026,6,Junho,1,"06 Jun (1,3,8,10)",Origem vegetal,MACA NACIONAL,Kg,10.0,Mercado Central,PLANILHAS-ATACADO-MERCADO-CENTRAL-JUNHO-13-8-E-10.pdf
2026-06-01,2026,6,Junho,1,"06 Jun (1,3,8,10)",Origem vegetal,MACAXEIRA (AIPIM),Kg,3.0,Mercado Central,PLANILHAS-ATACADO-MERCADO-CENTRAL-JUNHO-13-8-E-10.pdf
2026-06-01,2026,6,Junho,1,"06 Jun (1,3,8,10)",Origem vegetal,MAMAO FORMOSA,Kg,3.0,Mercado Central,PLANILHAS-ATACADO-MERCADO-CENTRAL-JUNHO-13-8-E-10.pdf
2026-06-01,2026,6,Junho,1,"06 Jun (1,3,8,10)",Origem vegetal,MAMAO HAWAY,Kg,4.0,Mercado Central,PLANILHAS-ATACADO-MERCADO-CENTRAL-JUNHO-13-8-E-10.pdf
2026-06-01,2026,6,Junho,1,"06 Jun (1,3,8,10)",Origem vegetal,MANGA TOMMY,Kg,6.0,Mercado Central,PLANILHAS-ATACADO-MERCADO-CENTRAL-JUNHO-13-8-E-10.pdf
2026-06-01,2026,6,Junho,1,"06 Jun (1,3,8,10)",Origem vegetal,MARACUJA,Kg,7.0,Mercado Central,PLANILHAS-ATACADO-MERCADO-CENTRAL-JUNHO-13-8-E-10.pdf
2026-06-01,2026,6,Junho,1,"06 Jun (1,3,8,10)",Origem vegetal,MAXIXE,Kg,7.0,Mercado Central,PLANILHAS-ATACADO-MERCADO-CENTRAL-JUNHO-13-8-E-10.pdf
2026-06-01,2026,6,Junho,1,"06 Jun (1,3,8,10)",Origem vegetal,MELANCIA,Kg,1.5,Mercado Central,PLANILHAS-ATACADO-MERCADO-CENTRAL-JUNHO-13-8-E-10.pdf
2026-06-01,2026,6,Junho,1,"06 Jun (1,3,8,10)",Origem vegetal,MELAO ESPANHOL,Um,4.0,Mercado Central,PLANILHAS-ATACADO-MERCADO-CENTRAL-JUNHO-13-8-E-10.pdf
2026-06-01,2026,6,Junho,1,"06 Jun (1,3,8,10)",Origem vegetal,MILHO EM GRAO,Kg,2.0,Mercado Central,PLANILHAS-ATACADO-MERCADO-CENTRAL-JUNHO-13-8-E-10.pdf
2026-06-01,2026,6,Junho,1,"06 Jun (1,3,8,10)",Origem vegetal,MILHO VERDE,Espiga,1.5,Mercado Central,PLANILHAS-ATACADO-MERCADO-CENTRAL-JUNHO-13-8-E-10.pdf
2026-06-01,2026,6,Junho,1,"06 Jun (1,3,8,10)",Origem vegetal,MORANGO,"Cx 0,3Kg",10.0,Mercado Central,PLANILHAS-ATACADO-MERCADO-CENTRAL-JUNHO-13-8-E-10.pdf
2026-06-01,2026,6,Junho,1,"06 Jun (1,3,8,10)",Origem vegetal,PIMENTAO VERDE,Kg,2.0,Mercado Central,PLANILHAS-ATACADO-MERCADO-CENTRAL-JUNHO-13-8-E-10.pdf
2026-06-01,2026,6,Junho,1,"06 Jun (1,3,8,10)",Origem vegetal,QUIABO,Cento,20.0,Mercado Central,PLANILHAS-ATACADO-MERCADO-CENTRAL-JUNHO-13-8-E-10.pdf
2026-06-01,2026,6,Junho,1,"06 Jun (1,3,8,10)",Origem vegetal,REPOLHO VERDE,Kg,5.0,Mercado Central,PLANILHAS-ATACADO-MERCADO-CENTRAL-JUNHO-13-8-E-10.pdf
2026-06-01,2026,6,Junho,1,"06 Jun (1,3,8,10)",Origem vegetal,TOMATE,Kg,7.0,Mercado Central,PLANILHAS-ATACADO-MERCADO-CENTRAL-JUNHO-13-8-E-10.pdf
2026-06-01,2026,6,Junho,1,"06 Jun (1,3,8,10)",Origem vegetal,UVA SEM SEMENTE,Kg,14.0,Mercado Central,PLANILHAS-ATACADO-MERCADO-CENTRAL-JUNHO-13-8-E-10.pdf
2026-06-01,2026,6,Junho,1,"06 Jun (1,3,8,10)",Origem vegetal,VAGEM,Kg,25.0,Mercado Central,PLANILHAS-ATACADO-MERCADO-CENTRAL-JUNHO-13-8-E-10.pdf
2026-06-03,2026,6,Junho,3,"06 Jun (1,3,8,10)",Origem animal,ACEM C/ OSSO,Kg,26.0,Mercado Central,PLANILHAS-ATACADO-MERCADO-CENTRAL-JUNHO-13-8-E-10.pdf
2026-06-03,2026,6,Junho,3,"06 Jun (1,3,8,10)",Origem animal,ACEM S/ OSSO,Kg,35.0,Mercado Central,PLANILHAS-ATACADO-MERCADO-CENTRAL-JUNHO-13-8-E-10.pdf
2026-06-03,2026,6,Junho,3,"06 Jun (1,3,8,10)",Origem animal,ALCATRA,Kg,44.0,Mercado Central,PLANILHAS-ATACADO-MERCADO-CENTRAL-JUNHO-13-8-E-10.pdf
2026-06-03,2026,6,Junho,3,"06 Jun (1,3,8,10)",Origem animal,CARNE SUINA TRASEIRA,Kg,23.0,Mercado Central,PLANILHAS-ATACADO-MERCADO-CENTRAL-JUNHO-13-8-E-10.pdf
2026-06-03,2026,6,Junho,3,"06 Jun (1,3,8,10)",Origem animal,CHA DE DENTRO (COXAO MOLE),Kg,44.0,Mercado Central,PLANILHAS-ATACADO-MERCADO-CENTRAL-JUNHO-13-8-E-10.pdf
2026-06-03,2026,6,Junho,3,"06 Jun (1,3,8,10)",Origem animal,CHA DE FORA (COXAO DURO),Kg,39.0,Mercado Central,PLANILHAS-ATACADO-MERCADO-CENTRAL-JUNHO-13-8-E-10.pdf
2026-06-03,2026,6,Junho,3,"06 Jun (1,3,8,10)",Origem animal,CONTRA FILE,Kg,45.0,Mercado Central,PLANILHAS-ATACADO-MERCADO-CENTRAL-JUNHO-13-8-E-10.pdf
2026-06-03,2026,6,Junho,3,"06 Jun (1,3,8,10)",Origem animal,COSTELA,Kg,22.0,Mercado Central,PLANILHAS-ATACADO-MERCADO-CENTRAL-JUNHO-13-8-E-10.pdf
2026-06-03,2026,6,Junho,3,"06 Jun (1,3,8,10)",Origem animal,FILE MIGNION,Kg,55.0,Mercado Central,PLANILHAS-ATACADO-MERCADO-CENTRAL-JUNHO-13-8-E-10.pdf
2026-06-03,2026,6,Junho,3,"06 Jun (1,3,8,10)",Origem animal,FRANGO DE GRANJA,Kg,16.0,Mercado Central,PLANILHAS-ATACADO-MERCADO-CENTRAL-JUNHO-13-8-E-10.pdf
2026-06-03,2026,6,Junho,3,"06 Jun (1,3,8,10)",Origem animal,MANTEIGA,Kg,38.0,Mercado Central,PLANILHAS-ATACADO-MERCADO-CENTRAL-JUNHO-13-8-E-10.pdf
2026-06-03,2026,6,Junho,3,"06 Jun (1,3,8,10)",Origem animal,MUSCULO,Kg,27.0,Mercado Central,PLANILHAS-ATACADO-MERCADO-CENTRAL-JUNHO-13-8-E-10.pdf
2026-06-03,2026,6,Junho,3,"06 Jun (1,3,8,10)",Origem animal,OVO BRANCO GRANDE,Dz,8.0,Mercado Central,PLANILHAS-ATACADO-MERCADO-CENTRAL-JUNHO-13-8-E-10.pdf
2026-06-03,2026,6,Junho,3,"06 Jun (1,3,8,10)",Origem animal,OVO VERMELHO GRANDE,Dz,9.0,Mercado Central,PLANILHAS-ATACADO-MERCADO-CENTRAL-JUNHO-13-8-E-10.pdf
2026-06-03,2026,6,Junho,3,"06 Jun (1,3,8,10)",Origem animal,PALETA C/ OSSO,Kg,25.0,Mercado Central,PLANILHAS-ATACADO-MERCADO-CENTRAL-JUNHO-13-8-E-10.pdf
2026-06-03,2026,6,Junho,3,"06 Jun (1,3,8,10)",Origem animal,PATINHO,Kg,38.0,Mercado Central,PLANILHAS-ATACADO-MERCADO-CENTRAL-JUNHO-13-8-E-10.pdf
2026-06-03,2026,6,Junho,3,"06 Jun (1,3,8,10)",Origem animal,PEITO C/ OSSO,Kg,25.0,Mercado Central,PLANILHAS-ATACADO-MERCADO-CENTRAL-JUNHO-13-8-E-10.pdf
2026-06-03,2026,6,Junho,3,"06 Jun (1,3,8,10)",Origem animal,QUEIJO COALHO,Kg,28.0,Mercado Central,PLANILHAS-ATACADO-MERCADO-CENTRAL-JUNHO-13-8-E-10.pdf
2026-06-03,2026,6,Junho,3,"06 Jun (1,3,8,10)",Origem vegetal,ABACAXI GRANDE,Um,7.0,Mercado Central,PLANILHAS-ATACADO-MERCADO-CENTRAL-JUNHO-13-8-E-10.pdf
2026-06-03,2026,6,Junho,3,"06 Jun (1,3,8,10)",Origem vegetal,ABOBORA,Kg,5.0,Mercado Central,PLANILHAS-ATACADO-MERCADO-CENTRAL-JUNHO-13-8-E-10.pdf
2026-06-03,2026,6,Junho,3,"06 Jun (1,3,8,10)",Origem vegetal,ABOBRINHA,Kg,4.0,Mercado Central,PLANILHAS-ATACADO-MERCADO-CENTRAL-JUNHO-13-8-E-10.pdf
2026-06-03,2026,6,Junho,3,"06 Jun (1,3,8,10)",Origem vegetal,ACEROLA,Kg,7.0,Mercado Central,PLANILHAS-ATACADO-MERCADO-CENTRAL-JUNHO-13-8-E-10.pdf
2026-06-03,2026,6,Junho,3,"06 Jun (1,3,8,10)",Origem vegetal,ALFACE,Pe,2.0,Mercado Central,PLANILHAS-ATACADO-MERCADO-CENTRAL-JUNHO-13-8-E-10.pdf
2026-06-03,2026,6,Junho,3,"06 Jun (1,3,8,10)",Origem vegetal,ALHO,Cab.,2.5,Mercado Central,PLANILHAS-ATACADO-MERCADO-CENTRAL-JUNHO-13-8-E-10.pdf
2026-06-03,2026,6,Junho,3,"06 Jun (1,3,8,10)",Origem vegetal,AMENDOIM C/CASCA COZIDO,Kg,10.0,Mercado Central,PLANILHAS-ATACADO-MERCADO-CENTRAL-JUNHO-13-8-E-10.pdf
2026-06-03,2026,6,Junho,3,"06 Jun (1,3,8,10)",Origem vegetal,ARROZ AGULHA T 1,Kg,6.0,Mercado Central,PLANILHAS-ATACADO-MERCADO-CENTRAL-JUNHO-13-8-E-10.pdf
2026-06-03,2026,6,Junho,3,"06 Jun (1,3,8,10)",Origem vegetal,BANANA PRATA,Dz,5.0,Mercado Central,PLANILHAS-ATACADO-MERCADO-CENTRAL-JUNHO-13-8-E-10.pdf
2026-06-03,2026,6,Junho,3,"06 Jun (1,3,8,10)",Origem vegetal,BATATA DOCE,Kg,6.0,Mercado Central,PLANILHAS-ATACADO-MERCADO-CENTRAL-JUNHO-13-8-E-10.pdf
2026-06-03,2026,6,Junho,3,"06 Jun (1,3,8,10)",Origem vegetal,BATATA LISA,Kg,9.0,Mercado Central,PLANILHAS-ATACADO-MERCADO-CENTRAL-JUNHO-13-8-E-10.pdf
2026-06-03,2026,6,Junho,3,"06 Jun (1,3,8,10)",Origem vegetal,BETERRABA,Kg,7.0,Mercado Central,PLANILHAS-ATACADO-MERCADO-CENTRAL-JUNHO-13-8-E-10.pdf
2026-06-03,2026,6,Junho,3,"06 Jun (1,3,8,10)",Origem vegetal,CAJU,Um,1.0,Mercado Central,PLANILHAS-ATACADO-MERCADO-CENTRAL-JUNHO-13-8-E-10.pdf
2026-06-03,2026,6,Junho,3,"06 Jun (1,3,8,10)",Origem vegetal,CEBOLA BRANCA,Kg,6.0,Mercado Central,PLANILHAS-ATACADO-MERCADO-CENTRAL-JUNHO-13-8-E-10.pdf
2026-06-03,2026,6,Junho,3,"06 Jun (1,3,8,10)",Origem vegetal,CEBOLA ROXA,Kg,7.0,Mercado Central,PLANILHAS-ATACADO-MERCADO-CENTRAL-JUNHO-13-8-E-10.pdf
2026-06-03,2026,6,Junho,3,"06 Jun (1,3,8,10)",Origem vegetal,CEBOLINHA,Molho,2.0,Mercado Central,PLANILHAS-ATACADO-MERCADO-CENTRAL-JUNHO-13-8-E-10.pdf
2026-06-03,2026,6,Junho,3,"06 Jun (1,3,8,10)",Origem vegetal,CENOURA,Kg,6.0,Mercado Central,PLANILHAS-ATACADO-MERCADO-CENTRAL-JUNHO-13-8-E-10.pdf
2026-06-03,2026,6,Junho,3,"06 Jun (1,3,8,10)",Origem vegetal,CHUCHU,Um,2.0,Mercado Central,PLANILHAS-ATACADO-MERCADO-CENTRAL-JUNHO-13-8-E-10.pdf
2026-06-03,2026,6,Junho,3,"06 Jun (1,3,8,10)",Origem vegetal,COCO SECO,Um,6.0,Mercado Central,PLANILHAS-ATACADO-MERCADO-CENTRAL-JUNHO-13-8-E-10.pdf
2026-06-03,2026,6,Junho,3,"06 Jun (1,3,8,10)",Origem vegetal,COCO VERDE,Um,5.0,Mercado Central,PLANILHAS-ATACADO-MERCADO-CENTRAL-JUNHO-13-8-E-10.pdf
2026-06-03,2026,6,Junho,3,"06 Jun (1,3,8,10)",Origem vegetal,COENTRO,Molho,2.5,Mercado Central,PLANILHAS-ATACADO-MERCADO-CENTRAL-JUNHO-13-8-E-10.pdf
2026-06-03,2026,6,Junho,3,"06 Jun (1,3,8,10)",Origem vegetal,COUVE,Molho,2.0,Mercado Central,PLANILHAS-ATACADO-MERCADO-CENTRAL-JUNHO-13-8-E-10.pdf
2026-06-03,2026,6,Junho,3,"06 Jun (1,3,8,10)",Origem vegetal,COUVE-FLOR,Kg,14.0,Mercado Central,PLANILHAS-ATACADO-MERCADO-CENTRAL-JUNHO-13-8-E-10.pdf
2026-06-03,2026,6,Junho,3,"06 Jun (1,3,8,10)",Origem vegetal,FARINHA DE MANDIOCA,Kg,6.0,Mercado Central,PLANILHAS-ATACADO-MERCADO-CENTRAL-JUNHO-13-8-E-10.pdf
2026-06-03,2026,6,Junho,3,"06 Jun (1,3,8,10)",Origem vegetal,FEIJAO CARIOQUINHA,Kg,8.0,Mercado Central,PLANILHAS-ATACADO-MERCADO-CENTRAL-JUNHO-13-8-E-10.pdf
2026-06-03,2026,6,Junho,3,"06 Jun (1,3,8,10)",Origem vegetal,GOIABA VERMELHA,Kg,3.0,Mercado Central,PLANILHAS-ATACADO-MERCADO-CENTRAL-JUNHO-13-8-E-10.pdf
2026-06-03,2026,6,Junho,3,"06 Jun (1,3,8,10)",Origem vegetal,INHAME DA COSTA,Kg,10.0,Mercado Central,PLANILHAS-ATACADO-MERCADO-CENTRAL-JUNHO-13-8-E-10.pdf
2026-06-03,2026,6,Junho,3,"06 Jun (1,3,8,10)",Origem vegetal,LARANJA PERA,Uma,0.7,Mercado Central,PLANILHAS-ATACADO-MERCADO-CENTRAL-JUNHO-13-8-E-10.pdf
2026-06-03,2026,6,Junho,3,"06 Jun (1,3,8,10)",Origem vegetal,LIMAO TAITI,Kg,4.0,Mercado Central,PLANILHAS-ATACADO-MERCADO-CENTRAL-JUNHO-13-8-E-10.pdf
2026-06-03,2026,6,Junho,3,"06 Jun (1,3,8,10)",Origem vegetal,MACA NACIONAL,Kg,10.0,Mercado Central,PLANILHAS-ATACADO-MERCADO-CENTRAL-JUNHO-13-8-E-10.pdf
2026-06-03,2026,6,Junho,3,"06 Jun (1,3,8,10)",Origem vegetal,MACAXEIRA (AIPIM),Kg,3.0,Mercado Central,PLANILHAS-ATACADO-MERCADO-CENTRAL-JUNHO-13-8-E-10.pdf
2026-06-03,2026,6,Junho,3,"06 Jun (1,3,8,10)",Origem vegetal,MAMAO FORMOSA,Kg,3.0,Mercado Central,PLANILHAS-ATACADO-MERCADO-CENTRAL-JUNHO-13-8-E-10.pdf
2026-06-03,2026,6,Junho,3,"06 Jun (1,3,8,10)",Origem vegetal,MAMAO HAWAY,Kg,4.0,Mercado Central,PLANILHAS-ATACADO-MERCADO-CENTRAL-JUNHO-13-8-E-10.pdf
2026-06-03,2026,6,Junho,3,"06 Jun (1,3,8,10)",Origem vegetal,MANGA TOMMY,Kg,6.0,Mercado Central,PLANILHAS-ATACADO-MERCADO-CENTRAL-JUNHO-13-8-E-10.pdf
2026-06-03,2026,6,Junho,3,"06 Jun (1,3,8,10)",Origem vegetal,MARACUJA,Kg,7.0,Mercado Central,PLANILHAS-ATACADO-MERCADO-CENTRAL-JUNHO-13-8-E-10.pdf
2026-06-03,2026,6,Junho,3,"06 Jun (1,3,8,10)",Origem vegetal,MAXIXE,Kg,7.0,Mercado Central,PLANILHAS-ATACADO-MERCADO-CENTRAL-JUNHO-13-8-E-10.pdf
2026-06-03,2026,6,Junho,3,"06 Jun (1,3,8,10)",Origem vegetal,MELANCIA,Kg,1.5,Mercado Central,PLANILHAS-ATACADO-MERCADO-CENTRAL-JUNHO-13-8-E-10.pdf
2026-06-03,2026,6,Junho,3,"06 Jun (1,3,8,10)",Origem vegetal,MELAO ESPANHOL,Um,4.0,Mercado Central,PLANILHAS-ATACADO-MERCADO-CENTRAL-JUNHO-13-8-E-10.pdf
2026-06-03,2026,6,Junho,3,"06 Jun (1,3,8,10)",Origem vegetal,MILHO EM GRAO,Kg,2.0,Mercado Central,PLANILHAS-ATACADO-MERCADO-CENTRAL-JUNHO-13-8-E-10.pdf
2026-06-03,2026,6,Junho,3,"06 Jun (1,3,8,10)",Origem vegetal,MILHO VERDE,Espiga,1.5,Mercado Central,PLANILHAS-ATACADO-MERCADO-CENTRAL-JUNHO-13-8-E-10.pdf
2026-06-03,2026,6,Junho,3,"06 Jun (1,3,8,10)",Origem vegetal,MORANGO,"Cx 0,3Kg",10.0,Mercado Central,PLANILHAS-ATACADO-MERCADO-CENTRAL-JUNHO-13-8-E-10.pdf
2026-06-03,2026,6,Junho,3,"06 Jun (1,3,8,10)",Origem vegetal,PIMENTAO VERDE,Kg,2.0,Mercado Central,PLANILHAS-ATACADO-MERCADO-CENTRAL-JUNHO-13-8-E-10.pdf
2026-06-03,2026,6,Junho,3,"06 Jun (1,3,8,10)",Origem vegetal,QUIABO,Cento,20.0,Mercado Central,PLANILHAS-ATACADO-MERCADO-CENTRAL-JUNHO-13-8-E-10.pdf
2026-06-03,2026,6,Junho,3,"06 Jun (1,3,8,10)",Origem vegetal,REPOLHO VERDE,Kg,5.0,Mercado Central,PLANILHAS-ATACADO-MERCADO-CENTRAL-JUNHO-13-8-E-10.pdf
2026-06-03,2026,6,Junho,3,"06 Jun (1,3,8,10)",Origem vegetal,TOMATE,Kg,7.0,Mercado Central,PLANILHAS-ATACADO-MERCADO-CENTRAL-JUNHO-13-8-E-10.pdf
2026-06-03,2026,6,Junho,3,"06 Jun (1,3,8,10)",Origem vegetal,UVA SEM SEMENTE,Kg,14.0,Mercado Central,PLANILHAS-ATACADO-MERCADO-CENTRAL-JUNHO-13-8-E-10.pdf
2026-06-03,2026,6,Junho,3,"06 Jun (1,3,8,10)",Origem vegetal,VAGEM,Kg,25.0,Mercado Central,PLANILHAS-ATACADO-MERCADO-CENTRAL-JUNHO-13-8-E-10.pdf
2026-06-08,2026,6,Junho,8,"06 Jun (1,3,8,10)",Origem animal,ACEM C/ OSSO,Kg,26.0,Mercado Central,PLANILHAS-ATACADO-MERCADO-CENTRAL-JUNHO-13-8-E-10.pdf
2026-06-08,2026,6,Junho,8,"06 Jun (1,3,8,10)",Origem animal,ACEM S/ OSSO,Kg,35.0,Mercado Central,PLANILHAS-ATACADO-MERCADO-CENTRAL-JUNHO-13-8-E-10.pdf
2026-06-08,2026,6,Junho,8,"06 Jun (1,3,8,10)",Origem animal,ALCATRA,Kg,44.0,Mercado Central,PLANILHAS-ATACADO-MERCADO-CENTRAL-JUNHO-13-8-E-10.pdf
2026-06-08,2026,6,Junho,8,"06 Jun (1,3,8,10)",Origem animal,CARNE SUINA TRASEIRA,Kg,23.0,Mercado Central,PLANILHAS-ATACADO-MERCADO-CENTRAL-JUNHO-13-8-E-10.pdf
2026-06-08,2026,6,Junho,8,"06 Jun (1,3,8,10)",Origem animal,CHA DE DENTRO (COXAO MOLE),Kg,44.0,Mercado Central,PLANILHAS-ATACADO-MERCADO-CENTRAL-JUNHO-13-8-E-10.pdf
2026-06-08,2026,6,Junho,8,"06 Jun (1,3,8,10)",Origem animal,CHA DE FORA (COXAO DURO),Kg,39.0,Mercado Central,PLANILHAS-ATACADO-MERCADO-CENTRAL-JUNHO-13-8-E-10.pdf
2026-06-08,2026,6,Junho,8,"06 Jun (1,3,8,10)",Origem animal,CONTRA FILE,Kg,45.0,Mercado Central,PLANILHAS-ATACADO-MERCADO-CENTRAL-JUNHO-13-8-E-10.pdf
2026-06-08,2026,6,Junho,8,"06 Jun (1,3,8,10)",Origem animal,COSTELA,Kg,22.0,Mercado Central,PLANILHAS-ATACADO-MERCADO-CENTRAL-JUNHO-13-8-E-10.pdf
2026-06-08,2026,6,Junho,8,"06 Jun (1,3,8,10)",Origem animal,FILE MIGNION,Kg,55.0,Mercado Central,PLANILHAS-ATACADO-MERCADO-CENTRAL-JUNHO-13-8-E-10.pdf
2026-06-08,2026,6,Junho,8,"06 Jun (1,3,8,10)",Origem animal,FRANGO DE GRANJA,Kg,16.0,Mercado Central,PLANILHAS-ATACADO-MERCADO-CENTRAL-JUNHO-13-8-E-10.pdf
2026-06-08,2026,6,Junho,8,"06 Jun (1,3,8,10)",Origem animal,MANTEIGA,Kg,38.0,Mercado Central,PLANILHAS-ATACADO-MERCADO-CENTRAL-JUNHO-13-8-E-10.pdf
2026-06-08,2026,6,Junho,8,"06 Jun (1,3,8,10)",Origem animal,MUSCULO,Kg,27.0,Mercado Central,PLANILHAS-ATACADO-MERCADO-CENTRAL-JUNHO-13-8-E-10.pdf
2026-06-08,2026,6,Junho,8,"06 Jun (1,3,8,10)",Origem animal,OVO BRANCO GRANDE,Dz,8.0,Mercado Central,PLANILHAS-ATACADO-MERCADO-CENTRAL-JUNHO-13-8-E-10.pdf
2026-06-08,2026,6,Junho,8,"06 Jun (1,3,8,10)",Origem animal,OVO VERMELHO GRANDE,Dz,9.0,Mercado Central,PLANILHAS-ATACADO-MERCADO-CENTRAL-JUNHO-13-8-E-10.pdf
2026-06-08,2026,6,Junho,8,"06 Jun (1,3,8,10)",Origem animal,PALETA C/ OSSO,Kg,25.0,Mercado Central,PLANILHAS-ATACADO-MERCADO-CENTRAL-JUNHO-13-8-E-10.pdf
2026-06-08,2026,6,Junho,8,"06 Jun (1,3,8,10)",Origem animal,PATINHO,Kg,38.0,Mercado Central,PLANILHAS-ATACADO-MERCADO-CENTRAL-JUNHO-13-8-E-10.pdf
2026-06-08,2026,6,Junho,8,"06 Jun (1,3,8,10)",Origem animal,PEITO C/ OSSO,Kg,25.0,Mercado Central,PLANILHAS-ATACADO-MERCADO-CENTRAL-JUNHO-13-8-E-10.pdf
2026-06-08,2026,6,Junho,8,"06 Jun (1,3,8,10)",Origem animal,QUEIJO COALHO,Kg,28.0,Mercado Central,PLANILHAS-ATACADO-MERCADO-CENTRAL-JUNHO-13-8-E-10.pdf
2026-06-08,2026,6,Junho,8,"06 Jun (1,3,8,10)",Origem vegetal,ABACAXI GRANDE,Um,7.0,Mercado Central,PLANILHAS-ATACADO-MERCADO-CENTRAL-JUNHO-13-8-E-10.pdf
2026-06-08,2026,6,Junho,8,"06 Jun (1,3,8,10)",Origem vegetal,ABOBORA,Kg,5.0,Mercado Central,PLANILHAS-ATACADO-MERCADO-CENTRAL-JUNHO-13-8-E-10.pdf
2026-06-08,2026,6,Junho,8,"06 Jun (1,3,8,10)",Origem vegetal,ABOBRINHA,Kg,4.0,Mercado Central,PLANILHAS-ATACADO-MERCADO-CENTRAL-JUNHO-13-8-E-10.pdf
2026-06-08,2026,6,Junho,8,"06 Jun (1,3,8,10)",Origem vegetal,ACEROLA,Kg,8.0,Mercado Central,PLANILHAS-ATACADO-MERCADO-CENTRAL-JUNHO-13-8-E-10.pdf
2026-06-08,2026,6,Junho,8,"06 Jun (1,3,8,10)",Origem vegetal,ALFACE,Pe,2.0,Mercado Central,PLANILHAS-ATACADO-MERCADO-CENTRAL-JUNHO-13-8-E-10.pdf
2026-06-08,2026,6,Junho,8,"06 Jun (1,3,8,10)",Origem vegetal,ALHO,Cab.,2.5,Mercado Central,PLANILHAS-ATACADO-MERCADO-CENTRAL-JUNHO-13-8-E-10.pdf
2026-06-08,2026,6,Junho,8,"06 Jun (1,3,8,10)",Origem vegetal,AMENDOIM C/CASCA COZIDO,Kg,10.0,Mercado Central,PLANILHAS-ATACADO-MERCADO-CENTRAL-JUNHO-13-8-E-10.pdf
2026-06-08,2026,6,Junho,8,"06 Jun (1,3,8,10)",Origem vegetal,ARROZ AGULHA T 1,Kg,6.0,Mercado Central,PLANILHAS-ATACADO-MERCADO-CENTRAL-JUNHO-13-8-E-10.pdf
2026-06-08,2026,6,Junho,8,"06 Jun (1,3,8,10)",Origem vegetal,BANANA PRATA,Dz,5.0,Mercado Central,PLANILHAS-ATACADO-MERCADO-CENTRAL-JUNHO-13-8-E-10.pdf
2026-06-08,2026,6,Junho,8,"06 Jun (1,3,8,10)",Origem vegetal,BATATA DOCE,Kg,6.0,Mercado Central,PLANILHAS-ATACADO-MERCADO-CENTRAL-JUNHO-13-8-E-10.pdf
2026-06-08,2026,6,Junho,8,"06 Jun (1,3,8,10)",Origem vegetal,BATATA LISA,Kg,9.0,Mercado Central,PLANILHAS-ATACADO-MERCADO-CENTRAL-JUNHO-13-8-E-10.pdf
2026-06-08,2026,6,Junho,8,"06 Jun (1,3,8,10)",Origem vegetal,BETERRABA,Kg,7.0,Mercado Central,PLANILHAS-ATACADO-MERCADO-CENTRAL-JUNHO-13-8-E-10.pdf
2026-06-08,2026,6,Junho,8,"06 Jun (1,3,8,10)",Origem vegetal,CAJU,Um,1.0,Mercado Central,PLANILHAS-ATACADO-MERCADO-CENTRAL-JUNHO-13-8-E-10.pdf
2026-06-08,2026,6,Junho,8,"06 Jun (1,3,8,10)",Origem vegetal,CEBOLA BRANCA,Kg,6.0,Mercado Central,PLANILHAS-ATACADO-MERCADO-CENTRAL-JUNHO-13-8-E-10.pdf
2026-06-08,2026,6,Junho,8,"06 Jun (1,3,8,10)",Origem vegetal,CEBOLA ROXA,Kg,7.0,Mercado Central,PLANILHAS-ATACADO-MERCADO-CENTRAL-JUNHO-13-8-E-10.pdf
2026-06-08,2026,6,Junho,8,"06 Jun (1,3,8,10)",Origem vegetal,CEBOLINHA,Molho,2.0,Mercado Central,PLANILHAS-ATACADO-MERCADO-CENTRAL-JUNHO-13-8-E-10.pdf
2026-06-08,2026,6,Junho,8,"06 Jun (1,3,8,10)",Origem vegetal,CENOURA,Kg,6.0,Mercado Central,PLANILHAS-ATACADO-MERCADO-CENTRAL-JUNHO-13-8-E-10.pdf
2026-06-08,2026,6,Junho,8,"06 Jun (1,3,8,10)",Origem vegetal,CHUCHU,Um,2.0,Mercado Central,PLANILHAS-ATACADO-MERCADO-CENTRAL-JUNHO-13-8-E-10.pdf
2026-06-08,2026,6,Junho,8,"06 Jun (1,3,8,10)",Origem vegetal,COCO SECO,Um,6.0,Mercado Central,PLANILHAS-ATACADO-MERCADO-CENTRAL-JUNHO-13-8-E-10.pdf
2026-06-08,2026,6,Junho,8,"06 Jun (1,3,8,10)",Origem vegetal,COCO VERDE,Um,5.0,Mercado Central,PLANILHAS-ATACADO-MERCADO-CENTRAL-JUNHO-13-8-E-10.pdf
2026-06-08,2026,6,Junho,8,"06 Jun (1,3,8,10)",Origem vegetal,COENTRO,Molho,2.0,Mercado Central,PLANILHAS-ATACADO-MERCADO-CENTRAL-JUNHO-13-8-E-10.pdf
2026-06-08,2026,6,Junho,8,"06 Jun (1,3,8,10)",Origem vegetal,COUVE,Molho,2.0,Mercado Central,PLANILHAS-ATACADO-MERCADO-CENTRAL-JUNHO-13-8-E-10.pdf
2026-06-08,2026,6,Junho,8,"06 Jun (1,3,8,10)",Origem vegetal,COUVE-FLOR,Kg,14.0,Mercado Central,PLANILHAS-ATACADO-MERCADO-CENTRAL-JUNHO-13-8-E-10.pdf
2026-06-08,2026,6,Junho,8,"06 Jun (1,3,8,10)",Origem vegetal,FARINHA DE MANDIOCA,Kg,6.0,Mercado Central,PLANILHAS-ATACADO-MERCADO-CENTRAL-JUNHO-13-8-E-10.pdf
2026-06-08,2026,6,Junho,8,"06 Jun (1,3,8,10)",Origem vegetal,FEIJAO CARIOQUINHA,Kg,9.0,Mercado Central,PLANILHAS-ATACADO-MERCADO-CENTRAL-JUNHO-13-8-E-10.pdf
2026-06-08,2026,6,Junho,8,"06 Jun (1,3,8,10)",Origem vegetal,GOIABA VERMELHA,Kg,3.0,Mercado Central,PLANILHAS-ATACADO-MERCADO-CENTRAL-JUNHO-13-8-E-10.pdf
2026-06-08,2026,6,Junho,8,"06 Jun (1,3,8,10)",Origem vegetal,INHAME DA COSTA,Kg,10.0,Mercado Central,PLANILHAS-ATACADO-MERCADO-CENTRAL-JUNHO-13-8-E-10.pdf
2026-06-08,2026,6,Junho,8,"06 Jun (1,3,8,10)",Origem vegetal,LARANJA PERA,Uma,0.7,Mercado Central,PLANILHAS-ATACADO-MERCADO-CENTRAL-JUNHO-13-8-E-10.pdf
2026-06-08,2026,6,Junho,8,"06 Jun (1,3,8,10)",Origem vegetal,LIMAO TAITI,Kg,4.0,Mercado Central,PLANILHAS-ATACADO-MERCADO-CENTRAL-JUNHO-13-8-E-10.pdf
2026-06-08,2026,6,Junho,8,"06 Jun (1,3,8,10)",Origem vegetal,MACA NACIONAL,Kg,10.0,Mercado Central,PLANILHAS-ATACADO-MERCADO-CENTRAL-JUNHO-13-8-E-10.pdf
2026-06-08,2026,6,Junho,8,"06 Jun (1,3,8,10)",Origem vegetal,MACAXEIRA (AIPIM),Kg,3.0,Mercado Central,PLANILHAS-ATACADO-MERCADO-CENTRAL-JUNHO-13-8-E-10.pdf
2026-06-08,2026,6,Junho,8,"06 Jun (1,3,8,10)",Origem vegetal,MAMAO FORMOSA,Kg,3.0,Mercado Central,PLANILHAS-ATACADO-MERCADO-CENTRAL-JUNHO-13-8-E-10.pdf
2026-06-08,2026,6,Junho,8,"06 Jun (1,3,8,10)",Origem vegetal,MAMAO HAWAY,Kg,4.0,Mercado Central,PLANILHAS-ATACADO-MERCADO-CENTRAL-JUNHO-13-8-E-10.pdf
2026-06-08,2026,6,Junho,8,"06 Jun (1,3,8,10)",Origem vegetal,MANGA TOMMY,Kg,6.0,Mercado Central,PLANILHAS-ATACADO-MERCADO-CENTRAL-JUNHO-13-8-E-10.pdf
2026-06-08,2026,6,Junho,8,"06 Jun (1,3,8,10)",Origem vegetal,MARACUJA,Kg,7.0,Mercado Central,PLANILHAS-ATACADO-MERCADO-CENTRAL-JUNHO-13-8-E-10.pdf
2026-06-08,2026,6,Junho,8,"06 Jun (1,3,8,10)",Origem vegetal,MAXIXE,Kg,7.0,Mercado Central,PLANILHAS-ATACADO-MERCADO-CENTRAL-JUNHO-13-8-E-10.pdf
2026-06-08,2026,6,Junho,8,"06 Jun (1,3,8,10)",Origem vegetal,MELANCIA,Kg,1.5,Mercado Central,PLANILHAS-ATACADO-MERCADO-CENTRAL-JUNHO-13-8-E-10.pdf
2026-06-08,2026,6,Junho,8,"06 Jun (1,3,8,10)",Origem vegetal,MELAO ESPANHOL,Um,4.0,Mercado Central,PLANILHAS-ATACADO-MERCADO-CENTRAL-JUNHO-13-8-E-10.pdf
2026-06-08,2026,6,Junho,8,"06 Jun (1,3,8,10)",Origem vegetal,MILHO EM GRAO,Kg,2.0,Mercado Central,PLANILHAS-ATACADO-MERCADO-CENTRAL-JUNHO-13-8-E-10.pdf
2026-06-08,2026,6,Junho,8,"06 Jun (1,3,8,10)",Origem vegetal,MILHO VERDE,Espiga,1.5,Mercado Central,PLANILHAS-ATACADO-MERCADO-CENTRAL-JUNHO-13-8-E-10.pdf
2026-06-08,2026,6,Junho,8,"06 Jun (1,3,8,10)",Origem vegetal,MORANGO,"Cx 0,3Kg",10.0,Mercado Central,PLANILHAS-ATACADO-MERCADO-CENTRAL-JUNHO-13-8-E-10.pdf
2026-06-08,2026,6,Junho,8,"06 Jun (1,3,8,10)",Origem vegetal,PIMENTAO VERDE,Kg,2.0,Mercado Central,PLANILHAS-ATACADO-MERCADO-CENTRAL-JUNHO-13-8-E-10.pdf
2026-06-08,2026,6,Junho,8,"06 Jun (1,3,8,10)",Origem vegetal,QUIABO,Cento,20.0,Mercado Central,PLANILHAS-ATACADO-MERCADO-CENTRAL-JUNHO-13-8-E-10.pdf
2026-06-08,2026,6,Junho,8,"06 Jun (1,3,8,10)",Origem vegetal,REPOLHO VERDE,Kg,5.0,Mercado Central,PLANILHAS-ATACADO-MERCADO-CENTRAL-JUNHO-13-8-E-10.pdf
2026-06-08,2026,6,Junho,8,"06 Jun (1,3,8,10)",Origem vegetal,TOMATE,Kg,8.0,Mercado Central,PLANILHAS-ATACADO-MERCADO-CENTRAL-JUNHO-13-8-E-10.pdf
2026-06-08,2026,6,Junho,8,"06 Jun (1,3,8,10)",Origem vegetal,UVA SEM SEMENTE,Kg,14.0,Mercado Central,PLANILHAS-ATACADO-MERCADO-CENTRAL-JUNHO-13-8-E-10.pdf
2026-06-08,2026,6,Junho,8,"06 Jun (1,3,8,10)",Origem vegetal,VAGEM,Kg,25.0,Mercado Central,PLANILHAS-ATACADO-MERCADO-CENTRAL-JUNHO-13-8-E-10.pdf
2026-06-10,2026,6,Junho,10,"06 Jun (1,3,8,10)",Origem animal,ACEM C/ OSSO,Kg,26.0,Mercado Central,PLANILHAS-ATACADO-MERCADO-CENTRAL-JUNHO-13-8-E-10.pdf
2026-06-10,2026,6,Junho,10,"06 Jun (10,15,17)",Origem animal,ACEM C/ OSSO,Kg,26.0,Mercado Central,PRECO-VAREJO-MERCADO-CENTRAL-DE-ARACAJU-10-15-E-17-DE-JUNHO.pdf
2026-06-10,2026,6,Junho,10,"06 Jun (1,3,8,10)",Origem animal,ACEM S/ OSSO,Kg,35.0,Mercado Central,PLANILHAS-ATACADO-MERCADO-CENTRAL-JUNHO-13-8-E-10.pdf
2026-06-10,2026,6,Junho,10,"06 Jun (10,15,17)",Origem animal,ACEM S/ OSSO,Kg,35.0,Mercado Central,PRECO-VAREJO-MERCADO-CENTRAL-DE-ARACAJU-10-15-E-17-DE-JUNHO.pdf
2026-06-10,2026,6,Junho,10,"06 Jun (1,3,8,10)",Origem animal,ALCATRA,Kg,44.0,Mercado Central,PLANILHAS-ATACADO-MERCADO-CENTRAL-JUNHO-13-8-E-10.pdf
2026-06-10,2026,6,Junho,10,"06 Jun (10,15,17)",Origem animal,ALCATRA,Kg,44.0,Mercado Central,PRECO-VAREJO-MERCADO-CENTRAL-DE-ARACAJU-10-15-E-17-DE-JUNHO.pdf
2026-06-10,2026,6,Junho,10,"06 Jun (1,3,8,10)",Origem animal,CARNE SUINA TRASEIRA,Kg,23.0,Mercado Central,PLANILHAS-ATACADO-MERCADO-CENTRAL-JUNHO-13-8-E-10.pdf
2026-06-10,2026,6,Junho,10,"06 Jun (10,15,17)",Origem animal,CARNE SUINA TRASEIRA,Kg,23.0,Mercado Central,PRECO-VAREJO-MERCADO-CENTRAL-DE-ARACAJU-10-15-E-17-DE-JUNHO.pdf
2026-06-10,2026,6,Junho,10,"06 Jun (1,3,8,10)",Origem animal,CHA DE DENTRO (COXAO MOLE),Kg,44.0,Mercado Central,PLANILHAS-ATACADO-MERCADO-CENTRAL-JUNHO-13-8-E-10.pdf
2026-06-10,2026,6,Junho,10,"06 Jun (10,15,17)",Origem animal,CHA DE DENTRO (COXAO MOLE),Kg,44.0,Mercado Central,PRECO-VAREJO-MERCADO-CENTRAL-DE-ARACAJU-10-15-E-17-DE-JUNHO.pdf
2026-06-10,2026,6,Junho,10,"06 Jun (1,3,8,10)",Origem animal,CHA DE FORA (COXAO DURO),Kg,39.0,Mercado Central,PLANILHAS-ATACADO-MERCADO-CENTRAL-JUNHO-13-8-E-10.pdf
2026-06-10,2026,6,Junho,10,"06 Jun (10,15,17)",Origem animal,CHA DE FORA (COXAO DURO),Kg,39.0,Mercado Central,PRECO-VAREJO-MERCADO-CENTRAL-DE-ARACAJU-10-15-E-17-DE-JUNHO.pdf
2026-06-10,2026,6,Junho,10,"06 Jun (1,3,8,10)",Origem animal,CONTRA FILE,Kg,45.0,Mercado Central,PLANILHAS-ATACADO-MERCADO-CENTRAL-JUNHO-13-8-E-10.pdf
2026-06-10,2026,6,Junho,10,"06 Jun (10,15,17)",Origem animal,CONTRA FILE,Kg,45.0,Mercado Central,PRECO-VAREJO-MERCADO-CENTRAL-DE-ARACAJU-10-15-E-17-DE-JUNHO.pdf
2026-06-10,2026,6,Junho,10,"06 Jun (1,3,8,10)",Origem animal,COSTELA,Kg,22.0,Mercado Central,PLANILHAS-ATACADO-MERCADO-CENTRAL-JUNHO-13-8-E-10.pdf
2026-06-10,2026,6,Junho,10,"06 Jun (10,15,17)",Origem animal,COSTELA,Kg,22.0,Mercado Central,PRECO-VAREJO-MERCADO-CENTRAL-DE-ARACAJU-10-15-E-17-DE-JUNHO.pdf
2026-06-10,2026,6,Junho,10,"06 Jun (1,3,8,10)",Origem animal,FILE MIGNION,Kg,55.0,Mercado Central,PLANILHAS-ATACADO-MERCADO-CENTRAL-JUNHO-13-8-E-10.pdf
2026-06-10,2026,6,Junho,10,"06 Jun (10,15,17)",Origem animal,FILE MIGNION,Kg,55.0,Mercado Central,PRECO-VAREJO-MERCADO-CENTRAL-DE-ARACAJU-10-15-E-17-DE-JUNHO.pdf
2026-06-10,2026,6,Junho,10,"06 Jun (1,3,8,10)",Origem animal,FRANGO DE GRANJA,Kg,16.0,Mercado Central,PLANILHAS-ATACADO-MERCADO-CENTRAL-JUNHO-13-8-E-10.pdf
2026-06-10,2026,6,Junho,10,"06 Jun (10,15,17)",Origem animal,FRANGO DE GRANJA,Kg,16.0,Mercado Central,PRECO-VAREJO-MERCADO-CENTRAL-DE-ARACAJU-10-15-E-17-DE-JUNHO.pdf
2026-06-10,2026,6,Junho,10,"06 Jun (1,3,8,10)",Origem animal,MANTEIGA,Kg,38.0,Mercado Central,PLANILHAS-ATACADO-MERCADO-CENTRAL-JUNHO-13-8-E-10.pdf
2026-06-10,2026,6,Junho,10,"06 Jun (10,15,17)",Origem animal,MANTEIGA,Kg,38.0,Mercado Central,PRECO-VAREJO-MERCADO-CENTRAL-DE-ARACAJU-10-15-E-17-DE-JUNHO.pdf
2026-06-10,2026,6,Junho,10,"06 Jun (1,3,8,10)",Origem animal,MUSCULO,Kg,27.0,Mercado Central,PLANILHAS-ATACADO-MERCADO-CENTRAL-JUNHO-13-8-E-10.pdf
2026-06-10,2026,6,Junho,10,"06 Jun (10,15,17)",Origem animal,MUSCULO,Kg,27.0,Mercado Central,PRECO-VAREJO-MERCADO-CENTRAL-DE-ARACAJU-10-15-E-17-DE-JUNHO.pdf
2026-06-10,2026,6,Junho,10,"06 Jun (1,3,8,10)",Origem animal,OVO BRANCO GRANDE,Dz,8.0,Mercado Central,PLANILHAS-ATACADO-MERCADO-CENTRAL-JUNHO-13-8-E-10.pdf
2026-06-10,2026,6,Junho,10,"06 Jun (10,15,17)",Origem animal,OVO BRANCO GRANDE,Dz,8.0,Mercado Central,PRECO-VAREJO-MERCADO-CENTRAL-DE-ARACAJU-10-15-E-17-DE-JUNHO.pdf
2026-06-10,2026,6,Junho,10,"06 Jun (1,3,8,10)",Origem animal,OVO VERMELHO GRANDE,Dz,9.0,Mercado Central,PLANILHAS-ATACADO-MERCADO-CENTRAL-JUNHO-13-8-E-10.pdf
2026-06-10,2026,6,Junho,10,"06 Jun (10,15,17)",Origem animal,OVO VERMELHO GRANDE,Dz,9.0,Mercado Central,PRECO-VAREJO-MERCADO-CENTRAL-DE-ARACAJU-10-15-E-17-DE-JUNHO.pdf
2026-06-10,2026,6,Junho,10,"06 Jun (1,3,8,10)",Origem animal,PALETA C/ OSSO,Kg,25.0,Mercado Central,PLANILHAS-ATACADO-MERCADO-CENTRAL-JUNHO-13-8-E-10.pdf
2026-06-10,2026,6,Junho,10,"06 Jun (10,15,17)",Origem animal,PALETA C/ OSSO,Kg,25.0,Mercado Central,PRECO-VAREJO-MERCADO-CENTRAL-DE-ARACAJU-10-15-E-17-DE-JUNHO.pdf
2026-06-10,2026,6,Junho,10,"06 Jun (1,3,8,10)",Origem animal,PATINHO,Kg,38.0,Mercado Central,PLANILHAS-ATACADO-MERCADO-CENTRAL-JUNHO-13-8-E-10.pdf
2026-06-10,2026,6,Junho,10,"06 Jun (10,15,17)",Origem animal,PATINHO,Kg,38.0,Mercado Central,PRECO-VAREJO-MERCADO-CENTRAL-DE-ARACAJU-10-15-E-17-DE-JUNHO.pdf
2026-06-10,2026,6,Junho,10,"06 Jun (1,3,8,10)",Origem animal,PEITO C/ OSSO,Kg,25.0,Mercado Central,PLANILHAS-ATACADO-MERCADO-CENTRAL-JUNHO-13-8-E-10.pdf
2026-06-10,2026,6,Junho,10,"06 Jun (10,15,17)",Origem animal,PEITO C/ OSSO,Kg,25.0,Mercado Central,PRECO-VAREJO-MERCADO-CENTRAL-DE-ARACAJU-10-15-E-17-DE-JUNHO.pdf
2026-06-10,2026,6,Junho,10,"06 Jun (1,3,8,10)",Origem animal,QUEIJO COALHO,Kg,28.0,Mercado Central,PLANILHAS-ATACADO-MERCADO-CENTRAL-JUNHO-13-8-E-10.pdf
2026-06-10,2026,6,Junho,10,"06 Jun (10,15,17)",Origem animal,QUEIJO COALHO,Kg,28.0,Mercado Central,PRECO-VAREJO-MERCADO-CENTRAL-DE-ARACAJU-10-15-E-17-DE-JUNHO.pdf
2026-06-10,2026,6,Junho,10,"06 Jun (1,3,8,10)",Origem vegetal,ABACAXI GRANDE,Um,7.0,Mercado Central,PLANILHAS-ATACADO-MERCADO-CENTRAL-JUNHO-13-8-E-10.pdf
2026-06-10,2026,6,Junho,10,"06 Jun (10,15,17)",Origem vegetal,ABACAXI GRANDE,Um,7.0,Mercado Central,PRECO-VAREJO-MERCADO-CENTRAL-DE-ARACAJU-10-15-E-17-DE-JUNHO.pdf
2026-06-10,2026,6,Junho,10,"06 Jun (1,3,8,10)",Origem vegetal,ABOBORA,Kg,5.0,Mercado Central,PLANILHAS-ATACADO-MERCADO-CENTRAL-JUNHO-13-8-E-10.pdf
2026-06-10,2026,6,Junho,10,"06 Jun (10,15,17)",Origem vegetal,ABOBORA,Kg,5.0,Mercado Central,PRECO-VAREJO-MERCADO-CENTRAL-DE-ARACAJU-10-15-E-17-DE-JUNHO.pdf
2026-06-10,2026,6,Junho,10,"06 Jun (1,3,8,10)",Origem vegetal,ABOBRINHA,Kg,4.0,Mercado Central,PLANILHAS-ATACADO-MERCADO-CENTRAL-JUNHO-13-8-E-10.pdf
2026-06-10,2026,6,Junho,10,"06 Jun (10,15,17)",Origem vegetal,ABOBRINHA,Kg,4.0,Mercado Central,PRECO-VAREJO-MERCADO-CENTRAL-DE-ARACAJU-10-15-E-17-DE-JUNHO.pdf
2026-06-10,2026,6,Junho,10,"06 Jun (1,3,8,10)",Origem vegetal,ACEROLA,Kg,8.0,Mercado Central,PLANILHAS-ATACADO-MERCADO-CENTRAL-JUNHO-13-8-E-10.pdf
2026-06-10,2026,6,Junho,10,"06 Jun (10,15,17)",Origem vegetal,ACEROLA,Kg,8.0,Mercado Central,PRECO-VAREJO-MERCADO-CENTRAL-DE-ARACAJU-10-15-E-17-DE-JUNHO.pdf
2026-06-10,2026,6,Junho,10,"06 Jun (1,3,8,10)",Origem vegetal,ALFACE,Pe,2.0,Mercado Central,PLANILHAS-ATACADO-MERCADO-CENTRAL-JUNHO-13-8-E-10.pdf
2026-06-10,2026,6,Junho,10,"06 Jun (10,15,17)",Origem vegetal,ALFACE,Pe,2.0,Mercado Central,PRECO-VAREJO-MERCADO-CENTRAL-DE-ARACAJU-10-15-E-17-DE-JUNHO.pdf
2026-06-10,2026,6,Junho,10,"06 Jun (1,3,8,10)",Origem vegetal,ALHO,Cab.,2.5,Mercado Central,PLANILHAS-ATACADO-MERCADO-CENTRAL-JUNHO-13-8-E-10.pdf
2026-06-10,2026,6,Junho,10,"06 Jun (10,15,17)",Origem vegetal,ALHO,Cab.,2.5,Mercado Central,PRECO-VAREJO-MERCADO-CENTRAL-DE-ARACAJU-10-15-E-17-DE-JUNHO.pdf
2026-06-10,2026,6,Junho,10,"06 Jun (1,3,8,10)",Origem vegetal,AMENDOIM C/CASCA COZIDO,Kg,10.0,Mercado Central,PLANILHAS-ATACADO-MERCADO-CENTRAL-JUNHO-13-8-E-10.pdf
2026-06-10,2026,6,Junho,10,"06 Jun (10,15,17)",Origem vegetal,AMENDOIM C/CASCA COZIDO,Kg,10.0,Mercado Central,PRECO-VAREJO-MERCADO-CENTRAL-DE-ARACAJU-10-15-E-17-DE-JUNHO.pdf
2026-06-10,2026,6,Junho,10,"06 Jun (1,3,8,10)",Origem vegetal,ARROZ AGULHA T 1,Kg,6.0,Mercado Central,PLANILHAS-ATACADO-MERCADO-CENTRAL-JUNHO-13-8-E-10.pdf
2026-06-10,2026,6,Junho,10,"06 Jun (10,15,17)",Origem vegetal,ARROZ AGULHA T 1,Kg,6.0,Mercado Central,PRECO-VAREJO-MERCADO-CENTRAL-DE-ARACAJU-10-15-E-17-DE-JUNHO.pdf
2026-06-10,2026,6,Junho,10,"06 Jun (1,3,8,10)",Origem vegetal,BANANA PRATA,Dz,5.0,Mercado Central,PLANILHAS-ATACADO-MERCADO-CENTRAL-JUNHO-13-8-E-10.pdf
2026-06-10,2026,6,Junho,10,"06 Jun (10,15,17)",Origem vegetal,BANANA PRATA,Dz,5.0,Mercado Central,PRECO-VAREJO-MERCADO-CENTRAL-DE-ARACAJU-10-15-E-17-DE-JUNHO.pdf
2026-06-10,2026,6,Junho,10,"06 Jun (1,3,8,10)",Origem vegetal,BATATA DOCE,Kg,6.0,Mercado Central,PLANILHAS-ATACADO-MERCADO-CENTRAL-JUNHO-13-8-E-10.pdf
2026-06-10,2026,6,Junho,10,"06 Jun (10,15,17)",Origem vegetal,BATATA DOCE,Kg,6.0,Mercado Central,PRECO-VAREJO-MERCADO-CENTRAL-DE-ARACAJU-10-15-E-17-DE-JUNHO.pdf
2026-06-10,2026,6,Junho,10,"06 Jun (1,3,8,10)",Origem vegetal,BATATA LISA,Kg,9.0,Mercado Central,PLANILHAS-ATACADO-MERCADO-CENTRAL-JUNHO-13-8-E-10.pdf
2026-06-10,2026,6,Junho,10,"06 Jun (10,15,17)",Origem vegetal,BATATA LISA,Kg,9.0,Mercado Central,PRECO-VAREJO-MERCADO-CENTRAL-DE-ARACAJU-10-15-E-17-DE-JUNHO.pdf
2026-06-10,2026,6,Junho,10,"06 Jun (1,3,8,10)",Origem vegetal,BETERRABA,Kg,7.0,Mercado Central,PLANILHAS-ATACADO-MERCADO-CENTRAL-JUNHO-13-8-E-10.pdf
2026-06-10,2026,6,Junho,10,"06 Jun (10,15,17)",Origem vegetal,BETERRABA,Kg,7.0,Mercado Central,PRECO-VAREJO-MERCADO-CENTRAL-DE-ARACAJU-10-15-E-17-DE-JUNHO.pdf
2026-06-10,2026,6,Junho,10,"06 Jun (1,3,8,10)",Origem vegetal,CAJU,Um,1.0,Mercado Central,PLANILHAS-ATACADO-MERCADO-CENTRAL-JUNHO-13-8-E-10.pdf
2026-06-10,2026,6,Junho,10,"06 Jun (10,15,17)",Origem vegetal,CAJU,Um,1.0,Mercado Central,PRECO-VAREJO-MERCADO-CENTRAL-DE-ARACAJU-10-15-E-17-DE-JUNHO.pdf
2026-06-10,2026,6,Junho,10,"06 Jun (1,3,8,10)",Origem vegetal,CEBOLA BRANCA,Kg,6.0,Mercado Central,PLANILHAS-ATACADO-MERCADO-CENTRAL-JUNHO-13-8-E-10.pdf
2026-06-10,2026,6,Junho,10,"06 Jun (10,15,17)",Origem vegetal,CEBOLA BRANCA,Kg,6.0,Mercado Central,PRECO-VAREJO-MERCADO-CENTRAL-DE-ARACAJU-10-15-E-17-DE-JUNHO.pdf
2026-06-10,2026,6,Junho,10,"06 Jun (1,3,8,10)",Origem vegetal,CEBOLA ROXA,Kg,7.0,Mercado Central,PLANILHAS-ATACADO-MERCADO-CENTRAL-JUNHO-13-8-E-10.pdf
2026-06-10,2026,6,Junho,10,"06 Jun (10,15,17)",Origem vegetal,CEBOLA ROXA,Kg,7.0,Mercado Central,PRECO-VAREJO-MERCADO-CENTRAL-DE-ARACAJU-10-15-E-17-DE-JUNHO.pdf
2026-06-10,2026,6,Junho,10,"06 Jun (1,3,8,10)",Origem vegetal,CEBOLINHA,Molho,2.0,Mercado Central,PLANILHAS-ATACADO-MERCADO-CENTRAL-JUNHO-13-8-E-10.pdf
2026-06-10,2026,6,Junho,10,"06 Jun (10,15,17)",Origem vegetal,CEBOLINHA,Molho,2.0,Mercado Central,PRECO-VAREJO-MERCADO-CENTRAL-DE-ARACAJU-10-15-E-17-DE-JUNHO.pdf
2026-06-10,2026,6,Junho,10,"06 Jun (1,3,8,10)",Origem vegetal,CENOURA,Kg,6.0,Mercado Central,PLANILHAS-ATACADO-MERCADO-CENTRAL-JUNHO-13-8-E-10.pdf
2026-06-10,2026,6,Junho,10,"06 Jun (10,15,17)",Origem vegetal,CENOURA,Kg,6.0,Mercado Central,PRECO-VAREJO-MERCADO-CENTRAL-DE-ARACAJU-10-15-E-17-DE-JUNHO.pdf
2026-06-10,2026,6,Junho,10,"06 Jun (1,3,8,10)",Origem vegetal,CHUCHU,Um,2.0,Mercado Central,PLANILHAS-ATACADO-MERCADO-CENTRAL-JUNHO-13-8-E-10.pdf
2026-06-10,2026,6,Junho,10,"06 Jun (10,15,17)",Origem vegetal,CHUCHU,Um,2.0,Mercado Central,PRECO-VAREJO-MERCADO-CENTRAL-DE-ARACAJU-10-15-E-17-DE-JUNHO.pdf
2026-06-10,2026,6,Junho,10,"06 Jun (1,3,8,10)",Origem vegetal,COCO SECO,Um,6.0,Mercado Central,PLANILHAS-ATACADO-MERCADO-CENTRAL-JUNHO-13-8-E-10.pdf
2026-06-10,2026,6,Junho,10,"06 Jun (10,15,17)",Origem vegetal,COCO SECO,Um,6.0,Mercado Central,PRECO-VAREJO-MERCADO-CENTRAL-DE-ARACAJU-10-15-E-17-DE-JUNHO.pdf
2026-06-10,2026,6,Junho,10,"06 Jun (1,3,8,10)",Origem vegetal,COCO VERDE,Um,5.0,Mercado Central,PLANILHAS-ATACADO-MERCADO-CENTRAL-JUNHO-13-8-E-10.pdf
2026-06-10,2026,6,Junho,10,"06 Jun (10,15,17)",Origem vegetal,COCO VERDE,Um,5.0,Mercado Central,PRECO-VAREJO-MERCADO-CENTRAL-DE-ARACAJU-10-15-E-17-DE-JUNHO.pdf
2026-06-10,2026,6,Junho,10,"06 Jun (1,3,8,10)",Origem vegetal,COENTRO,Molho,2.0,Mercado Central,PLANILHAS-ATACADO-MERCADO-CENTRAL-JUNHO-13-8-E-10.pdf
2026-06-10,2026,6,Junho,10,"06 Jun (10,15,17)",Origem vegetal,COENTRO,Molho,2.0,Mercado Central,PRECO-VAREJO-MERCADO-CENTRAL-DE-ARACAJU-10-15-E-17-DE-JUNHO.pdf
2026-06-10,2026,6,Junho,10,"06 Jun (1,3,8,10)",Origem vegetal,COUVE,Molho,2.0,Mercado Central,PLANILHAS-ATACADO-MERCADO-CENTRAL-JUNHO-13-8-E-10.pdf
2026-06-10,2026,6,Junho,10,"06 Jun (10,15,17)",Origem vegetal,COUVE,Molho,2.0,Mercado Central,PRECO-VAREJO-MERCADO-CENTRAL-DE-ARACAJU-10-15-E-17-DE-JUNHO.pdf
2026-06-10,2026,6,Junho,10,"06 Jun (1,3,8,10)",Origem vegetal,COUVE-FLOR,Kg,14.0,Mercado Central,PLANILHAS-ATACADO-MERCADO-CENTRAL-JUNHO-13-8-E-10.pdf
2026-06-10,2026,6,Junho,10,"06 Jun (10,15,17)",Origem vegetal,COUVE-FLOR,Kg,14.0,Mercado Central,PRECO-VAREJO-MERCADO-CENTRAL-DE-ARACAJU-10-15-E-17-DE-JUNHO.pdf
2026-06-10,2026,6,Junho,10,"06 Jun (1,3,8,10)",Origem vegetal,FARINHA DE MANDIOCA,Kg,6.0,Mercado Central,PLANILHAS-ATACADO-MERCADO-CENTRAL-JUNHO-13-8-E-10.pdf
2026-06-10,2026,6,Junho,10,"06 Jun (10,15,17)",Origem vegetal,FARINHA DE MANDIOCA,Kg,6.0,Mercado Central,PRECO-VAREJO-MERCADO-CENTRAL-DE-ARACAJU-10-15-E-17-DE-JUNHO.pdf
2026-06-10,2026,6,Junho,10,"06 Jun (1,3,8,10)",Origem vegetal,FEIJAO CARIOQUINHA,Kg,9.0,Mercado Central,PLANILHAS-ATACADO-MERCADO-CENTRAL-JUNHO-13-8-E-10.pdf
2026-06-10,2026,6,Junho,10,"06 Jun (10,15,17)",Origem vegetal,FEIJAO CARIOQUINHA,Kg,9.0,Mercado Central,PRECO-VAREJO-MERCADO-CENTRAL-DE-ARACAJU-10-15-E-17-DE-JUNHO.pdf
2026-06-10,2026,6,Junho,10,"06 Jun (1,3,8,10)",Origem vegetal,GOIABA VERMELHA,Kg,3.0,Mercado Central,PLANILHAS-ATACADO-MERCADO-CENTRAL-JUNHO-13-8-E-10.pdf
2026-06-10,2026,6,Junho,10,"06 Jun (10,15,17)",Origem vegetal,GOIABA VERMELHA,Kg,3.0,Mercado Central,PRECO-VAREJO-MERCADO-CENTRAL-DE-ARACAJU-10-15-E-17-DE-JUNHO.pdf
2026-06-10,2026,6,Junho,10,"06 Jun (1,3,8,10)",Origem vegetal,INHAME DA COSTA,Kg,10.0,Mercado Central,PLANILHAS-ATACADO-MERCADO-CENTRAL-JUNHO-13-8-E-10.pdf
2026-06-10,2026,6,Junho,10,"06 Jun (10,15,17)",Origem vegetal,INHAME DA COSTA,Kg,10.0,Mercado Central,PRECO-VAREJO-MERCADO-CENTRAL-DE-ARACAJU-10-15-E-17-DE-JUNHO.pdf
2026-06-10,2026,6,Junho,10,"06 Jun (1,3,8,10)",Origem vegetal,LARANJA PERA,Uma,0.7,Mercado Central,PLANILHAS-ATACADO-MERCADO-CENTRAL-JUNHO-13-8-E-10.pdf
2026-06-10,2026,6,Junho,10,"06 Jun (10,15,17)",Origem vegetal,LARANJA PERA,Uma,0.7,Mercado Central,PRECO-VAREJO-MERCADO-CENTRAL-DE-ARACAJU-10-15-E-17-DE-JUNHO.pdf
2026-06-10,2026,6,Junho,10,"06 Jun (1,3,8,10)",Origem vegetal,LIMAO TAITI,Kg,4.0,Mercado Central,PLANILHAS-ATACADO-MERCADO-CENTRAL-JUNHO-13-8-E-10.pdf
2026-06-10,2026,6,Junho,10,"06 Jun (10,15,17)",Origem vegetal,LIMAO TAITI,Kg,4.0,Mercado Central,PRECO-VAREJO-MERCADO-CENTRAL-DE-ARACAJU-10-15-E-17-DE-JUNHO.pdf
2026-06-10,2026,6,Junho,10,"06 Jun (1,3,8,10)",Origem vegetal,MACA NACIONAL,Kg,10.0,Mercado Central,PLANILHAS-ATACADO-MERCADO-CENTRAL-JUNHO-13-8-E-10.pdf
2026-06-10,2026,6,Junho,10,"06 Jun (10,15,17)",Origem vegetal,MACA NACIONAL,Kg,10.0,Mercado Central,PRECO-VAREJO-MERCADO-CENTRAL-DE-ARACAJU-10-15-E-17-DE-JUNHO.pdf
2026-06-10,2026,6,Junho,10,"06 Jun (1,3,8,10)",Origem vegetal,MACAXEIRA (AIPIM),Kg,3.0,Mercado Central,PLANILHAS-ATACADO-MERCADO-CENTRAL-JUNHO-13-8-E-10.pdf
2026-06-10,2026,6,Junho,10,"06 Jun (10,15,17)",Origem vegetal,MACAXEIRA (AIPIM),Kg,3.0,Mercado Central,PRECO-VAREJO-MERCADO-CENTRAL-DE-ARACAJU-10-15-E-17-DE-JUNHO.pdf
2026-06-10,2026,6,Junho,10,"06 Jun (1,3,8,10)",Origem vegetal,MAMAO FORMOSA,Kg,3.0,Mercado Central,PLANILHAS-ATACADO-MERCADO-CENTRAL-JUNHO-13-8-E-10.pdf
2026-06-10,2026,6,Junho,10,"06 Jun (10,15,17)",Origem vegetal,MAMAO FORMOSA,Kg,3.0,Mercado Central,PRECO-VAREJO-MERCADO-CENTRAL-DE-ARACAJU-10-15-E-17-DE-JUNHO.pdf
2026-06-10,2026,6,Junho,10,"06 Jun (1,3,8,10)",Origem vegetal,MAMAO HAWAY,Kg,4.0,Mercado Central,PLANILHAS-ATACADO-MERCADO-CENTRAL-JUNHO-13-8-E-10.pdf
2026-06-10,2026,6,Junho,10,"06 Jun (10,15,17)",Origem vegetal,MAMAO HAWAY,Kg,4.0,Mercado Central,PRECO-VAREJO-MERCADO-CENTRAL-DE-ARACAJU-10-15-E-17-DE-JUNHO.pdf
2026-06-10,2026,6,Junho,10,"06 Jun (1,3,8,10)",Origem vegetal,MANGA TOMMY,Kg,6.0,Mercado Central,PLANILHAS-ATACADO-MERCADO-CENTRAL-JUNHO-13-8-E-10.pdf
2026-06-10,2026,6,Junho,10,"06 Jun (10,15,17)",Origem vegetal,MANGA TOMMY,Kg,6.0,Mercado Central,PRECO-VAREJO-MERCADO-CENTRAL-DE-ARACAJU-10-15-E-17-DE-JUNHO.pdf
2026-06-10,2026,6,Junho,10,"06 Jun (1,3,8,10)",Origem vegetal,MARACUJA,Kg,7.0,Mercado Central,PLANILHAS-ATACADO-MERCADO-CENTRAL-JUNHO-13-8-E-10.pdf
2026-06-10,2026,6,Junho,10,"06 Jun (10,15,17)",Origem vegetal,MARACUJA,Kg,7.0,Mercado Central,PRECO-VAREJO-MERCADO-CENTRAL-DE-ARACAJU-10-15-E-17-DE-JUNHO.pdf
2026-06-10,2026,6,Junho,10,"06 Jun (1,3,8,10)",Origem vegetal,MAXIXE,Kg,7.0,Mercado Central,PLANILHAS-ATACADO-MERCADO-CENTRAL-JUNHO-13-8-E-10.pdf
2026-06-10,2026,6,Junho,10,"06 Jun (10,15,17)",Origem vegetal,MAXIXE,Kg,7.0,Mercado Central,PRECO-VAREJO-MERCADO-CENTRAL-DE-ARACAJU-10-15-E-17-DE-JUNHO.pdf
2026-06-10,2026,6,Junho,10,"06 Jun (1,3,8,10)",Origem vegetal,MELANCIA,Kg,1.5,Mercado Central,PLANILHAS-ATACADO-MERCADO-CENTRAL-JUNHO-13-8-E-10.pdf
2026-06-10,2026,6,Junho,10,"06 Jun (10,15,17)",Origem vegetal,MELANCIA,Kg,1.5,Mercado Central,PRECO-VAREJO-MERCADO-CENTRAL-DE-ARACAJU-10-15-E-17-DE-JUNHO.pdf
2026-06-10,2026,6,Junho,10,"06 Jun (1,3,8,10)",Origem vegetal,MELAO ESPANHOL,Um,4.0,Mercado Central,PLANILHAS-ATACADO-MERCADO-CENTRAL-JUNHO-13-8-E-10.pdf
2026-06-10,2026,6,Junho,10,"06 Jun (10,15,17)",Origem vegetal,MELAO ESPANHOL,Um,4.0,Mercado Central,PRECO-VAREJO-MERCADO-CENTRAL-DE-ARACAJU-10-15-E-17-DE-JUNHO.pdf
2026-06-10,2026,6,Junho,10,"06 Jun (1,3,8,10)",Origem vegetal,MILHO EM GRAO,Kg,2.0,Mercado Central,PLANILHAS-ATACADO-MERCADO-CENTRAL-JUNHO-13-8-E-10.pdf
2026-06-10,2026,6,Junho,10,"06 Jun (10,15,17)",Origem vegetal,MILHO EM GRAO,Kg,2.0,Mercado Central,PRECO-VAREJO-MERCADO-CENTRAL-DE-ARACAJU-10-15-E-17-DE-JUNHO.pdf
2026-06-10,2026,6,Junho,10,"06 Jun (1,3,8,10)",Origem vegetal,MILHO VERDE,Espiga,1.5,Mercado Central,PLANILHAS-ATACADO-MERCADO-CENTRAL-JUNHO-13-8-E-10.pdf
2026-06-10,2026,6,Junho,10,"06 Jun (10,15,17)",Origem vegetal,MILHO VERDE,Espiga,1.5,Mercado Central,PRECO-VAREJO-MERCADO-CENTRAL-DE-ARACAJU-10-15-E-17-DE-JUNHO.pdf
2026-06-10,2026,6,Junho,10,"06 Jun (1,3,8,10)",Origem vegetal,MORANGO,"Cx 0,3Kg",10.0,Mercado Central,PLANILHAS-ATACADO-MERCADO-CENTRAL-JUNHO-13-8-E-10.pdf
2026-06-10,2026,6,Junho,10,"06 Jun (10,15,17)",Origem vegetal,MORANGO,"Cx 0,3Kg",10.0,Mercado Central,PRECO-VAREJO-MERCADO-CENTRAL-DE-ARACAJU-10-15-E-17-DE-JUNHO.pdf
2026-06-10,2026,6,Junho,10,"06 Jun (1,3,8,10)",Origem vegetal,PIMENTAO VERDE,Kg,2.0,Mercado Central,PLANILHAS-ATACADO-MERCADO-CENTRAL-JUNHO-13-8-E-10.pdf
2026-06-10,2026,6,Junho,10,"06 Jun (10,15,17)",Origem vegetal,PIMENTAO VERDE,Kg,2.0,Mercado Central,PRECO-VAREJO-MERCADO-CENTRAL-DE-ARACAJU-10-15-E-17-DE-JUNHO.pdf
2026-06-10,2026,6,Junho,10,"06 Jun (1,3,8,10)",Origem vegetal,QUIABO,Cento,20.0,Mercado Central,PLANILHAS-ATACADO-MERCADO-CENTRAL-JUNHO-13-8-E-10.pdf
2026-06-10,2026,6,Junho,10,"06 Jun (10,15,17)",Origem vegetal,QUIABO,Cento,20.0,Mercado Central,PRECO-VAREJO-MERCADO-CENTRAL-DE-ARACAJU-10-15-E-17-DE-JUNHO.pdf
2026-06-10,2026,6,Junho,10,"06 Jun (1,3,8,10)",Origem vegetal,REPOLHO VERDE,Kg,5.0,Mercado Central,PLANILHAS-ATACADO-MERCADO-CENTRAL-JUNHO-13-8-E-10.pdf
2026-06-10,2026,6,Junho,10,"06 Jun (10,15,17)",Origem vegetal,REPOLHO VERDE,Kg,5.0,Mercado Central,PRECO-VAREJO-MERCADO-CENTRAL-DE-ARACAJU-10-15-E-17-DE-JUNHO.pdf
2026-06-10,2026,6,Junho,10,"06 Jun (1,3,8,10)",Origem vegetal,TOMATE,Kg,8.0,Mercado Central,PLANILHAS-ATACADO-MERCADO-CENTRAL-JUNHO-13-8-E-10.pdf
2026-06-10,2026,6,Junho,10,"06 Jun (10,15,17)",Origem vegetal,TOMATE,Kg,8.0,Mercado Central,PRECO-VAREJO-MERCADO-CENTRAL-DE-ARACAJU-10-15-E-17-DE-JUNHO.pdf
2026-06-10,2026,6,Junho,10,"06 Jun (1,3,8,10)",Origem vegetal,UVA SEM SEMENTE,Kg,14.0,Mercado Central,PLANILHAS-ATACADO-MERCADO-CENTRAL-JUNHO-13-8-E-10.pdf
2026-06-10,2026,6,Junho,10,"06 Jun (10,15,17)",Origem vegetal,UVA SEM SEMENTE,Kg,14.0,Mercado Central,PRECO-VAREJO-MERCADO-CENTRAL-DE-ARACAJU-10-15-E-17-DE-JUNHO.pdf
2026-06-10,2026,6,Junho,10,"06 Jun (1,3,8,10)",Origem vegetal,VAGEM,Kg,25.0,Mercado Central,PLANILHAS-ATACADO-MERCADO-CENTRAL-JUNHO-13-8-E-10.pdf
2026-06-10,2026,6,Junho,10,"06 Jun (10,15,17)",Origem vegetal,VAGEM,Kg,25.0,Mercado Central,PRECO-VAREJO-MERCADO-CENTRAL-DE-ARACAJU-10-15-E-17-DE-JUNHO.pdf
2026-06-15,2026,6,Junho,15,"06 Jun (10,15,17)",Origem animal,ACEM C/ OSSO,Kg,26.0,Mercado Central,PRECO-VAREJO-MERCADO-CENTRAL-DE-ARACAJU-10-15-E-17-DE-JUNHO.pdf
2026-06-15,2026,6,Junho,15,"06 Jun (10,15,17)",Origem animal,ACEM S/ OSSO,Kg,35.0,Mercado Central,PRECO-VAREJO-MERCADO-CENTRAL-DE-ARACAJU-10-15-E-17-DE-JUNHO.pdf
2026-06-15,2026,6,Junho,15,"06 Jun (10,15,17)",Origem animal,ALCATRA,Kg,44.0,Mercado Central,PRECO-VAREJO-MERCADO-CENTRAL-DE-ARACAJU-10-15-E-17-DE-JUNHO.pdf
2026-06-15,2026,6,Junho,15,"06 Jun (10,15,17)",Origem animal,CARNE SUINA TRASEIRA,Kg,23.0,Mercado Central,PRECO-VAREJO-MERCADO-CENTRAL-DE-ARACAJU-10-15-E-17-DE-JUNHO.pdf
2026-06-15,2026,6,Junho,15,"06 Jun (10,15,17)",Origem animal,CHA DE DENTRO (COXAO MOLE),Kg,44.0,Mercado Central,PRECO-VAREJO-MERCADO-CENTRAL-DE-ARACAJU-10-15-E-17-DE-JUNHO.pdf
2026-06-15,2026,6,Junho,15,"06 Jun (10,15,17)",Origem animal,CHA DE FORA (COXAO DURO),Kg,39.0,Mercado Central,PRECO-VAREJO-MERCADO-CENTRAL-DE-ARACAJU-10-15-E-17-DE-JUNHO.pdf
2026-06-15,2026,6,Junho,15,"06 Jun (10,15,17)",Origem animal,CONTRA FILE,Kg,45.0,Mercado Central,PRECO-VAREJO-MERCADO-CENTRAL-DE-ARACAJU-10-15-E-17-DE-JUNHO.pdf
2026-06-15,2026,6,Junho,15,"06 Jun (10,15,17)",Origem animal,COSTELA,Kg,22.0,Mercado Central,PRECO-VAREJO-MERCADO-CENTRAL-DE-ARACAJU-10-15-E-17-DE-JUNHO.pdf
2026-06-15,2026,6,Junho,15,"06 Jun (10,15,17)",Origem animal,FILE MIGNION,Kg,55.0,Mercado Central,PRECO-VAREJO-MERCADO-CENTRAL-DE-ARACAJU-10-15-E-17-DE-JUNHO.pdf
2026-06-15,2026,6,Junho,15,"06 Jun (10,15,17)",Origem animal,FRANGO DE GRANJA,Kg,16.0,Mercado Central,PRECO-VAREJO-MERCADO-CENTRAL-DE-ARACAJU-10-15-E-17-DE-JUNHO.pdf
2026-06-15,2026,6,Junho,15,"06 Jun (10,15,17)",Origem animal,MANTEIGA,Kg,38.0,Mercado Central,PRECO-VAREJO-MERCADO-CENTRAL-DE-ARACAJU-10-15-E-17-DE-JUNHO.pdf
2026-06-15,2026,6,Junho,15,"06 Jun (10,15,17)",Origem animal,MUSCULO,Kg,27.0,Mercado Central,PRECO-VAREJO-MERCADO-CENTRAL-DE-ARACAJU-10-15-E-17-DE-JUNHO.pdf
2026-06-15,2026,6,Junho,15,"06 Jun (10,15,17)",Origem animal,OVO BRANCO GRANDE,Dz,8.0,Mercado Central,PRECO-VAREJO-MERCADO-CENTRAL-DE-ARACAJU-10-15-E-17-DE-JUNHO.pdf
2026-06-15,2026,6,Junho,15,"06 Jun (10,15,17)",Origem animal,OVO VERMELHO GRANDE,Dz,9.0,Mercado Central,PRECO-VAREJO-MERCADO-CENTRAL-DE-ARACAJU-10-15-E-17-DE-JUNHO.pdf
2026-06-15,2026,6,Junho,15,"06 Jun (10,15,17)",Origem animal,PALETA C/ OSSO,Kg,25.0,Mercado Central,PRECO-VAREJO-MERCADO-CENTRAL-DE-ARACAJU-10-15-E-17-DE-JUNHO.pdf
2026-06-15,2026,6,Junho,15,"06 Jun (10,15,17)",Origem animal,PATINHO,Kg,38.0,Mercado Central,PRECO-VAREJO-MERCADO-CENTRAL-DE-ARACAJU-10-15-E-17-DE-JUNHO.pdf
2026-06-15,2026,6,Junho,15,"06 Jun (10,15,17)",Origem animal,PEITO C/ OSSO,Kg,25.0,Mercado Central,PRECO-VAREJO-MERCADO-CENTRAL-DE-ARACAJU-10-15-E-17-DE-JUNHO.pdf
2026-06-15,2026,6,Junho,15,"06 Jun (10,15,17)",Origem animal,QUEIJO COALHO,Kg,28.0,Mercado Central,PRECO-VAREJO-MERCADO-CENTRAL-DE-ARACAJU-10-15-E-17-DE-JUNHO.pdf
2026-06-15,2026,6,Junho,15,"06 Jun (10,15,17)",Origem vegetal,ABACAXI GRANDE,Um,7.0,Mercado Central,PRECO-VAREJO-MERCADO-CENTRAL-DE-ARACAJU-10-15-E-17-DE-JUNHO.pdf
2026-06-15,2026,6,Junho,15,"06 Jun (10,15,17)",Origem vegetal,ABOBORA,Kg,5.0,Mercado Central,PRECO-VAREJO-MERCADO-CENTRAL-DE-ARACAJU-10-15-E-17-DE-JUNHO.pdf
2026-06-15,2026,6,Junho,15,"06 Jun (10,15,17)",Origem vegetal,ABOBRINHA,Kg,4.0,Mercado Central,PRECO-VAREJO-MERCADO-CENTRAL-DE-ARACAJU-10-15-E-17-DE-JUNHO.pdf
2026-06-15,2026,6,Junho,15,"06 Jun (10,15,17)",Origem vegetal,ACEROLA,Kg,8.0,Mercado Central,PRECO-VAREJO-MERCADO-CENTRAL-DE-ARACAJU-10-15-E-17-DE-JUNHO.pdf
2026-06-15,2026,6,Junho,15,"06 Jun (10,15,17)",Origem vegetal,ALFACE,Pe,2.0,Mercado Central,PRECO-VAREJO-MERCADO-CENTRAL-DE-ARACAJU-10-15-E-17-DE-JUNHO.pdf
2026-06-15,2026,6,Junho,15,"06 Jun (10,15,17)",Origem vegetal,ALHO,Cab.,2.5,Mercado Central,PRECO-VAREJO-MERCADO-CENTRAL-DE-ARACAJU-10-15-E-17-DE-JUNHO.pdf
2026-06-15,2026,6,Junho,15,"06 Jun (10,15,17)",Origem vegetal,AMENDOIM C/CASCA COZIDO,Kg,10.0,Mercado Central,PRECO-VAREJO-MERCADO-CENTRAL-DE-ARACAJU-10-15-E-17-DE-JUNHO.pdf
2026-06-15,2026,6,Junho,15,"06 Jun (10,15,17)",Origem vegetal,ARROZ AGULHA T 1,Kg,6.0,Mercado Central,PRECO-VAREJO-MERCADO-CENTRAL-DE-ARACAJU-10-15-E-17-DE-JUNHO.pdf
2026-06-15,2026,6,Junho,15,"06 Jun (10,15,17)",Origem vegetal,BANANA PRATA,Dz,5.0,Mercado Central,PRECO-VAREJO-MERCADO-CENTRAL-DE-ARACAJU-10-15-E-17-DE-JUNHO.pdf
2026-06-15,2026,6,Junho,15,"06 Jun (10,15,17)",Origem vegetal,BATATA DOCE,Kg,6.0,Mercado Central,PRECO-VAREJO-MERCADO-CENTRAL-DE-ARACAJU-10-15-E-17-DE-JUNHO.pdf
2026-06-15,2026,6,Junho,15,"06 Jun (10,15,17)",Origem vegetal,BATATA LISA,Kg,9.0,Mercado Central,PRECO-VAREJO-MERCADO-CENTRAL-DE-ARACAJU-10-15-E-17-DE-JUNHO.pdf
2026-06-15,2026,6,Junho,15,"06 Jun (10,15,17)",Origem vegetal,BETERRABA,Kg,7.0,Mercado Central,PRECO-VAREJO-MERCADO-CENTRAL-DE-ARACAJU-10-15-E-17-DE-JUNHO.pdf
2026-06-15,2026,6,Junho,15,"06 Jun (10,15,17)",Origem vegetal,CAJU,Um,1.0,Mercado Central,PRECO-VAREJO-MERCADO-CENTRAL-DE-ARACAJU-10-15-E-17-DE-JUNHO.pdf
2026-06-15,2026,6,Junho,15,"06 Jun (10,15,17)",Origem vegetal,CEBOLA BRANCA,Kg,6.0,Mercado Central,PRECO-VAREJO-MERCADO-CENTRAL-DE-ARACAJU-10-15-E-17-DE-JUNHO.pdf
2026-06-15,2026,6,Junho,15,"06 Jun (10,15,17)",Origem vegetal,CEBOLA ROXA,Kg,7.0,Mercado Central,PRECO-VAREJO-MERCADO-CENTRAL-DE-ARACAJU-10-15-E-17-DE-JUNHO.pdf
2026-06-15,2026,6,Junho,15,"06 Jun (10,15,17)",Origem vegetal,CEBOLINHA,Molho,2.0,Mercado Central,PRECO-VAREJO-MERCADO-CENTRAL-DE-ARACAJU-10-15-E-17-DE-JUNHO.pdf
2026-06-15,2026,6,Junho,15,"06 Jun (10,15,17)",Origem vegetal,CENOURA,Kg,6.0,Mercado Central,PRECO-VAREJO-MERCADO-CENTRAL-DE-ARACAJU-10-15-E-17-DE-JUNHO.pdf
2026-06-15,2026,6,Junho,15,"06 Jun (10,15,17)",Origem vegetal,CHUCHU,Um,2.0,Mercado Central,PRECO-VAREJO-MERCADO-CENTRAL-DE-ARACAJU-10-15-E-17-DE-JUNHO.pdf
2026-06-15,2026,6,Junho,15,"06 Jun (10,15,17)",Origem vegetal,COCO SECO,Um,6.0,Mercado Central,PRECO-VAREJO-MERCADO-CENTRAL-DE-ARACAJU-10-15-E-17-DE-JUNHO.pdf
2026-06-15,2026,6,Junho,15,"06 Jun (10,15,17)",Origem vegetal,COCO VERDE,Um,5.0,Mercado Central,PRECO-VAREJO-MERCADO-CENTRAL-DE-ARACAJU-10-15-E-17-DE-JUNHO.pdf
2026-06-15,2026,6,Junho,15,"06 Jun (10,15,17)",Origem vegetal,COENTRO,Molho,2.0,Mercado Central,PRECO-VAREJO-MERCADO-CENTRAL-DE-ARACAJU-10-15-E-17-DE-JUNHO.pdf
2026-06-15,2026,6,Junho,15,"06 Jun (10,15,17)",Origem vegetal,COUVE,Molho,2.0,Mercado Central,PRECO-VAREJO-MERCADO-CENTRAL-DE-ARACAJU-10-15-E-17-DE-JUNHO.pdf
2026-06-15,2026,6,Junho,15,"06 Jun (10,15,17)",Origem vegetal,COUVE-FLOR,Kg,14.0,Mercado Central,PRECO-VAREJO-MERCADO-CENTRAL-DE-ARACAJU-10-15-E-17-DE-JUNHO.pdf
2026-06-15,2026,6,Junho,15,"06 Jun (10,15,17)",Origem vegetal,FARINHA DE MANDIOCA,Kg,6.0,Mercado Central,PRECO-VAREJO-MERCADO-CENTRAL-DE-ARACAJU-10-15-E-17-DE-JUNHO.pdf
2026-06-15,2026,6,Junho,15,"06 Jun (10,15,17)",Origem vegetal,FEIJAO CARIOQUINHA,Kg,9.0,Mercado Central,PRECO-VAREJO-MERCADO-CENTRAL-DE-ARACAJU-10-15-E-17-DE-JUNHO.pdf
2026-06-15,2026,6,Junho,15,"06 Jun (10,15,17)",Origem vegetal,GOIABA VERMELHA,Kg,3.0,Mercado Central,PRECO-VAREJO-MERCADO-CENTRAL-DE-ARACAJU-10-15-E-17-DE-JUNHO.pdf
2026-06-15,2026,6,Junho,15,"06 Jun (10,15,17)",Origem vegetal,INHAME DA COSTA,Kg,12.0,Mercado Central,PRECO-VAREJO-MERCADO-CENTRAL-DE-ARACAJU-10-15-E-17-DE-JUNHO.pdf
2026-06-15,2026,6,Junho,15,"06 Jun (10,15,17)",Origem vegetal,LARANJA PERA,Uma,0.7,Mercado Central,PRECO-VAREJO-MERCADO-CENTRAL-DE-ARACAJU-10-15-E-17-DE-JUNHO.pdf
2026-06-15,2026,6,Junho,15,"06 Jun (10,15,17)",Origem vegetal,LIMAO TAITI,Kg,4.0,Mercado Central,PRECO-VAREJO-MERCADO-CENTRAL-DE-ARACAJU-10-15-E-17-DE-JUNHO.pdf
2026-06-15,2026,6,Junho,15,"06 Jun (10,15,17)",Origem vegetal,MACA NACIONAL,Kg,12.0,Mercado Central,PRECO-VAREJO-MERCADO-CENTRAL-DE-ARACAJU-10-15-E-17-DE-JUNHO.pdf
2026-06-15,2026,6,Junho,15,"06 Jun (10,15,17)",Origem vegetal,MACAXEIRA (AIPIM),Kg,3.0,Mercado Central,PRECO-VAREJO-MERCADO-CENTRAL-DE-ARACAJU-10-15-E-17-DE-JUNHO.pdf
2026-06-15,2026,6,Junho,15,"06 Jun (10,15,17)",Origem vegetal,MAMAO FORMOSA,Kg,3.0,Mercado Central,PRECO-VAREJO-MERCADO-CENTRAL-DE-ARACAJU-10-15-E-17-DE-JUNHO.pdf
2026-06-15,2026,6,Junho,15,"06 Jun (10,15,17)",Origem vegetal,MAMAO HAWAY,Kg,4.0,Mercado Central,PRECO-VAREJO-MERCADO-CENTRAL-DE-ARACAJU-10-15-E-17-DE-JUNHO.pdf
2026-06-15,2026,6,Junho,15,"06 Jun (10,15,17)",Origem vegetal,MANGA TOMMY,Kg,6.0,Mercado Central,PRECO-VAREJO-MERCADO-CENTRAL-DE-ARACAJU-10-15-E-17-DE-JUNHO.pdf
2026-06-15,2026,6,Junho,15,"06 Jun (10,15,17)",Origem vegetal,MARACUJA,Kg,7.0,Mercado Central,PRECO-VAREJO-MERCADO-CENTRAL-DE-ARACAJU-10-15-E-17-DE-JUNHO.pdf
2026-06-15,2026,6,Junho,15,"06 Jun (10,15,17)",Origem vegetal,MAXIXE,Kg,7.0,Mercado Central,PRECO-VAREJO-MERCADO-CENTRAL-DE-ARACAJU-10-15-E-17-DE-JUNHO.pdf
2026-06-15,2026,6,Junho,15,"06 Jun (10,15,17)",Origem vegetal,MELANCIA,Kg,1.5,Mercado Central,PRECO-VAREJO-MERCADO-CENTRAL-DE-ARACAJU-10-15-E-17-DE-JUNHO.pdf
2026-06-15,2026,6,Junho,15,"06 Jun (10,15,17)",Origem vegetal,MELAO ESPANHOL,Um,4.0,Mercado Central,PRECO-VAREJO-MERCADO-CENTRAL-DE-ARACAJU-10-15-E-17-DE-JUNHO.pdf
2026-06-15,2026,6,Junho,15,"06 Jun (10,15,17)",Origem vegetal,MILHO EM GRAO,Kg,2.0,Mercado Central,PRECO-VAREJO-MERCADO-CENTRAL-DE-ARACAJU-10-15-E-17-DE-JUNHO.pdf
2026-06-15,2026,6,Junho,15,"06 Jun (10,15,17)",Origem vegetal,MILHO VERDE,Espiga,0.8,Mercado Central,PRECO-VAREJO-MERCADO-CENTRAL-DE-ARACAJU-10-15-E-17-DE-JUNHO.pdf
2026-06-15,2026,6,Junho,15,"06 Jun (10,15,17)",Origem vegetal,MORANGO,"Cx 0,3Kg",12.0,Mercado Central,PRECO-VAREJO-MERCADO-CENTRAL-DE-ARACAJU-10-15-E-17-DE-JUNHO.pdf
2026-06-15,2026,6,Junho,15,"06 Jun (10,15,17)",Origem vegetal,PIMENTAO VERDE,Kg,2.0,Mercado Central,PRECO-VAREJO-MERCADO-CENTRAL-DE-ARACAJU-10-15-E-17-DE-JUNHO.pdf
2026-06-15,2026,6,Junho,15,"06 Jun (10,15,17)",Origem vegetal,QUIABO,Cento,20.0,Mercado Central,PRECO-VAREJO-MERCADO-CENTRAL-DE-ARACAJU-10-15-E-17-DE-JUNHO.pdf
2026-06-15,2026,6,Junho,15,"06 Jun (10,15,17)",Origem vegetal,REPOLHO VERDE,Kg,6.0,Mercado Central,PRECO-VAREJO-MERCADO-CENTRAL-DE-ARACAJU-10-15-E-17-DE-JUNHO.pdf
2026-06-15,2026,6,Junho,15,"06 Jun (10,15,17)",Origem vegetal,TOMATE,Kg,8.0,Mercado Central,PRECO-VAREJO-MERCADO-CENTRAL-DE-ARACAJU-10-15-E-17-DE-JUNHO.pdf
2026-06-15,2026,6,Junho,15,"06 Jun (10,15,17)",Origem vegetal,UVA SEM SEMENTE,Kg,14.0,Mercado Central,PRECO-VAREJO-MERCADO-CENTRAL-DE-ARACAJU-10-15-E-17-DE-JUNHO.pdf
2026-06-15,2026,6,Junho,15,"06 Jun (10,15,17)",Origem vegetal,VAGEM,Kg,25.0,Mercado Central,PRECO-VAREJO-MERCADO-CENTRAL-DE-ARACAJU-10-15-E-17-DE-JUNHO.pdf
2026-06-17,2026,6,Junho,17,"06 Jun (10,15,17)",Origem animal,ACEM C/ OSSO,Kg,26.0,Mercado Central,PRECO-VAREJO-MERCADO-CENTRAL-DE-ARACAJU-10-15-E-17-DE-JUNHO.pdf
2026-06-17,2026,6,Junho,17,"06 Jun (10,15,17)",Origem animal,ACEM S/ OSSO,Kg,35.0,Mercado Central,PRECO-VAREJO-MERCADO-CENTRAL-DE-ARACAJU-10-15-E-17-DE-JUNHO.pdf
2026-06-17,2026,6,Junho,17,"06 Jun (10,15,17)",Origem animal,ALCATRA,Kg,44.0,Mercado Central,PRECO-VAREJO-MERCADO-CENTRAL-DE-ARACAJU-10-15-E-17-DE-JUNHO.pdf
2026-06-17,2026,6,Junho,17,"06 Jun (10,15,17)",Origem animal,CARNE SUINA TRASEIRA,Kg,23.0,Mercado Central,PRECO-VAREJO-MERCADO-CENTRAL-DE-ARACAJU-10-15-E-17-DE-JUNHO.pdf
2026-06-17,2026,6,Junho,17,"06 Jun (10,15,17)",Origem animal,CHA DE DENTRO (COXAO MOLE),Kg,44.0,Mercado Central,PRECO-VAREJO-MERCADO-CENTRAL-DE-ARACAJU-10-15-E-17-DE-JUNHO.pdf
2026-06-17,2026,6,Junho,17,"06 Jun (10,15,17)",Origem animal,CHA DE FORA (COXAO DURO),Kg,39.0,Mercado Central,PRECO-VAREJO-MERCADO-CENTRAL-DE-ARACAJU-10-15-E-17-DE-JUNHO.pdf
2026-06-17,2026,6,Junho,17,"06 Jun (10,15,17)",Origem animal,CONTRA FILE,Kg,45.0,Mercado Central,PRECO-VAREJO-MERCADO-CENTRAL-DE-ARACAJU-10-15-E-17-DE-JUNHO.pdf
2026-06-17,2026,6,Junho,17,"06 Jun (10,15,17)",Origem animal,COSTELA,Kg,22.0,Mercado Central,PRECO-VAREJO-MERCADO-CENTRAL-DE-ARACAJU-10-15-E-17-DE-JUNHO.pdf
2026-06-17,2026,6,Junho,17,"06 Jun (10,15,17)",Origem animal,FILE MIGNION,Kg,55.0,Mercado Central,PRECO-VAREJO-MERCADO-CENTRAL-DE-ARACAJU-10-15-E-17-DE-JUNHO.pdf
2026-06-17,2026,6,Junho,17,"06 Jun (10,15,17)",Origem animal,FRANGO DE GRANJA,Kg,16.0,Mercado Central,PRECO-VAREJO-MERCADO-CENTRAL-DE-ARACAJU-10-15-E-17-DE-JUNHO.pdf
2026-06-17,2026,6,Junho,17,"06 Jun (10,15,17)",Origem animal,MANTEIGA,Kg,38.0,Mercado Central,PRECO-VAREJO-MERCADO-CENTRAL-DE-ARACAJU-10-15-E-17-DE-JUNHO.pdf
2026-06-17,2026,6,Junho,17,"06 Jun (10,15,17)",Origem animal,MUSCULO,Kg,27.0,Mercado Central,PRECO-VAREJO-MERCADO-CENTRAL-DE-ARACAJU-10-15-E-17-DE-JUNHO.pdf
2026-06-17,2026,6,Junho,17,"06 Jun (10,15,17)",Origem animal,OVO BRANCO GRANDE,Dz,8.0,Mercado Central,PRECO-VAREJO-MERCADO-CENTRAL-DE-ARACAJU-10-15-E-17-DE-JUNHO.pdf
2026-06-17,2026,6,Junho,17,"06 Jun (10,15,17)",Origem animal,OVO VERMELHO GRANDE,Dz,9.0,Mercado Central,PRECO-VAREJO-MERCADO-CENTRAL-DE-ARACAJU-10-15-E-17-DE-JUNHO.pdf
2026-06-17,2026,6,Junho,17,"06 Jun (10,15,17)",Origem animal,PALETA C/ OSSO,Kg,25.0,Mercado Central,PRECO-VAREJO-MERCADO-CENTRAL-DE-ARACAJU-10-15-E-17-DE-JUNHO.pdf
2026-06-17,2026,6,Junho,17,"06 Jun (10,15,17)",Origem animal,PATINHO,Kg,38.0,Mercado Central,PRECO-VAREJO-MERCADO-CENTRAL-DE-ARACAJU-10-15-E-17-DE-JUNHO.pdf
2026-06-17,2026,6,Junho,17,"06 Jun (10,15,17)",Origem animal,PEITO C/ OSSO,Kg,25.0,Mercado Central,PRECO-VAREJO-MERCADO-CENTRAL-DE-ARACAJU-10-15-E-17-DE-JUNHO.pdf
2026-06-17,2026,6,Junho,17,"06 Jun (10,15,17)",Origem animal,QUEIJO COALHO,Kg,28.0,Mercado Central,PRECO-VAREJO-MERCADO-CENTRAL-DE-ARACAJU-10-15-E-17-DE-JUNHO.pdf
2026-06-17,2026,6,Junho,17,"06 Jun (10,15,17)",Origem vegetal,ABACAXI GRANDE,Um,7.0,Mercado Central,PRECO-VAREJO-MERCADO-CENTRAL-DE-ARACAJU-10-15-E-17-DE-JUNHO.pdf
2026-06-17,2026,6,Junho,17,"06 Jun (10,15,17)",Origem vegetal,ABOBORA,Kg,5.0,Mercado Central,PRECO-VAREJO-MERCADO-CENTRAL-DE-ARACAJU-10-15-E-17-DE-JUNHO.pdf
2026-06-17,2026,6,Junho,17,"06 Jun (10,15,17)",Origem vegetal,ABOBRINHA,Kg,4.0,Mercado Central,PRECO-VAREJO-MERCADO-CENTRAL-DE-ARACAJU-10-15-E-17-DE-JUNHO.pdf
2026-06-17,2026,6,Junho,17,"06 Jun (10,15,17)",Origem vegetal,ACEROLA,Kg,8.0,Mercado Central,PRECO-VAREJO-MERCADO-CENTRAL-DE-ARACAJU-10-15-E-17-DE-JUNHO.pdf
2026-06-17,2026,6,Junho,17,"06 Jun (10,15,17)",Origem vegetal,ALFACE,Pe,2.0,Mercado Central,PRECO-VAREJO-MERCADO-CENTRAL-DE-ARACAJU-10-15-E-17-DE-JUNHO.pdf
2026-06-17,2026,6,Junho,17,"06 Jun (10,15,17)",Origem vegetal,ALHO,Cab.,2.5,Mercado Central,PRECO-VAREJO-MERCADO-CENTRAL-DE-ARACAJU-10-15-E-17-DE-JUNHO.pdf
2026-06-17,2026,6,Junho,17,"06 Jun (10,15,17)",Origem vegetal,AMENDOIM C/CASCA COZIDO,Kg,10.0,Mercado Central,PRECO-VAREJO-MERCADO-CENTRAL-DE-ARACAJU-10-15-E-17-DE-JUNHO.pdf
2026-06-17,2026,6,Junho,17,"06 Jun (10,15,17)",Origem vegetal,ARROZ AGULHA T 1,Kg,6.0,Mercado Central,PRECO-VAREJO-MERCADO-CENTRAL-DE-ARACAJU-10-15-E-17-DE-JUNHO.pdf
2026-06-17,2026,6,Junho,17,"06 Jun (10,15,17)",Origem vegetal,BANANA PRATA,Dz,5.0,Mercado Central,PRECO-VAREJO-MERCADO-CENTRAL-DE-ARACAJU-10-15-E-17-DE-JUNHO.pdf
2026-06-17,2026,6,Junho,17,"06 Jun (10,15,17)",Origem vegetal,BATATA DOCE,Kg,6.0,Mercado Central,PRECO-VAREJO-MERCADO-CENTRAL-DE-ARACAJU-10-15-E-17-DE-JUNHO.pdf
2026-06-17,2026,6,Junho,17,"06 Jun (10,15,17)",Origem vegetal,BATATA LISA,Kg,9.0,Mercado Central,PRECO-VAREJO-MERCADO-CENTRAL-DE-ARACAJU-10-15-E-17-DE-JUNHO.pdf
2026-06-17,2026,6,Junho,17,"06 Jun (10,15,17)",Origem vegetal,BETERRABA,Kg,7.0,Mercado Central,PRECO-VAREJO-MERCADO-CENTRAL-DE-ARACAJU-10-15-E-17-DE-JUNHO.pdf
2026-06-17,2026,6,Junho,17,"06 Jun (10,15,17)",Origem vegetal,CAJU,Um,1.0,Mercado Central,PRECO-VAREJO-MERCADO-CENTRAL-DE-ARACAJU-10-15-E-17-DE-JUNHO.pdf
2026-06-17,2026,6,Junho,17,"06 Jun (10,15,17)",Origem vegetal,CEBOLA BRANCA,Kg,6.0,Mercado Central,PRECO-VAREJO-MERCADO-CENTRAL-DE-ARACAJU-10-15-E-17-DE-JUNHO.pdf
2026-06-17,2026,6,Junho,17,"06 Jun (10,15,17)",Origem vegetal,CEBOLA ROXA,Kg,7.0,Mercado Central,PRECO-VAREJO-MERCADO-CENTRAL-DE-ARACAJU-10-15-E-17-DE-JUNHO.pdf
2026-06-17,2026,6,Junho,17,"06 Jun (10,15,17)",Origem vegetal,CEBOLINHA,Molho,2.0,Mercado Central,PRECO-VAREJO-MERCADO-CENTRAL-DE-ARACAJU-10-15-E-17-DE-JUNHO.pdf
2026-06-17,2026,6,Junho,17,"06 Jun (10,15,17)",Origem vegetal,CENOURA,Kg,6.0,Mercado Central,PRECO-VAREJO-MERCADO-CENTRAL-DE-ARACAJU-10-15-E-17-DE-JUNHO.pdf
2026-06-17,2026,6,Junho,17,"06 Jun (10,15,17)",Origem vegetal,CHUCHU,Um,2.0,Mercado Central,PRECO-VAREJO-MERCADO-CENTRAL-DE-ARACAJU-10-15-E-17-DE-JUNHO.pdf
2026-06-17,2026,6,Junho,17,"06 Jun (10,15,17)",Origem vegetal,COCO SECO,Um,6.0,Mercado Central,PRECO-VAREJO-MERCADO-CENTRAL-DE-ARACAJU-10-15-E-17-DE-JUNHO.pdf
2026-06-17,2026,6,Junho,17,"06 Jun (10,15,17)",Origem vegetal,COCO VERDE,Um,5.0,Mercado Central,PRECO-VAREJO-MERCADO-CENTRAL-DE-ARACAJU-10-15-E-17-DE-JUNHO.pdf
2026-06-17,2026,6,Junho,17,"06 Jun (10,15,17)",Origem vegetal,COENTRO,Molho,2.0,Mercado Central,PRECO-VAREJO-MERCADO-CENTRAL-DE-ARACAJU-10-15-E-17-DE-JUNHO.pdf
2026-06-17,2026,6,Junho,17,"06 Jun (10,15,17)",Origem vegetal,COUVE,Molho,2.0,Mercado Central,PRECO-VAREJO-MERCADO-CENTRAL-DE-ARACAJU-10-15-E-17-DE-JUNHO.pdf
2026-06-17,2026,6,Junho,17,"06 Jun (10,15,17)",Origem vegetal,COUVE-FLOR,Kg,14.0,Mercado Central,PRECO-VAREJO-MERCADO-CENTRAL-DE-ARACAJU-10-15-E-17-DE-JUNHO.pdf
2026-06-17,2026,6,Junho,17,"06 Jun (10,15,17)",Origem vegetal,FARINHA DE MANDIOCA,Kg,6.0,Mercado Central,PRECO-VAREJO-MERCADO-CENTRAL-DE-ARACAJU-10-15-E-17-DE-JUNHO.pdf
2026-06-17,2026,6,Junho,17,"06 Jun (10,15,17)",Origem vegetal,FEIJAO CARIOQUINHA,Kg,9.0,Mercado Central,PRECO-VAREJO-MERCADO-CENTRAL-DE-ARACAJU-10-15-E-17-DE-JUNHO.pdf
2026-06-17,2026,6,Junho,17,"06 Jun (10,15,17)",Origem vegetal,GOIABA VERMELHA,Kg,3.0,Mercado Central,PRECO-VAREJO-MERCADO-CENTRAL-DE-ARACAJU-10-15-E-17-DE-JUNHO.pdf
2026-06-17,2026,6,Junho,17,"06 Jun (10,15,17)",Origem vegetal,INHAME DA COSTA,Kg,12.0,Mercado Central,PRECO-VAREJO-MERCADO-CENTRAL-DE-ARACAJU-10-15-E-17-DE-JUNHO.pdf
2026-06-17,2026,6,Junho,17,"06 Jun (10,15,17)",Origem vegetal,LARANJA PERA,Uma,0.7,Mercado Central,PRECO-VAREJO-MERCADO-CENTRAL-DE-ARACAJU-10-15-E-17-DE-JUNHO.pdf
2026-06-17,2026,6,Junho,17,"06 Jun (10,15,17)",Origem vegetal,LIMAO TAITI,Kg,4.0,Mercado Central,PRECO-VAREJO-MERCADO-CENTRAL-DE-ARACAJU-10-15-E-17-DE-JUNHO.pdf
2026-06-17,2026,6,Junho,17,"06 Jun (10,15,17)",Origem vegetal,MACA NACIONAL,Kg,12.0,Mercado Central,PRECO-VAREJO-MERCADO-CENTRAL-DE-ARACAJU-10-15-E-17-DE-JUNHO.pdf
2026-06-17,2026,6,Junho,17,"06 Jun (10,15,17)",Origem vegetal,MACAXEIRA (AIPIM),Kg,3.0,Mercado Central,PRECO-VAREJO-MERCADO-CENTRAL-DE-ARACAJU-10-15-E-17-DE-JUNHO.pdf
2026-06-17,2026,6,Junho,17,"06 Jun (10,15,17)",Origem vegetal,MAMAO FORMOSA,Kg,3.0,Mercado Central,PRECO-VAREJO-MERCADO-CENTRAL-DE-ARACAJU-10-15-E-17-DE-JUNHO.pdf
2026-06-17,2026,6,Junho,17,"06 Jun (10,15,17)",Origem vegetal,MAMAO HAWAY,Kg,4.0,Mercado Central,PRECO-VAREJO-MERCADO-CENTRAL-DE-ARACAJU-10-15-E-17-DE-JUNHO.pdf
2026-06-17,2026,6,Junho,17,"06 Jun (10,15,17)",Origem vegetal,MANGA TOMMY,Kg,6.0,Mercado Central,PRECO-VAREJO-MERCADO-CENTRAL-DE-ARACAJU-10-15-E-17-DE-JUNHO.pdf
2026-06-17,2026,6,Junho,17,"06 Jun (10,15,17)",Origem vegetal,MARACUJA,Kg,7.0,Mercado Central,PRECO-VAREJO-MERCADO-CENTRAL-DE-ARACAJU-10-15-E-17-DE-JUNHO.pdf
2026-06-17,2026,6,Junho,17,"06 Jun (10,15,17)",Origem vegetal,MAXIXE,Kg,7.0,Mercado Central,PRECO-VAREJO-MERCADO-CENTRAL-DE-ARACAJU-10-15-E-17-DE-JUNHO.pdf
2026-06-17,2026,6,Junho,17,"06 Jun (10,15,17)",Origem vegetal,MELANCIA,Kg,1.5,Mercado Central,PRECO-VAREJO-MERCADO-CENTRAL-DE-ARACAJU-10-15-E-17-DE-JUNHO.pdf
2026-06-17,2026,6,Junho,17,"06 Jun (10,15,17)",Origem vegetal,MELAO ESPANHOL,Um,4.0,Mercado Central,PRECO-VAREJO-MERCADO-CENTRAL-DE-ARACAJU-10-15-E-17-DE-JUNHO.pdf
2026-06-17,2026,6,Junho,17,"06 Jun (10,15,17)",Origem vegetal,MILHO EM GRAO,Kg,2.0,Mercado Central,PRECO-VAREJO-MERCADO-CENTRAL-DE-ARACAJU-10-15-E-17-DE-JUNHO.pdf
2026-06-17,2026,6,Junho,17,"06 Jun (10,15,17)",Origem vegetal,MILHO VERDE,Espiga,0.8,Mercado Central,PRECO-VAREJO-MERCADO-CENTRAL-DE-ARACAJU-10-15-E-17-DE-JUNHO.pdf
2026-06-17,2026,6,Junho,17,"06 Jun (10,15,17)",Origem vegetal,MORANGO,"Cx 0,3Kg",12.0,Mercado Central,PRECO-VAREJO-MERCADO-CENTRAL-DE-ARACAJU-10-15-E-17-DE-JUNHO.pdf
2026-06-17,2026,6,Junho,17,"06 Jun (10,15,17)",Origem vegetal,PIMENTAO VERDE,Kg,2.0,Mercado Central,PRECO-VAREJO-MERCADO-CENTRAL-DE-ARACAJU-10-15-E-17-DE-JUNHO.pdf
2026-06-17,2026,6,Junho,17,"06 Jun (10,15,17)",Origem vegetal,QUIABO,Cento,20.0,Mercado Central,PRECO-VAREJO-MERCADO-CENTRAL-DE-ARACAJU-10-15-E-17-DE-JUNHO.pdf
2026-06-17,2026,6,Junho,17,"06 Jun (10,15,17)",Origem vegetal,REPOLHO VERDE,Kg,6.0,Mercado Central,PRECO-VAREJO-MERCADO-CENTRAL-DE-ARACAJU-10-15-E-17-DE-JUNHO.pdf
2026-06-17,2026,6,Junho,17,"06 Jun (10,15,17)",Origem vegetal,TOMATE,Kg,8.0,Mercado Central,PRECO-VAREJO-MERCADO-CENTRAL-DE-ARACAJU-10-15-E-17-DE-JUNHO.pdf
2026-06-17,2026,6,Junho,17,"06 Jun (10,15,17)",Origem vegetal,UVA SEM SEMENTE,Kg,14.0,Mercado Central,PRECO-VAREJO-MERCADO-CENTRAL-DE-ARACAJU-10-15-E-17-DE-JUNHO.pdf
2026-06-17,2026,6,Junho,17,"06 Jun (10,15,17)",Origem vegetal,VAGEM,Kg,25.0,Mercado Central,PRECO-VAREJO-MERCADO-CENTRAL-DE-ARACAJU-10-15-E-17-DE-JUNHO.pdf
2026-06-22,2026,6,Junho,22,"06 Jun (22,25,29)",Origem animal,ACEM C/ OSSO,Kg,26.0,Mercado Central,PRECO-VAREJO-MERCADO-CENTRAL-DE-ARACAJU-22-25-E-29-DE-JUNHO.pdf
2026-06-22,2026,6,Junho,22,"06 Jun (22,25,29)",Origem animal,ACEM S/ OSSO,Kg,35.0,Mercado Central,PRECO-VAREJO-MERCADO-CENTRAL-DE-ARACAJU-22-25-E-29-DE-JUNHO.pdf
2026-06-22,2026,6,Junho,22,"06 Jun (22,25,29)",Origem animal,ALCATRA,Kg,44.0,Mercado Central,PRECO-VAREJO-MERCADO-CENTRAL-DE-ARACAJU-22-25-E-29-DE-JUNHO.pdf
2026-06-22,2026,6,Junho,22,"06 Jun (22,25,29)",Origem animal,CARNE SUINA TRASEIRA,Kg,23.0,Mercado Central,PRECO-VAREJO-MERCADO-CENTRAL-DE-ARACAJU-22-25-E-29-DE-JUNHO.pdf
2026-06-22,2026,6,Junho,22,"06 Jun (22,25,29)",Origem animal,CHA DE DENTRO (COXAO MOLE),Kg,44.0,Mercado Central,PRECO-VAREJO-MERCADO-CENTRAL-DE-ARACAJU-22-25-E-29-DE-JUNHO.pdf
2026-06-22,2026,6,Junho,22,"06 Jun (22,25,29)",Origem animal,CHA DE FORA (COXAO DURO),Kg,39.0,Mercado Central,PRECO-VAREJO-MERCADO-CENTRAL-DE-ARACAJU-22-25-E-29-DE-JUNHO.pdf
2026-06-22,2026,6,Junho,22,"06 Jun (22,25,29)",Origem animal,CONTRA FILE,Kg,45.0,Mercado Central,PRECO-VAREJO-MERCADO-CENTRAL-DE-ARACAJU-22-25-E-29-DE-JUNHO.pdf
2026-06-22,2026,6,Junho,22,"06 Jun (22,25,29)",Origem animal,COSTELA,Kg,22.0,Mercado Central,PRECO-VAREJO-MERCADO-CENTRAL-DE-ARACAJU-22-25-E-29-DE-JUNHO.pdf
2026-06-22,2026,6,Junho,22,"06 Jun (22,25,29)",Origem animal,FILE MIGNION,Kg,55.0,Mercado Central,PRECO-VAREJO-MERCADO-CENTRAL-DE-ARACAJU-22-25-E-29-DE-JUNHO.pdf
2026-06-22,2026,6,Junho,22,"06 Jun (22,25,29)",Origem animal,FRANGO DE GRANJA,Kg,16.0,Mercado Central,PRECO-VAREJO-MERCADO-CENTRAL-DE-ARACAJU-22-25-E-29-DE-JUNHO.pdf
2026-06-22,2026,6,Junho,22,"06 Jun (22,25,29)",Origem animal,MANTEIGA,Kg,38.0,Mercado Central,PRECO-VAREJO-MERCADO-CENTRAL-DE-ARACAJU-22-25-E-29-DE-JUNHO.pdf
2026-06-22,2026,6,Junho,22,"06 Jun (22,25,29)",Origem animal,MUSCULO,Kg,27.0,Mercado Central,PRECO-VAREJO-MERCADO-CENTRAL-DE-ARACAJU-22-25-E-29-DE-JUNHO.pdf
2026-06-22,2026,6,Junho,22,"06 Jun (22,25,29)",Origem animal,OVO BRANCO GRANDE,Dz,8.0,Mercado Central,PRECO-VAREJO-MERCADO-CENTRAL-DE-ARACAJU-22-25-E-29-DE-JUNHO.pdf
2026-06-22,2026,6,Junho,22,"06 Jun (22,25,29)",Origem animal,OVO VERMELHO GRANDE,Dz,9.0,Mercado Central,PRECO-VAREJO-MERCADO-CENTRAL-DE-ARACAJU-22-25-E-29-DE-JUNHO.pdf
2026-06-22,2026,6,Junho,22,"06 Jun (22,25,29)",Origem animal,PALETA C/ OSSO,Kg,25.0,Mercado Central,PRECO-VAREJO-MERCADO-CENTRAL-DE-ARACAJU-22-25-E-29-DE-JUNHO.pdf
2026-06-22,2026,6,Junho,22,"06 Jun (22,25,29)",Origem animal,PATINHO,Kg,38.0,Mercado Central,PRECO-VAREJO-MERCADO-CENTRAL-DE-ARACAJU-22-25-E-29-DE-JUNHO.pdf
2026-06-22,2026,6,Junho,22,"06 Jun (22,25,29)",Origem animal,PEITO C/ OSSO,Kg,25.0,Mercado Central,PRECO-VAREJO-MERCADO-CENTRAL-DE-ARACAJU-22-25-E-29-DE-JUNHO.pdf
2026-06-22,2026,6,Junho,22,"06 Jun (22,25,29)",Origem animal,QUEIJO COALHO,Kg,28.0,Mercado Central,PRECO-VAREJO-MERCADO-CENTRAL-DE-ARACAJU-22-25-E-29-DE-JUNHO.pdf
2026-06-22,2026,6,Junho,22,"06 Jun (22,25,29)",Origem vegetal,ABACAXI GRANDE,Um,7.0,Mercado Central,PRECO-VAREJO-MERCADO-CENTRAL-DE-ARACAJU-22-25-E-29-DE-JUNHO.pdf
2026-06-22,2026,6,Junho,22,"06 Jun (22,25,29)",Origem vegetal,ABOBORA,Kg,5.0,Mercado Central,PRECO-VAREJO-MERCADO-CENTRAL-DE-ARACAJU-22-25-E-29-DE-JUNHO.pdf
2026-06-22,2026,6,Junho,22,"06 Jun (22,25,29)",Origem vegetal,ABOBRINHA,Kg,6.0,Mercado Central,PRECO-VAREJO-MERCADO-CENTRAL-DE-ARACAJU-22-25-E-29-DE-JUNHO.pdf
2026-06-22,2026,6,Junho,22,"06 Jun (22,25,29)",Origem vegetal,ACEROLA,Kg,8.0,Mercado Central,PRECO-VAREJO-MERCADO-CENTRAL-DE-ARACAJU-22-25-E-29-DE-JUNHO.pdf
2026-06-22,2026,6,Junho,22,"06 Jun (22,25,29)",Origem vegetal,ALFACE,Pe,2.0,Mercado Central,PRECO-VAREJO-MERCADO-CENTRAL-DE-ARACAJU-22-25-E-29-DE-JUNHO.pdf
2026-06-22,2026,6,Junho,22,"06 Jun (22,25,29)",Origem vegetal,ALHO,Cab.,2.0,Mercado Central,PRECO-VAREJO-MERCADO-CENTRAL-DE-ARACAJU-22-25-E-29-DE-JUNHO.pdf
2026-06-22,2026,6,Junho,22,"06 Jun (22,25,29)",Origem vegetal,AMENDOIM C/CASCA COZIDO,Kg,10.0,Mercado Central,PRECO-VAREJO-MERCADO-CENTRAL-DE-ARACAJU-22-25-E-29-DE-JUNHO.pdf
2026-06-22,2026,6,Junho,22,"06 Jun (22,25,29)",Origem vegetal,ARROZ AGULHA T 1,Kg,6.0,Mercado Central,PRECO-VAREJO-MERCADO-CENTRAL-DE-ARACAJU-22-25-E-29-DE-JUNHO.pdf
2026-06-22,2026,6,Junho,22,"06 Jun (22,25,29)",Origem vegetal,BANANA PRATA,Dz,5.0,Mercado Central,PRECO-VAREJO-MERCADO-CENTRAL-DE-ARACAJU-22-25-E-29-DE-JUNHO.pdf
2026-06-22,2026,6,Junho,22,"06 Jun (22,25,29)",Origem vegetal,BATATA DOCE,Kg,6.0,Mercado Central,PRECO-VAREJO-MERCADO-CENTRAL-DE-ARACAJU-22-25-E-29-DE-JUNHO.pdf
2026-06-22,2026,6,Junho,22,"06 Jun (22,25,29)",Origem vegetal,BATATA LISA,Kg,9.0,Mercado Central,PRECO-VAREJO-MERCADO-CENTRAL-DE-ARACAJU-22-25-E-29-DE-JUNHO.pdf
2026-06-22,2026,6,Junho,22,"06 Jun (22,25,29)",Origem vegetal,BETERRABA,Kg,7.0,Mercado Central,PRECO-VAREJO-MERCADO-CENTRAL-DE-ARACAJU-22-25-E-29-DE-JUNHO.pdf
2026-06-22,2026,6,Junho,22,"06 Jun (22,25,29)",Origem vegetal,CAJU,Um,1.0,Mercado Central,PRECO-VAREJO-MERCADO-CENTRAL-DE-ARACAJU-22-25-E-29-DE-JUNHO.pdf
2026-06-22,2026,6,Junho,22,"06 Jun (22,25,29)",Origem vegetal,CEBOLA BRANCA,Kg,6.0,Mercado Central,PRECO-VAREJO-MERCADO-CENTRAL-DE-ARACAJU-22-25-E-29-DE-JUNHO.pdf
2026-06-22,2026,6,Junho,22,"06 Jun (22,25,29)",Origem vegetal,CEBOLA ROXA,Kg,7.0,Mercado Central,PRECO-VAREJO-MERCADO-CENTRAL-DE-ARACAJU-22-25-E-29-DE-JUNHO.pdf
2026-06-22,2026,6,Junho,22,"06 Jun (22,25,29)",Origem vegetal,CEBOLINHA,Molho,2.0,Mercado Central,PRECO-VAREJO-MERCADO-CENTRAL-DE-ARACAJU-22-25-E-29-DE-JUNHO.pdf
2026-06-22,2026,6,Junho,22,"06 Jun (22,25,29)",Origem vegetal,CENOURA,Kg,8.0,Mercado Central,PRECO-VAREJO-MERCADO-CENTRAL-DE-ARACAJU-22-25-E-29-DE-JUNHO.pdf
2026-06-22,2026,6,Junho,22,"06 Jun (22,25,29)",Origem vegetal,CHUCHU,Um,2.0,Mercado Central,PRECO-VAREJO-MERCADO-CENTRAL-DE-ARACAJU-22-25-E-29-DE-JUNHO.pdf
2026-06-22,2026,6,Junho,22,"06 Jun (22,25,29)",Origem vegetal,COCO SECO,Um,6.0,Mercado Central,PRECO-VAREJO-MERCADO-CENTRAL-DE-ARACAJU-22-25-E-29-DE-JUNHO.pdf
2026-06-22,2026,6,Junho,22,"06 Jun (22,25,29)",Origem vegetal,COCO VERDE,Um,5.0,Mercado Central,PRECO-VAREJO-MERCADO-CENTRAL-DE-ARACAJU-22-25-E-29-DE-JUNHO.pdf
2026-06-22,2026,6,Junho,22,"06 Jun (22,25,29)",Origem vegetal,COENTRO,Molho,2.0,Mercado Central,PRECO-VAREJO-MERCADO-CENTRAL-DE-ARACAJU-22-25-E-29-DE-JUNHO.pdf
2026-06-22,2026,6,Junho,22,"06 Jun (22,25,29)",Origem vegetal,COUVE,Molho,2.0,Mercado Central,PRECO-VAREJO-MERCADO-CENTRAL-DE-ARACAJU-22-25-E-29-DE-JUNHO.pdf
2026-06-22,2026,6,Junho,22,"06 Jun (22,25,29)",Origem vegetal,COUVE-FLOR,Kg,14.0,Mercado Central,PRECO-VAREJO-MERCADO-CENTRAL-DE-ARACAJU-22-25-E-29-DE-JUNHO.pdf
2026-06-22,2026,6,Junho,22,"06 Jun (22,25,29)",Origem vegetal,FARINHA DE MANDIOCA,Kg,6.0,Mercado Central,PRECO-VAREJO-MERCADO-CENTRAL-DE-ARACAJU-22-25-E-29-DE-JUNHO.pdf
2026-06-22,2026,6,Junho,22,"06 Jun (22,25,29)",Origem vegetal,FEIJAO CARIOQUINHA,Kg,8.0,Mercado Central,PRECO-VAREJO-MERCADO-CENTRAL-DE-ARACAJU-22-25-E-29-DE-JUNHO.pdf
2026-06-22,2026,6,Junho,22,"06 Jun (22,25,29)",Origem vegetal,GOIABA VERMELHA,Kg,3.0,Mercado Central,PRECO-VAREJO-MERCADO-CENTRAL-DE-ARACAJU-22-25-E-29-DE-JUNHO.pdf
2026-06-22,2026,6,Junho,22,"06 Jun (22,25,29)",Origem vegetal,INHAME DA COSTA,Kg,12.0,Mercado Central,PRECO-VAREJO-MERCADO-CENTRAL-DE-ARACAJU-22-25-E-29-DE-JUNHO.pdf
2026-06-22,2026,6,Junho,22,"06 Jun (22,25,29)",Origem vegetal,LARANJA PERA,Uma,0.7,Mercado Central,PRECO-VAREJO-MERCADO-CENTRAL-DE-ARACAJU-22-25-E-29-DE-JUNHO.pdf
2026-06-22,2026,6,Junho,22,"06 Jun (22,25,29)",Origem vegetal,LIMAO TAITI,Kg,4.0,Mercado Central,PRECO-VAREJO-MERCADO-CENTRAL-DE-ARACAJU-22-25-E-29-DE-JUNHO.pdf
2026-06-22,2026,6,Junho,22,"06 Jun (22,25,29)",Origem vegetal,MACA NACIONAL,Kg,12.0,Mercado Central,PRECO-VAREJO-MERCADO-CENTRAL-DE-ARACAJU-22-25-E-29-DE-JUNHO.pdf
2026-06-22,2026,6,Junho,22,"06 Jun (22,25,29)",Origem vegetal,MACAXEIRA (AIPIM),Kg,3.0,Mercado Central,PRECO-VAREJO-MERCADO-CENTRAL-DE-ARACAJU-22-25-E-29-DE-JUNHO.pdf
2026-06-22,2026,6,Junho,22,"06 Jun (22,25,29)",Origem vegetal,MAMAO FORMOSA,Kg,3.0,Mercado Central,PRECO-VAREJO-MERCADO-CENTRAL-DE-ARACAJU-22-25-E-29-DE-JUNHO.pdf
2026-06-22,2026,6,Junho,22,"06 Jun (22,25,29)",Origem vegetal,MAMAO HAWAY,Kg,4.0,Mercado Central,PRECO-VAREJO-MERCADO-CENTRAL-DE-ARACAJU-22-25-E-29-DE-JUNHO.pdf
2026-06-22,2026,6,Junho,22,"06 Jun (22,25,29)",Origem vegetal,MANGA TOMMY,Kg,6.0,Mercado Central,PRECO-VAREJO-MERCADO-CENTRAL-DE-ARACAJU-22-25-E-29-DE-JUNHO.pdf
2026-06-22,2026,6,Junho,22,"06 Jun (22,25,29)",Origem vegetal,MARACUJA,Kg,7.0,Mercado Central,PRECO-VAREJO-MERCADO-CENTRAL-DE-ARACAJU-22-25-E-29-DE-JUNHO.pdf
2026-06-22,2026,6,Junho,22,"06 Jun (22,25,29)",Origem vegetal,MAXIXE,Kg,7.0,Mercado Central,PRECO-VAREJO-MERCADO-CENTRAL-DE-ARACAJU-22-25-E-29-DE-JUNHO.pdf
2026-06-22,2026,6,Junho,22,"06 Jun (22,25,29)",Origem vegetal,MELANCIA,Kg,1.5,Mercado Central,PRECO-VAREJO-MERCADO-CENTRAL-DE-ARACAJU-22-25-E-29-DE-JUNHO.pdf
2026-06-22,2026,6,Junho,22,"06 Jun (22,25,29)",Origem vegetal,MELAO ESPANHOL,Um,4.0,Mercado Central,PRECO-VAREJO-MERCADO-CENTRAL-DE-ARACAJU-22-25-E-29-DE-JUNHO.pdf
2026-06-22,2026,6,Junho,22,"06 Jun (22,25,29)",Origem vegetal,MILHO EM GRAO,Kg,2.0,Mercado Central,PRECO-VAREJO-MERCADO-CENTRAL-DE-ARACAJU-22-25-E-29-DE-JUNHO.pdf
2026-06-22,2026,6,Junho,22,"06 Jun (22,25,29)",Origem vegetal,MILHO VERDE,Espiga,1.0,Mercado Central,PRECO-VAREJO-MERCADO-CENTRAL-DE-ARACAJU-22-25-E-29-DE-JUNHO.pdf
2026-06-22,2026,6,Junho,22,"06 Jun (22,25,29)",Origem vegetal,MORANGO,"Cx 0,3Kg",12.0,Mercado Central,PRECO-VAREJO-MERCADO-CENTRAL-DE-ARACAJU-22-25-E-29-DE-JUNHO.pdf
2026-06-22,2026,6,Junho,22,"06 Jun (22,25,29)",Origem vegetal,PIMENTAO VERDE,Kg,2.0,Mercado Central,PRECO-VAREJO-MERCADO-CENTRAL-DE-ARACAJU-22-25-E-29-DE-JUNHO.pdf
2026-06-22,2026,6,Junho,22,"06 Jun (22,25,29)",Origem vegetal,QUIABO,Cento,20.0,Mercado Central,PRECO-VAREJO-MERCADO-CENTRAL-DE-ARACAJU-22-25-E-29-DE-JUNHO.pdf
2026-06-22,2026,6,Junho,22,"06 Jun (22,25,29)",Origem vegetal,REPOLHO VERDE,Kg,6.0,Mercado Central,PRECO-VAREJO-MERCADO-CENTRAL-DE-ARACAJU-22-25-E-29-DE-JUNHO.pdf
2026-06-22,2026,6,Junho,22,"06 Jun (22,25,29)",Origem vegetal,TOMATE,Kg,8.0,Mercado Central,PRECO-VAREJO-MERCADO-CENTRAL-DE-ARACAJU-22-25-E-29-DE-JUNHO.pdf
2026-06-22,2026,6,Junho,22,"06 Jun (22,25,29)",Origem vegetal,UVA SEM SEMENTE,Kg,14.0,Mercado Central,PRECO-VAREJO-MERCADO-CENTRAL-DE-ARACAJU-22-25-E-29-DE-JUNHO.pdf
2026-06-22,2026,6,Junho,22,"06 Jun (22,25,29)",Origem vegetal,VAGEM,Kg,25.0,Mercado Central,PRECO-VAREJO-MERCADO-CENTRAL-DE-ARACAJU-22-25-E-29-DE-JUNHO.pdf
2026-06-25,2026,6,Junho,25,"06 Jun (22,25,29)",Origem animal,ACEM C/ OSSO,Kg,26.0,Mercado Central,PRECO-VAREJO-MERCADO-CENTRAL-DE-ARACAJU-22-25-E-29-DE-JUNHO.pdf
2026-06-25,2026,6,Junho,25,"06 Jun (22,25,29)",Origem animal,ACEM S/ OSSO,Kg,35.0,Mercado Central,PRECO-VAREJO-MERCADO-CENTRAL-DE-ARACAJU-22-25-E-29-DE-JUNHO.pdf
2026-06-25,2026,6,Junho,25,"06 Jun (22,25,29)",Origem animal,ALCATRA,Kg,44.0,Mercado Central,PRECO-VAREJO-MERCADO-CENTRAL-DE-ARACAJU-22-25-E-29-DE-JUNHO.pdf
2026-06-25,2026,6,Junho,25,"06 Jun (22,25,29)",Origem animal,CARNE SUINA TRASEIRA,Kg,23.0,Mercado Central,PRECO-VAREJO-MERCADO-CENTRAL-DE-ARACAJU-22-25-E-29-DE-JUNHO.pdf
2026-06-25,2026,6,Junho,25,"06 Jun (22,25,29)",Origem animal,CHA DE DENTRO (COXAO MOLE),Kg,44.0,Mercado Central,PRECO-VAREJO-MERCADO-CENTRAL-DE-ARACAJU-22-25-E-29-DE-JUNHO.pdf
2026-06-25,2026,6,Junho,25,"06 Jun (22,25,29)",Origem animal,CHA DE FORA (COXAO DURO),Kg,39.0,Mercado Central,PRECO-VAREJO-MERCADO-CENTRAL-DE-ARACAJU-22-25-E-29-DE-JUNHO.pdf
2026-06-25,2026,6,Junho,25,"06 Jun (22,25,29)",Origem animal,CONTRA FILE,Kg,45.0,Mercado Central,PRECO-VAREJO-MERCADO-CENTRAL-DE-ARACAJU-22-25-E-29-DE-JUNHO.pdf
2026-06-25,2026,6,Junho,25,"06 Jun (22,25,29)",Origem animal,COSTELA,Kg,22.0,Mercado Central,PRECO-VAREJO-MERCADO-CENTRAL-DE-ARACAJU-22-25-E-29-DE-JUNHO.pdf
2026-06-25,2026,6,Junho,25,"06 Jun (22,25,29)",Origem animal,FILE MIGNION,Kg,55.0,Mercado Central,PRECO-VAREJO-MERCADO-CENTRAL-DE-ARACAJU-22-25-E-29-DE-JUNHO.pdf
2026-06-25,2026,6,Junho,25,"06 Jun (22,25,29)",Origem animal,FRANGO DE GRANJA,Kg,16.0,Mercado Central,PRECO-VAREJO-MERCADO-CENTRAL-DE-ARACAJU-22-25-E-29-DE-JUNHO.pdf
2026-06-25,2026,6,Junho,25,"06 Jun (22,25,29)",Origem animal,MANTEIGA,Kg,38.0,Mercado Central,PRECO-VAREJO-MERCADO-CENTRAL-DE-ARACAJU-22-25-E-29-DE-JUNHO.pdf
2026-06-25,2026,6,Junho,25,"06 Jun (22,25,29)",Origem animal,MUSCULO,Kg,27.0,Mercado Central,PRECO-VAREJO-MERCADO-CENTRAL-DE-ARACAJU-22-25-E-29-DE-JUNHO.pdf
2026-06-25,2026,6,Junho,25,"06 Jun (22,25,29)",Origem animal,OVO BRANCO GRANDE,Dz,8.0,Mercado Central,PRECO-VAREJO-MERCADO-CENTRAL-DE-ARACAJU-22-25-E-29-DE-JUNHO.pdf
2026-06-25,2026,6,Junho,25,"06 Jun (22,25,29)",Origem animal,OVO VERMELHO GRANDE,Dz,9.0,Mercado Central,PRECO-VAREJO-MERCADO-CENTRAL-DE-ARACAJU-22-25-E-29-DE-JUNHO.pdf
2026-06-25,2026,6,Junho,25,"06 Jun (22,25,29)",Origem animal,PALETA C/ OSSO,Kg,25.0,Mercado Central,PRECO-VAREJO-MERCADO-CENTRAL-DE-ARACAJU-22-25-E-29-DE-JUNHO.pdf
2026-06-25,2026,6,Junho,25,"06 Jun (22,25,29)",Origem animal,PATINHO,Kg,38.0,Mercado Central,PRECO-VAREJO-MERCADO-CENTRAL-DE-ARACAJU-22-25-E-29-DE-JUNHO.pdf
2026-06-25,2026,6,Junho,25,"06 Jun (22,25,29)",Origem animal,PEITO C/ OSSO,Kg,25.0,Mercado Central,PRECO-VAREJO-MERCADO-CENTRAL-DE-ARACAJU-22-25-E-29-DE-JUNHO.pdf
2026-06-25,2026,6,Junho,25,"06 Jun (22,25,29)",Origem animal,QUEIJO COALHO,Kg,28.0,Mercado Central,PRECO-VAREJO-MERCADO-CENTRAL-DE-ARACAJU-22-25-E-29-DE-JUNHO.pdf
2026-06-25,2026,6,Junho,25,"06 Jun (22,25,29)",Origem vegetal,ABACAXI GRANDE,Um,7.0,Mercado Central,PRECO-VAREJO-MERCADO-CENTRAL-DE-ARACAJU-22-25-E-29-DE-JUNHO.pdf
2026-06-25,2026,6,Junho,25,"06 Jun (22,25,29)",Origem vegetal,ABOBORA,Kg,5.0,Mercado Central,PRECO-VAREJO-MERCADO-CENTRAL-DE-ARACAJU-22-25-E-29-DE-JUNHO.pdf
2026-06-25,2026,6,Junho,25,"06 Jun (22,25,29)",Origem vegetal,ABOBRINHA,Kg,6.0,Mercado Central,PRECO-VAREJO-MERCADO-CENTRAL-DE-ARACAJU-22-25-E-29-DE-JUNHO.pdf
2026-06-25,2026,6,Junho,25,"06 Jun (22,25,29)",Origem vegetal,ACEROLA,Kg,8.0,Mercado Central,PRECO-VAREJO-MERCADO-CENTRAL-DE-ARACAJU-22-25-E-29-DE-JUNHO.pdf
2026-06-25,2026,6,Junho,25,"06 Jun (22,25,29)",Origem vegetal,ALFACE,Pe,2.0,Mercado Central,PRECO-VAREJO-MERCADO-CENTRAL-DE-ARACAJU-22-25-E-29-DE-JUNHO.pdf
2026-06-25,2026,6,Junho,25,"06 Jun (22,25,29)",Origem vegetal,ALHO,Cab.,2.0,Mercado Central,PRECO-VAREJO-MERCADO-CENTRAL-DE-ARACAJU-22-25-E-29-DE-JUNHO.pdf
2026-06-25,2026,6,Junho,25,"06 Jun (22,25,29)",Origem vegetal,AMENDOIM C/CASCA COZIDO,Kg,10.0,Mercado Central,PRECO-VAREJO-MERCADO-CENTRAL-DE-ARACAJU-22-25-E-29-DE-JUNHO.pdf
2026-06-25,2026,6,Junho,25,"06 Jun (22,25,29)",Origem vegetal,ARROZ AGULHA T 1,Kg,6.0,Mercado Central,PRECO-VAREJO-MERCADO-CENTRAL-DE-ARACAJU-22-25-E-29-DE-JUNHO.pdf
2026-06-25,2026,6,Junho,25,"06 Jun (22,25,29)",Origem vegetal,BANANA PRATA,Dz,5.0,Mercado Central,PRECO-VAREJO-MERCADO-CENTRAL-DE-ARACAJU-22-25-E-29-DE-JUNHO.pdf
2026-06-25,2026,6,Junho,25,"06 Jun (22,25,29)",Origem vegetal,BATATA DOCE,Kg,6.0,Mercado Central,PRECO-VAREJO-MERCADO-CENTRAL-DE-ARACAJU-22-25-E-29-DE-JUNHO.pdf
2026-06-25,2026,6,Junho,25,"06 Jun (22,25,29)",Origem vegetal,BATATA LISA,Kg,7.0,Mercado Central,PRECO-VAREJO-MERCADO-CENTRAL-DE-ARACAJU-22-25-E-29-DE-JUNHO.pdf
2026-06-25,2026,6,Junho,25,"06 Jun (22,25,29)",Origem vegetal,BETERRABA,Kg,7.0,Mercado Central,PRECO-VAREJO-MERCADO-CENTRAL-DE-ARACAJU-22-25-E-29-DE-JUNHO.pdf
2026-06-25,2026,6,Junho,25,"06 Jun (22,25,29)",Origem vegetal,CAJU,Um,1.0,Mercado Central,PRECO-VAREJO-MERCADO-CENTRAL-DE-ARACAJU-22-25-E-29-DE-JUNHO.pdf
2026-06-25,2026,6,Junho,25,"06 Jun (22,25,29)",Origem vegetal,CEBOLA BRANCA,Kg,6.0,Mercado Central,PRECO-VAREJO-MERCADO-CENTRAL-DE-ARACAJU-22-25-E-29-DE-JUNHO.pdf
2026-06-25,2026,6,Junho,25,"06 Jun (22,25,29)",Origem vegetal,CEBOLA ROXA,Kg,7.0,Mercado Central,PRECO-VAREJO-MERCADO-CENTRAL-DE-ARACAJU-22-25-E-29-DE-JUNHO.pdf
2026-06-25,2026,6,Junho,25,"06 Jun (22,25,29)",Origem vegetal,CEBOLINHA,Molho,2.0,Mercado Central,PRECO-VAREJO-MERCADO-CENTRAL-DE-ARACAJU-22-25-E-29-DE-JUNHO.pdf
2026-06-25,2026,6,Junho,25,"06 Jun (22,25,29)",Origem vegetal,CENOURA,Kg,8.0,Mercado Central,PRECO-VAREJO-MERCADO-CENTRAL-DE-ARACAJU-22-25-E-29-DE-JUNHO.pdf
2026-06-25,2026,6,Junho,25,"06 Jun (22,25,29)",Origem vegetal,CHUCHU,Um,2.0,Mercado Central,PRECO-VAREJO-MERCADO-CENTRAL-DE-ARACAJU-22-25-E-29-DE-JUNHO.pdf
2026-06-25,2026,6,Junho,25,"06 Jun (22,25,29)",Origem vegetal,COCO SECO,Um,6.0,Mercado Central,PRECO-VAREJO-MERCADO-CENTRAL-DE-ARACAJU-22-25-E-29-DE-JUNHO.pdf
2026-06-25,2026,6,Junho,25,"06 Jun (22,25,29)",Origem vegetal,COCO VERDE,Um,5.0,Mercado Central,PRECO-VAREJO-MERCADO-CENTRAL-DE-ARACAJU-22-25-E-29-DE-JUNHO.pdf
2026-06-25,2026,6,Junho,25,"06 Jun (22,25,29)",Origem vegetal,COENTRO,Molho,2.0,Mercado Central,PRECO-VAREJO-MERCADO-CENTRAL-DE-ARACAJU-22-25-E-29-DE-JUNHO.pdf
2026-06-25,2026,6,Junho,25,"06 Jun (22,25,29)",Origem vegetal,COUVE,Molho,2.0,Mercado Central,PRECO-VAREJO-MERCADO-CENTRAL-DE-ARACAJU-22-25-E-29-DE-JUNHO.pdf
2026-06-25,2026,6,Junho,25,"06 Jun (22,25,29)",Origem vegetal,COUVE-FLOR,Kg,14.0,Mercado Central,PRECO-VAREJO-MERCADO-CENTRAL-DE-ARACAJU-22-25-E-29-DE-JUNHO.pdf
2026-06-25,2026,6,Junho,25,"06 Jun (22,25,29)",Origem vegetal,FARINHA DE MANDIOCA,Kg,6.0,Mercado Central,PRECO-VAREJO-MERCADO-CENTRAL-DE-ARACAJU-22-25-E-29-DE-JUNHO.pdf
2026-06-25,2026,6,Junho,25,"06 Jun (22,25,29)",Origem vegetal,FEIJAO CARIOQUINHA,Kg,8.0,Mercado Central,PRECO-VAREJO-MERCADO-CENTRAL-DE-ARACAJU-22-25-E-29-DE-JUNHO.pdf
2026-06-25,2026,6,Junho,25,"06 Jun (22,25,29)",Origem vegetal,GOIABA VERMELHA,Kg,3.0,Mercado Central,PRECO-VAREJO-MERCADO-CENTRAL-DE-ARACAJU-22-25-E-29-DE-JUNHO.pdf
2026-06-25,2026,6,Junho,25,"06 Jun (22,25,29)",Origem vegetal,INHAME DA COSTA,Kg,12.0,Mercado Central,PRECO-VAREJO-MERCADO-CENTRAL-DE-ARACAJU-22-25-E-29-DE-JUNHO.pdf
2026-06-25,2026,6,Junho,25,"06 Jun (22,25,29)",Origem vegetal,LARANJA PERA,Uma,0.7,Mercado Central,PRECO-VAREJO-MERCADO-CENTRAL-DE-ARACAJU-22-25-E-29-DE-JUNHO.pdf
2026-06-25,2026,6,Junho,25,"06 Jun (22,25,29)",Origem vegetal,LIMAO TAITI,Kg,4.0,Mercado Central,PRECO-VAREJO-MERCADO-CENTRAL-DE-ARACAJU-22-25-E-29-DE-JUNHO.pdf
2026-06-25,2026,6,Junho,25,"06 Jun (22,25,29)",Origem vegetal,MACA NACIONAL,Kg,12.0,Mercado Central,PRECO-VAREJO-MERCADO-CENTRAL-DE-ARACAJU-22-25-E-29-DE-JUNHO.pdf
2026-06-25,2026,6,Junho,25,"06 Jun (22,25,29)",Origem vegetal,MACAXEIRA (AIPIM),Kg,3.0,Mercado Central,PRECO-VAREJO-MERCADO-CENTRAL-DE-ARACAJU-22-25-E-29-DE-JUNHO.pdf
2026-06-25,2026,6,Junho,25,"06 Jun (22,25,29)",Origem vegetal,MAMAO FORMOSA,Kg,3.0,Mercado Central,PRECO-VAREJO-MERCADO-CENTRAL-DE-ARACAJU-22-25-E-29-DE-JUNHO.pdf
2026-06-25,2026,6,Junho,25,"06 Jun (22,25,29)",Origem vegetal,MAMAO HAWAY,Kg,4.0,Mercado Central,PRECO-VAREJO-MERCADO-CENTRAL-DE-ARACAJU-22-25-E-29-DE-JUNHO.pdf
2026-06-25,2026,6,Junho,25,"06 Jun (22,25,29)",Origem vegetal,MANGA TOMMY,Kg,6.0,Mercado Central,PRECO-VAREJO-MERCADO-CENTRAL-DE-ARACAJU-22-25-E-29-DE-JUNHO.pdf
2026-06-25,2026,6,Junho,25,"06 Jun (22,25,29)",Origem vegetal,MARACUJA,Kg,7.0,Mercado Central,PRECO-VAREJO-MERCADO-CENTRAL-DE-ARACAJU-22-25-E-29-DE-JUNHO.pdf
2026-06-25,2026,6,Junho,25,"06 Jun (22,25,29)",Origem vegetal,MAXIXE,Kg,7.0,Mercado Central,PRECO-VAREJO-MERCADO-CENTRAL-DE-ARACAJU-22-25-E-29-DE-JUNHO.pdf
2026-06-25,2026,6,Junho,25,"06 Jun (22,25,29)",Origem vegetal,MELANCIA,Kg,1.5,Mercado Central,PRECO-VAREJO-MERCADO-CENTRAL-DE-ARACAJU-22-25-E-29-DE-JUNHO.pdf
2026-06-25,2026,6,Junho,25,"06 Jun (22,25,29)",Origem vegetal,MELAO ESPANHOL,Um,4.0,Mercado Central,PRECO-VAREJO-MERCADO-CENTRAL-DE-ARACAJU-22-25-E-29-DE-JUNHO.pdf
2026-06-25,2026,6,Junho,25,"06 Jun (22,25,29)",Origem vegetal,MILHO EM GRAO,Kg,2.0,Mercado Central,PRECO-VAREJO-MERCADO-CENTRAL-DE-ARACAJU-22-25-E-29-DE-JUNHO.pdf
2026-06-25,2026,6,Junho,25,"06 Jun (22,25,29)",Origem vegetal,MILHO VERDE,Espiga,1.0,Mercado Central,PRECO-VAREJO-MERCADO-CENTRAL-DE-ARACAJU-22-25-E-29-DE-JUNHO.pdf
2026-06-25,2026,6,Junho,25,"06 Jun (22,25,29)",Origem vegetal,MORANGO,"Cx 0,3Kg",12.0,Mercado Central,PRECO-VAREJO-MERCADO-CENTRAL-DE-ARACAJU-22-25-E-29-DE-JUNHO.pdf
2026-06-25,2026,6,Junho,25,"06 Jun (22,25,29)",Origem vegetal,PIMENTAO VERDE,Kg,2.0,Mercado Central,PRECO-VAREJO-MERCADO-CENTRAL-DE-ARACAJU-22-25-E-29-DE-JUNHO.pdf
2026-06-25,2026,6,Junho,25,"06 Jun (22,25,29)",Origem vegetal,QUIABO,Cento,20.0,Mercado Central,PRECO-VAREJO-MERCADO-CENTRAL-DE-ARACAJU-22-25-E-29-DE-JUNHO.pdf
2026-06-25,2026,6,Junho,25,"06 Jun (22,25,29)",Origem vegetal,REPOLHO VERDE,Kg,6.0,Mercado Central,PRECO-VAREJO-MERCADO-CENTRAL-DE-ARACAJU-22-25-E-29-DE-JUNHO.pdf
2026-06-25,2026,6,Junho,25,"06 Jun (22,25,29)",Origem vegetal,TOMATE,Kg,8.0,Mercado Central,PRECO-VAREJO-MERCADO-CENTRAL-DE-ARACAJU-22-25-E-29-DE-JUNHO.pdf
2026-06-25,2026,6,Junho,25,"06 Jun (22,25,29)",Origem vegetal,UVA SEM SEMENTE,Kg,14.0,Mercado Central,PRECO-VAREJO-MERCADO-CENTRAL-DE-ARACAJU-22-25-E-29-DE-JUNHO.pdf
2026-06-25,2026,6,Junho,25,"06 Jun (22,25,29)",Origem vegetal,VAGEM,Kg,25.0,Mercado Central,PRECO-VAREJO-MERCADO-CENTRAL-DE-ARACAJU-22-25-E-29-DE-JUNHO.pdf
2026-06-29,2026,6,Junho,29,"06 Jun (22,25,29)",Origem animal,ACEM C/ OSSO,Kg,26.0,Mercado Central,PRECO-VAREJO-MERCADO-CENTRAL-DE-ARACAJU-22-25-E-29-DE-JUNHO.pdf
2026-06-29,2026,6,Junho,29,"06 Jun (22,25,29)",Origem animal,ACEM S/ OSSO,Kg,35.0,Mercado Central,PRECO-VAREJO-MERCADO-CENTRAL-DE-ARACAJU-22-25-E-29-DE-JUNHO.pdf
2026-06-29,2026,6,Junho,29,"06 Jun (22,25,29)",Origem animal,ALCATRA,Kg,44.0,Mercado Central,PRECO-VAREJO-MERCADO-CENTRAL-DE-ARACAJU-22-25-E-29-DE-JUNHO.pdf
2026-06-29,2026,6,Junho,29,"06 Jun (22,25,29)",Origem animal,CARNE SUINA TRASEIRA,Kg,23.0,Mercado Central,PRECO-VAREJO-MERCADO-CENTRAL-DE-ARACAJU-22-25-E-29-DE-JUNHO.pdf
2026-06-29,2026,6,Junho,29,"06 Jun (22,25,29)",Origem animal,CHA DE DENTRO (COXAO MOLE),Kg,44.0,Mercado Central,PRECO-VAREJO-MERCADO-CENTRAL-DE-ARACAJU-22-25-E-29-DE-JUNHO.pdf
2026-06-29,2026,6,Junho,29,"06 Jun (22,25,29)",Origem animal,CHA DE FORA (COXAO DURO),Kg,39.0,Mercado Central,PRECO-VAREJO-MERCADO-CENTRAL-DE-ARACAJU-22-25-E-29-DE-JUNHO.pdf
2026-06-29,2026,6,Junho,29,"06 Jun (22,25,29)",Origem animal,CONTRA FILE,Kg,45.0,Mercado Central,PRECO-VAREJO-MERCADO-CENTRAL-DE-ARACAJU-22-25-E-29-DE-JUNHO.pdf
2026-06-29,2026,6,Junho,29,"06 Jun (22,25,29)",Origem animal,COSTELA,Kg,22.0,Mercado Central,PRECO-VAREJO-MERCADO-CENTRAL-DE-ARACAJU-22-25-E-29-DE-JUNHO.pdf
2026-06-29,2026,6,Junho,29,"06 Jun (22,25,29)",Origem animal,FILE MIGNION,Kg,55.0,Mercado Central,PRECO-VAREJO-MERCADO-CENTRAL-DE-ARACAJU-22-25-E-29-DE-JUNHO.pdf
2026-06-29,2026,6,Junho,29,"06 Jun (22,25,29)",Origem animal,FRANGO DE GRANJA,Kg,16.0,Mercado Central,PRECO-VAREJO-MERCADO-CENTRAL-DE-ARACAJU-22-25-E-29-DE-JUNHO.pdf
2026-06-29,2026,6,Junho,29,"06 Jun (22,25,29)",Origem animal,MANTEIGA,Kg,38.0,Mercado Central,PRECO-VAREJO-MERCADO-CENTRAL-DE-ARACAJU-22-25-E-29-DE-JUNHO.pdf
2026-06-29,2026,6,Junho,29,"06 Jun (22,25,29)",Origem animal,MUSCULO,Kg,27.0,Mercado Central,PRECO-VAREJO-MERCADO-CENTRAL-DE-ARACAJU-22-25-E-29-DE-JUNHO.pdf
2026-06-29,2026,6,Junho,29,"06 Jun (22,25,29)",Origem animal,OVO BRANCO GRANDE,Dz,8.0,Mercado Central,PRECO-VAREJO-MERCADO-CENTRAL-DE-ARACAJU-22-25-E-29-DE-JUNHO.pdf
2026-06-29,2026,6,Junho,29,"06 Jun (22,25,29)",Origem animal,OVO VERMELHO GRANDE,Dz,9.0,Mercado Central,PRECO-VAREJO-MERCADO-CENTRAL-DE-ARACAJU-22-25-E-29-DE-JUNHO.pdf
2026-06-29,2026,6,Junho,29,"06 Jun (22,25,29)",Origem animal,PALETA C/ OSSO,Kg,25.0,Mercado Central,PRECO-VAREJO-MERCADO-CENTRAL-DE-ARACAJU-22-25-E-29-DE-JUNHO.pdf
2026-06-29,2026,6,Junho,29,"06 Jun (22,25,29)",Origem animal,PATINHO,Kg,38.0,Mercado Central,PRECO-VAREJO-MERCADO-CENTRAL-DE-ARACAJU-22-25-E-29-DE-JUNHO.pdf
2026-06-29,2026,6,Junho,29,"06 Jun (22,25,29)",Origem animal,PEITO C/ OSSO,Kg,25.0,Mercado Central,PRECO-VAREJO-MERCADO-CENTRAL-DE-ARACAJU-22-25-E-29-DE-JUNHO.pdf
2026-06-29,2026,6,Junho,29,"06 Jun (22,25,29)",Origem animal,QUEIJO COALHO,Kg,28.0,Mercado Central,PRECO-VAREJO-MERCADO-CENTRAL-DE-ARACAJU-22-25-E-29-DE-JUNHO.pdf
2026-06-29,2026,6,Junho,29,"06 Jun (22,25,29)",Origem vegetal,ABACAXI GRANDE,Um,7.0,Mercado Central,PRECO-VAREJO-MERCADO-CENTRAL-DE-ARACAJU-22-25-E-29-DE-JUNHO.pdf
2026-06-29,2026,6,Junho,29,"06 Jun (22,25,29)",Origem vegetal,ABOBORA,Kg,5.0,Mercado Central,PRECO-VAREJO-MERCADO-CENTRAL-DE-ARACAJU-22-25-E-29-DE-JUNHO.pdf
2026-06-29,2026,6,Junho,29,"06 Jun (22,25,29)",Origem vegetal,ABOBRINHA,Kg,6.0,Mercado Central,PRECO-VAREJO-MERCADO-CENTRAL-DE-ARACAJU-22-25-E-29-DE-JUNHO.pdf
2026-06-29,2026,6,Junho,29,"06 Jun (22,25,29)",Origem vegetal,ACEROLA,Kg,8.0,Mercado Central,PRECO-VAREJO-MERCADO-CENTRAL-DE-ARACAJU-22-25-E-29-DE-JUNHO.pdf
2026-06-29,2026,6,Junho,29,"06 Jun (22,25,29)",Origem vegetal,ALFACE,Pe,2.0,Mercado Central,PRECO-VAREJO-MERCADO-CENTRAL-DE-ARACAJU-22-25-E-29-DE-JUNHO.pdf
2026-06-29,2026,6,Junho,29,"06 Jun (22,25,29)",Origem vegetal,ALHO,Cab.,2.0,Mercado Central,PRECO-VAREJO-MERCADO-CENTRAL-DE-ARACAJU-22-25-E-29-DE-JUNHO.pdf
2026-06-29,2026,6,Junho,29,"06 Jun (22,25,29)",Origem vegetal,AMENDOIM C/CASCA COZIDO,Kg,10.0,Mercado Central,PRECO-VAREJO-MERCADO-CENTRAL-DE-ARACAJU-22-25-E-29-DE-JUNHO.pdf
2026-06-29,2026,6,Junho,29,"06 Jun (22,25,29)",Origem vegetal,ARROZ AGULHA T 1,Kg,6.0,Mercado Central,PRECO-VAREJO-MERCADO-CENTRAL-DE-ARACAJU-22-25-E-29-DE-JUNHO.pdf
2026-06-29,2026,6,Junho,29,"06 Jun (22,25,29)",Origem vegetal,BANANA PRATA,Dz,5.0,Mercado Central,PRECO-VAREJO-MERCADO-CENTRAL-DE-ARACAJU-22-25-E-29-DE-JUNHO.pdf
2026-06-29,2026,6,Junho,29,"06 Jun (22,25,29)",Origem vegetal,BATATA DOCE,Kg,6.0,Mercado Central,PRECO-VAREJO-MERCADO-CENTRAL-DE-ARACAJU-22-25-E-29-DE-JUNHO.pdf
2026-06-29,2026,6,Junho,29,"06 Jun (22,25,29)",Origem vegetal,BATATA LISA,Kg,7.0,Mercado Central,PRECO-VAREJO-MERCADO-CENTRAL-DE-ARACAJU-22-25-E-29-DE-JUNHO.pdf
2026-06-29,2026,6,Junho,29,"06 Jun (22,25,29)",Origem vegetal,BETERRABA,Kg,7.0,Mercado Central,PRECO-VAREJO-MERCADO-CENTRAL-DE-ARACAJU-22-25-E-29-DE-JUNHO.pdf
2026-06-29,2026,6,Junho,29,"06 Jun (22,25,29)",Origem vegetal,CAJU,Um,1.0,Mercado Central,PRECO-VAREJO-MERCADO-CENTRAL-DE-ARACAJU-22-25-E-29-DE-JUNHO.pdf
2026-06-29,2026,6,Junho,29,"06 Jun (22,25,29)",Origem vegetal,CEBOLA BRANCA,Kg,6.0,Mercado Central,PRECO-VAREJO-MERCADO-CENTRAL-DE-ARACAJU-22-25-E-29-DE-JUNHO.pdf
2026-06-29,2026,6,Junho,29,"06 Jun (22,25,29)",Origem vegetal,CEBOLA ROXA,Kg,7.0,Mercado Central,PRECO-VAREJO-MERCADO-CENTRAL-DE-ARACAJU-22-25-E-29-DE-JUNHO.pdf
2026-06-29,2026,6,Junho,29,"06 Jun (22,25,29)",Origem vegetal,CEBOLINHA,Molho,2.0,Mercado Central,PRECO-VAREJO-MERCADO-CENTRAL-DE-ARACAJU-22-25-E-29-DE-JUNHO.pdf
2026-06-29,2026,6,Junho,29,"06 Jun (22,25,29)",Origem vegetal,CENOURA,Kg,7.0,Mercado Central,PRECO-VAREJO-MERCADO-CENTRAL-DE-ARACAJU-22-25-E-29-DE-JUNHO.pdf
2026-06-29,2026,6,Junho,29,"06 Jun (22,25,29)",Origem vegetal,CHUCHU,Um,1.0,Mercado Central,PRECO-VAREJO-MERCADO-CENTRAL-DE-ARACAJU-22-25-E-29-DE-JUNHO.pdf
2026-06-29,2026,6,Junho,29,"06 Jun (22,25,29)",Origem vegetal,COCO SECO,Um,6.0,Mercado Central,PRECO-VAREJO-MERCADO-CENTRAL-DE-ARACAJU-22-25-E-29-DE-JUNHO.pdf
2026-06-29,2026,6,Junho,29,"06 Jun (22,25,29)",Origem vegetal,COCO VERDE,Um,5.0,Mercado Central,PRECO-VAREJO-MERCADO-CENTRAL-DE-ARACAJU-22-25-E-29-DE-JUNHO.pdf
2026-06-29,2026,6,Junho,29,"06 Jun (22,25,29)",Origem vegetal,COENTRO,Molho,2.0,Mercado Central,PRECO-VAREJO-MERCADO-CENTRAL-DE-ARACAJU-22-25-E-29-DE-JUNHO.pdf
2026-06-29,2026,6,Junho,29,"06 Jun (22,25,29)",Origem vegetal,COUVE,Molho,2.0,Mercado Central,PRECO-VAREJO-MERCADO-CENTRAL-DE-ARACAJU-22-25-E-29-DE-JUNHO.pdf
2026-06-29,2026,6,Junho,29,"06 Jun (22,25,29)",Origem vegetal,COUVE-FLOR,Kg,14.0,Mercado Central,PRECO-VAREJO-MERCADO-CENTRAL-DE-ARACAJU-22-25-E-29-DE-JUNHO.pdf
2026-06-29,2026,6,Junho,29,"06 Jun (22,25,29)",Origem vegetal,FARINHA DE MANDIOCA,Kg,6.0,Mercado Central,PRECO-VAREJO-MERCADO-CENTRAL-DE-ARACAJU-22-25-E-29-DE-JUNHO.pdf
2026-06-29,2026,6,Junho,29,"06 Jun (22,25,29)",Origem vegetal,FEIJAO CARIOQUINHA,Kg,8.0,Mercado Central,PRECO-VAREJO-MERCADO-CENTRAL-DE-ARACAJU-22-25-E-29-DE-JUNHO.pdf
2026-06-29,2026,6,Junho,29,"06 Jun (22,25,29)",Origem vegetal,GOIABA VERMELHA,Kg,3.0,Mercado Central,PRECO-VAREJO-MERCADO-CENTRAL-DE-ARACAJU-22-25-E-29-DE-JUNHO.pdf
2026-06-29,2026,6,Junho,29,"06 Jun (22,25,29)",Origem vegetal,INHAME DA COSTA,Kg,12.0,Mercado Central,PRECO-VAREJO-MERCADO-CENTRAL-DE-ARACAJU-22-25-E-29-DE-JUNHO.pdf
2026-06-29,2026,6,Junho,29,"06 Jun (22,25,29)",Origem vegetal,LARANJA PERA,Uma,0.6,Mercado Central,PRECO-VAREJO-MERCADO-CENTRAL-DE-ARACAJU-22-25-E-29-DE-JUNHO.pdf
2026-06-29,2026,6,Junho,29,"06 Jun (22,25,29)",Origem vegetal,LIMAO TAITI,Kg,3.0,Mercado Central,PRECO-VAREJO-MERCADO-CENTRAL-DE-ARACAJU-22-25-E-29-DE-JUNHO.pdf
2026-06-29,2026,6,Junho,29,"06 Jun (22,25,29)",Origem vegetal,MACA NACIONAL,Kg,10.0,Mercado Central,PRECO-VAREJO-MERCADO-CENTRAL-DE-ARACAJU-22-25-E-29-DE-JUNHO.pdf
2026-06-29,2026,6,Junho,29,"06 Jun (22,25,29)",Origem vegetal,MACAXEIRA (AIPIM),Kg,3.0,Mercado Central,PRECO-VAREJO-MERCADO-CENTRAL-DE-ARACAJU-22-25-E-29-DE-JUNHO.pdf
2026-06-29,2026,6,Junho,29,"06 Jun (22,25,29)",Origem vegetal,MAMAO FORMOSA,Kg,3.0,Mercado Central,PRECO-VAREJO-MERCADO-CENTRAL-DE-ARACAJU-22-25-E-29-DE-JUNHO.pdf
2026-06-29,2026,6,Junho,29,"06 Jun (22,25,29)",Origem vegetal,MAMAO HAWAY,Kg,4.0,Mercado Central,PRECO-VAREJO-MERCADO-CENTRAL-DE-ARACAJU-22-25-E-29-DE-JUNHO.pdf
2026-06-29,2026,6,Junho,29,"06 Jun (22,25,29)",Origem vegetal,MANGA TOMMY,Kg,6.0,Mercado Central,PRECO-VAREJO-MERCADO-CENTRAL-DE-ARACAJU-22-25-E-29-DE-JUNHO.pdf
2026-06-29,2026,6,Junho,29,"06 Jun (22,25,29)",Origem vegetal,MARACUJA,Kg,7.0,Mercado Central,PRECO-VAREJO-MERCADO-CENTRAL-DE-ARACAJU-22-25-E-29-DE-JUNHO.pdf
2026-06-29,2026,6,Junho,29,"06 Jun (22,25,29)",Origem vegetal,MAXIXE,Kg,6.0,Mercado Central,PRECO-VAREJO-MERCADO-CENTRAL-DE-ARACAJU-22-25-E-29-DE-JUNHO.pdf
2026-06-29,2026,6,Junho,29,"06 Jun (22,25,29)",Origem vegetal,MELANCIA,Kg,1.5,Mercado Central,PRECO-VAREJO-MERCADO-CENTRAL-DE-ARACAJU-22-25-E-29-DE-JUNHO.pdf
2026-06-29,2026,6,Junho,29,"06 Jun (22,25,29)",Origem vegetal,MELAO ESPANHOL,Um,4.0,Mercado Central,PRECO-VAREJO-MERCADO-CENTRAL-DE-ARACAJU-22-25-E-29-DE-JUNHO.pdf
2026-06-29,2026,6,Junho,29,"06 Jun (22,25,29)",Origem vegetal,MILHO EM GRAO,Kg,2.0,Mercado Central,PRECO-VAREJO-MERCADO-CENTRAL-DE-ARACAJU-22-25-E-29-DE-JUNHO.pdf
2026-06-29,2026,6,Junho,29,"06 Jun (22,25,29)",Origem vegetal,MILHO VERDE,Espiga,1.0,Mercado Central,PRECO-VAREJO-MERCADO-CENTRAL-DE-ARACAJU-22-25-E-29-DE-JUNHO.pdf
2026-06-29,2026,6,Junho,29,"06 Jun (22,25,29)",Origem vegetal,MORANGO,"Cx 0,3Kg",12.0,Mercado Central,PRECO-VAREJO-MERCADO-CENTRAL-DE-ARACAJU-22-25-E-29-DE-JUNHO.pdf
2026-06-29,2026,6,Junho,29,"06 Jun (22,25,29)",Origem vegetal,PIMENTAO VERDE,Kg,2.0,Mercado Central,PRECO-VAREJO-MERCADO-CENTRAL-DE-ARACAJU-22-25-E-29-DE-JUNHO.pdf
2026-06-29,2026,6,Junho,29,"06 Jun (22,25,29)",Origem vegetal,QUIABO,Cento,20.0,Mercado Central,PRECO-VAREJO-MERCADO-CENTRAL-DE-ARACAJU-22-25-E-29-DE-JUNHO.pdf
2026-06-29,2026,6,Junho,29,"06 Jun (22,25,29)",Origem vegetal,REPOLHO VERDE,Kg,6.0,Mercado Central,PRECO-VAREJO-MERCADO-CENTRAL-DE-ARACAJU-22-25-E-29-DE-JUNHO.pdf
2026-06-29,2026,6,Junho,29,"06 Jun (22,25,29)",Origem vegetal,TOMATE,Kg,6.0,Mercado Central,PRECO-VAREJO-MERCADO-CENTRAL-DE-ARACAJU-22-25-E-29-DE-JUNHO.pdf
2026-06-29,2026,6,Junho,29,"06 Jun (22,25,29)",Origem vegetal,UVA SEM SEMENTE,Kg,12.0,Mercado Central,PRECO-VAREJO-MERCADO-CENTRAL-DE-ARACAJU-22-25-E-29-DE-JUNHO.pdf
2026-06-29,2026,6,Junho,29,"06 Jun (22,25,29)",Origem vegetal,VAGEM,Kg,25.0,Mercado Central,PRECO-VAREJO-MERCADO-CENTRAL-DE-ARACAJU-22-25-E-29-DE-JUNHO.pdf
2026-07-01,2026,7,Julho,1,"07 Jul (1,6,8)",Origem animal,ACEM C/ OSSO,Kg,26.0,Mercado Central,Precos-Medios-Varejo-Mercado-Central-168-JULHO-2026.pdf
2026-07-01,2026,7,Julho,1,"07 Jul (1,6,8)",Origem animal,ACEM S/ OSSO,Kg,35.0,Mercado Central,Precos-Medios-Varejo-Mercado-Central-168-JULHO-2026.pdf
2026-07-01,2026,7,Julho,1,"07 Jul (1,6,8)",Origem animal,ALCATRA,Kg,44.0,Mercado Central,Precos-Medios-Varejo-Mercado-Central-168-JULHO-2026.pdf
2026-07-01,2026,7,Julho,1,"07 Jul (1,6,8)",Origem animal,CARNE SUINA TRASEIRA,Kg,23.0,Mercado Central,Precos-Medios-Varejo-Mercado-Central-168-JULHO-2026.pdf
2026-07-01,2026,7,Julho,1,"07 Jul (1,6,8)",Origem animal,CHA DE DENTRO (COXAO MOLE),Kg,44.0,Mercado Central,Precos-Medios-Varejo-Mercado-Central-168-JULHO-2026.pdf
2026-07-01,2026,7,Julho,1,"07 Jul (1,6,8)",Origem animal,CHA DE FORA (COXAO DURO),Kg,39.0,Mercado Central,Precos-Medios-Varejo-Mercado-Central-168-JULHO-2026.pdf
2026-07-01,2026,7,Julho,1,"07 Jul (1,6,8)",Origem animal,CONTRA FILE,Kg,45.0,Mercado Central,Precos-Medios-Varejo-Mercado-Central-168-JULHO-2026.pdf
2026-07-01,2026,7,Julho,1,"07 Jul (1,6,8)",Origem animal,COSTELA,Kg,22.0,Mercado Central,Precos-Medios-Varejo-Mercado-Central-168-JULHO-2026.pdf
2026-07-01,2026,7,Julho,1,"07 Jul (1,6,8)",Origem animal,FILE MIGNION,Kg,55.0,Mercado Central,Precos-Medios-Varejo-Mercado-Central-168-JULHO-2026.pdf
2026-07-01,2026,7,Julho,1,"07 Jul (1,6,8)",Origem animal,FRANGO DE GRANJA,Kg,16.0,Mercado Central,Precos-Medios-Varejo-Mercado-Central-168-JULHO-2026.pdf
2026-07-01,2026,7,Julho,1,"07 Jul (1,6,8)",Origem animal,MANTEIGA,Kg,38.0,Mercado Central,Precos-Medios-Varejo-Mercado-Central-168-JULHO-2026.pdf
2026-07-01,2026,7,Julho,1,"07 Jul (1,6,8)",Origem animal,MUSCULO,Kg,27.0,Mercado Central,Precos-Medios-Varejo-Mercado-Central-168-JULHO-2026.pdf
2026-07-01,2026,7,Julho,1,"07 Jul (1,6,8)",Origem animal,OVO BRANCO GRANDE,Dz,8.0,Mercado Central,Precos-Medios-Varejo-Mercado-Central-168-JULHO-2026.pdf
2026-07-01,2026,7,Julho,1,"07 Jul (1,6,8)",Origem animal,OVO VERMELHO GRANDE,Dz,9.0,Mercado Central,Precos-Medios-Varejo-Mercado-Central-168-JULHO-2026.pdf
2026-07-01,2026,7,Julho,1,"07 Jul (1,6,8)",Origem animal,PALETA C/ OSSO,Kg,25.0,Mercado Central,Precos-Medios-Varejo-Mercado-Central-168-JULHO-2026.pdf
2026-07-01,2026,7,Julho,1,"07 Jul (1,6,8)",Origem animal,PATINHO,Kg,38.0,Mercado Central,Precos-Medios-Varejo-Mercado-Central-168-JULHO-2026.pdf
2026-07-01,2026,7,Julho,1,"07 Jul (1,6,8)",Origem animal,PEITO C/ OSSO,Kg,25.0,Mercado Central,Precos-Medios-Varejo-Mercado-Central-168-JULHO-2026.pdf
2026-07-01,2026,7,Julho,1,"07 Jul (1,6,8)",Origem animal,QUEIJO COALHO,Kg,28.0,Mercado Central,Precos-Medios-Varejo-Mercado-Central-168-JULHO-2026.pdf
2026-07-01,2026,7,Julho,1,"07 Jul (1,6,8)",Origem vegetal,ABACAXI GRANDE,Um,7.0,Mercado Central,Precos-Medios-Varejo-Mercado-Central-168-JULHO-2026.pdf
2026-07-01,2026,7,Julho,1,"07 Jul (1,6,8)",Origem vegetal,ABOBORA,Kg,5.0,Mercado Central,Precos-Medios-Varejo-Mercado-Central-168-JULHO-2026.pdf
2026-07-01,2026,7,Julho,1,"07 Jul (1,6,8)",Origem vegetal,ABOBRINHA,Kg,6.0,Mercado Central,Precos-Medios-Varejo-Mercado-Central-168-JULHO-2026.pdf
2026-07-01,2026,7,Julho,1,"07 Jul (1,6,8)",Origem vegetal,ACEROLA,Kg,8.0,Mercado Central,Precos-Medios-Varejo-Mercado-Central-168-JULHO-2026.pdf
2026-07-01,2026,7,Julho,1,"07 Jul (1,6,8)",Origem vegetal,ALFACE,Pe,2.0,Mercado Central,Precos-Medios-Varejo-Mercado-Central-168-JULHO-2026.pdf
2026-07-01,2026,7,Julho,1,"07 Jul (1,6,8)",Origem vegetal,ALHO,Cab.,2.0,Mercado Central,Precos-Medios-Varejo-Mercado-Central-168-JULHO-2026.pdf
2026-07-01,2026,7,Julho,1,"07 Jul (1,6,8)",Origem vegetal,AMENDOIM C/CASCA COZIDO,Lata,10.0,Mercado Central,Precos-Medios-Varejo-Mercado-Central-168-JULHO-2026.pdf
2026-07-01,2026,7,Julho,1,"07 Jul (1,6,8)",Origem vegetal,ARROZ AGULHA T 1,Kg,6.0,Mercado Central,Precos-Medios-Varejo-Mercado-Central-168-JULHO-2026.pdf
2026-07-01,2026,7,Julho,1,"07 Jul (1,6,8)",Origem vegetal,BANANA PRATA,Dz,5.0,Mercado Central,Precos-Medios-Varejo-Mercado-Central-168-JULHO-2026.pdf
2026-07-01,2026,7,Julho,1,"07 Jul (1,6,8)",Origem vegetal,BATATA DOCE,Kg,6.0,Mercado Central,Precos-Medios-Varejo-Mercado-Central-168-JULHO-2026.pdf
2026-07-01,2026,7,Julho,1,"07 Jul (1,6,8)",Origem vegetal,BATATA LISA,Kg,7.0,Mercado Central,Precos-Medios-Varejo-Mercado-Central-168-JULHO-2026.pdf
2026-07-01,2026,7,Julho,1,"07 Jul (1,6,8)",Origem vegetal,BETERRABA,Kg,7.0,Mercado Central,Precos-Medios-Varejo-Mercado-Central-168-JULHO-2026.pdf
2026-07-01,2026,7,Julho,1,"07 Jul (1,6,8)",Origem vegetal,CAJU,Um,1.0,Mercado Central,Precos-Medios-Varejo-Mercado-Central-168-JULHO-2026.pdf
2026-07-01,2026,7,Julho,1,"07 Jul (1,6,8)",Origem vegetal,CEBOLA BRANCA,Kg,6.0,Mercado Central,Precos-Medios-Varejo-Mercado-Central-168-JULHO-2026.pdf
2026-07-01,2026,7,Julho,1,"07 Jul (1,6,8)",Origem vegetal,CEBOLA ROXA,Kg,7.0,Mercado Central,Precos-Medios-Varejo-Mercado-Central-168-JULHO-2026.pdf
2026-07-01,2026,7,Julho,1,"07 Jul (1,6,8)",Origem vegetal,CEBOLINHA,Molho,2.0,Mercado Central,Precos-Medios-Varejo-Mercado-Central-168-JULHO-2026.pdf
2026-07-01,2026,7,Julho,1,"07 Jul (1,6,8)",Origem vegetal,CENOURA,Kg,7.0,Mercado Central,Precos-Medios-Varejo-Mercado-Central-168-JULHO-2026.pdf
2026-07-01,2026,7,Julho,1,"07 Jul (1,6,8)",Origem vegetal,CHUCHU,Um,1.0,Mercado Central,Precos-Medios-Varejo-Mercado-Central-168-JULHO-2026.pdf
2026-07-01,2026,7,Julho,1,"07 Jul (1,6,8)",Origem vegetal,COCO SECO,Um,6.0,Mercado Central,Precos-Medios-Varejo-Mercado-Central-168-JULHO-2026.pdf
2026-07-01,2026,7,Julho,1,"07 Jul (1,6,8)",Origem vegetal,COCO VERDE,Um,5.0,Mercado Central,Precos-Medios-Varejo-Mercado-Central-168-JULHO-2026.pdf
2026-07-01,2026,7,Julho,1,"07 Jul (1,6,8)",Origem vegetal,COENTRO,Molho,2.0,Mercado Central,Precos-Medios-Varejo-Mercado-Central-168-JULHO-2026.pdf
2026-07-01,2026,7,Julho,1,"07 Jul (1,6,8)",Origem vegetal,COUVE,Molho,2.0,Mercado Central,Precos-Medios-Varejo-Mercado-Central-168-JULHO-2026.pdf
2026-07-01,2026,7,Julho,1,"07 Jul (1,6,8)",Origem vegetal,COUVE-FLOR,Kg,14.0,Mercado Central,Precos-Medios-Varejo-Mercado-Central-168-JULHO-2026.pdf
2026-07-01,2026,7,Julho,1,"07 Jul (1,6,8)",Origem vegetal,FARINHA DE MANDIOCA,Kg,6.0,Mercado Central,Precos-Medios-Varejo-Mercado-Central-168-JULHO-2026.pdf
2026-07-01,2026,7,Julho,1,"07 Jul (1,6,8)",Origem vegetal,FEIJAO CARIOQUINHA,Kg,8.0,Mercado Central,Precos-Medios-Varejo-Mercado-Central-168-JULHO-2026.pdf
2026-07-01,2026,7,Julho,1,"07 Jul (1,6,8)",Origem vegetal,GOIABA VERMELHA,Kg,3.0,Mercado Central,Precos-Medios-Varejo-Mercado-Central-168-JULHO-2026.pdf
2026-07-01,2026,7,Julho,1,"07 Jul (1,6,8)",Origem vegetal,INHAME DA COSTA,Kg,12.0,Mercado Central,Precos-Medios-Varejo-Mercado-Central-168-JULHO-2026.pdf
2026-07-01,2026,7,Julho,1,"07 Jul (1,6,8)",Origem vegetal,LARANJA PERA,Uma,0.6,Mercado Central,Precos-Medios-Varejo-Mercado-Central-168-JULHO-2026.pdf
2026-07-01,2026,7,Julho,1,"07 Jul (1,6,8)",Origem vegetal,LIMAO TAITI,Kg,3.0,Mercado Central,Precos-Medios-Varejo-Mercado-Central-168-JULHO-2026.pdf
2026-07-01,2026,7,Julho,1,"07 Jul (1,6,8)",Origem vegetal,MACA NACIONAL,Kg,10.0,Mercado Central,Precos-Medios-Varejo-Mercado-Central-168-JULHO-2026.pdf
2026-07-01,2026,7,Julho,1,"07 Jul (1,6,8)",Origem vegetal,MACAXEIRA (AIPIM),Kg,3.0,Mercado Central,Precos-Medios-Varejo-Mercado-Central-168-JULHO-2026.pdf
2026-07-01,2026,7,Julho,1,"07 Jul (1,6,8)",Origem vegetal,MAMAO FORMOSA,Kg,3.0,Mercado Central,Precos-Medios-Varejo-Mercado-Central-168-JULHO-2026.pdf
2026-07-01,2026,7,Julho,1,"07 Jul (1,6,8)",Origem vegetal,MAMAO HAWAY,Kg,4.0,Mercado Central,Precos-Medios-Varejo-Mercado-Central-168-JULHO-2026.pdf
2026-07-01,2026,7,Julho,1,"07 Jul (1,6,8)",Origem vegetal,MANGA TOMMY,Kg,6.0,Mercado Central,Precos-Medios-Varejo-Mercado-Central-168-JULHO-2026.pdf
2026-07-01,2026,7,Julho,1,"07 Jul (1,6,8)",Origem vegetal,MARACUJA,Kg,7.0,Mercado Central,Precos-Medios-Varejo-Mercado-Central-168-JULHO-2026.pdf
2026-07-01,2026,7,Julho,1,"07 Jul (1,6,8)",Origem vegetal,MAXIXE,Kg,6.0,Mercado Central,Precos-Medios-Varejo-Mercado-Central-168-JULHO-2026.pdf
2026-07-01,2026,7,Julho,1,"07 Jul (1,6,8)",Origem vegetal,MELANCIA,Kg,1.5,Mercado Central,Precos-Medios-Varejo-Mercado-Central-168-JULHO-2026.pdf
2026-07-01,2026,7,Julho,1,"07 Jul (1,6,8)",Origem vegetal,MELAO ESPANHOL,Kg,4.0,Mercado Central,Precos-Medios-Varejo-Mercado-Central-168-JULHO-2026.pdf
2026-07-01,2026,7,Julho,1,"07 Jul (1,6,8)",Origem vegetal,MILHO EM GRAO,Kg,2.0,Mercado Central,Precos-Medios-Varejo-Mercado-Central-168-JULHO-2026.pdf
2026-07-01,2026,7,Julho,1,"07 Jul (1,6,8)",Origem vegetal,MILHO VERDE,Espiga,1.0,Mercado Central,Precos-Medios-Varejo-Mercado-Central-168-JULHO-2026.pdf
2026-07-01,2026,7,Julho,1,"07 Jul (1,6,8)",Origem vegetal,MORANGO,"Cx 0,3Kg",12.0,Mercado Central,Precos-Medios-Varejo-Mercado-Central-168-JULHO-2026.pdf
2026-07-01,2026,7,Julho,1,"07 Jul (1,6,8)",Origem vegetal,PIMENTAO VERDE,Um,2.0,Mercado Central,Precos-Medios-Varejo-Mercado-Central-168-JULHO-2026.pdf
2026-07-01,2026,7,Julho,1,"07 Jul (1,6,8)",Origem vegetal,QUIABO,Cento,20.0,Mercado Central,Precos-Medios-Varejo-Mercado-Central-168-JULHO-2026.pdf
2026-07-01,2026,7,Julho,1,"07 Jul (1,6,8)",Origem vegetal,REPOLHO VERDE,Kg,6.0,Mercado Central,Precos-Medios-Varejo-Mercado-Central-168-JULHO-2026.pdf
2026-07-01,2026,7,Julho,1,"07 Jul (1,6,8)",Origem vegetal,TOMATE,Kg,6.0,Mercado Central,Precos-Medios-Varejo-Mercado-Central-168-JULHO-2026.pdf
2026-07-01,2026,7,Julho,1,"07 Jul (1,6,8)",Origem vegetal,UVA SEM SEMENTE,Kg,12.0,Mercado Central,Precos-Medios-Varejo-Mercado-Central-168-JULHO-2026.pdf
2026-07-01,2026,7,Julho,1,"07 Jul (1,6,8)",Origem vegetal,VAGEM,Kg,25.0,Mercado Central,Precos-Medios-Varejo-Mercado-Central-168-JULHO-2026.pdf
2026-07-06,2026,7,Julho,6,"07 Jul (1,6,8)",Origem animal,ACEM C/ OSSO,Kg,26.0,Mercado Central,Precos-Medios-Varejo-Mercado-Central-168-JULHO-2026.pdf
2026-07-06,2026,7,Julho,6,"07 Jul (1,6,8)",Origem animal,ACEM S/ OSSO,Kg,35.0,Mercado Central,Precos-Medios-Varejo-Mercado-Central-168-JULHO-2026.pdf
2026-07-06,2026,7,Julho,6,"07 Jul (1,6,8)",Origem animal,ALCATRA,Kg,44.0,Mercado Central,Precos-Medios-Varejo-Mercado-Central-168-JULHO-2026.pdf
2026-07-06,2026,7,Julho,6,"07 Jul (1,6,8)",Origem animal,CARNE SUINA TRASEIRA,Kg,23.0,Mercado Central,Precos-Medios-Varejo-Mercado-Central-168-JULHO-2026.pdf
2026-07-06,2026,7,Julho,6,"07 Jul (1,6,8)",Origem animal,CHA DE DENTRO (COXAO MOLE),Kg,44.0,Mercado Central,Precos-Medios-Varejo-Mercado-Central-168-JULHO-2026.pdf
2026-07-06,2026,7,Julho,6,"07 Jul (1,6,8)",Origem animal,CHA DE FORA (COXAO DURO),Kg,39.0,Mercado Central,Precos-Medios-Varejo-Mercado-Central-168-JULHO-2026.pdf
2026-07-06,2026,7,Julho,6,"07 Jul (1,6,8)",Origem animal,CONTRA FILE,Kg,45.0,Mercado Central,Precos-Medios-Varejo-Mercado-Central-168-JULHO-2026.pdf
2026-07-06,2026,7,Julho,6,"07 Jul (1,6,8)",Origem animal,COSTELA,Kg,22.0,Mercado Central,Precos-Medios-Varejo-Mercado-Central-168-JULHO-2026.pdf
2026-07-06,2026,7,Julho,6,"07 Jul (1,6,8)",Origem animal,FILE MIGNION,Kg,55.0,Mercado Central,Precos-Medios-Varejo-Mercado-Central-168-JULHO-2026.pdf
2026-07-06,2026,7,Julho,6,"07 Jul (1,6,8)",Origem animal,FRANGO DE GRANJA,Kg,16.0,Mercado Central,Precos-Medios-Varejo-Mercado-Central-168-JULHO-2026.pdf
2026-07-06,2026,7,Julho,6,"07 Jul (1,6,8)",Origem animal,MANTEIGA,Kg,38.0,Mercado Central,Precos-Medios-Varejo-Mercado-Central-168-JULHO-2026.pdf
2026-07-06,2026,7,Julho,6,"07 Jul (1,6,8)",Origem animal,MUSCULO,Kg,27.0,Mercado Central,Precos-Medios-Varejo-Mercado-Central-168-JULHO-2026.pdf
2026-07-06,2026,7,Julho,6,"07 Jul (1,6,8)",Origem animal,OVO BRANCO GRANDE,Dz,8.0,Mercado Central,Precos-Medios-Varejo-Mercado-Central-168-JULHO-2026.pdf
2026-07-06,2026,7,Julho,6,"07 Jul (1,6,8)",Origem animal,OVO VERMELHO GRANDE,Dz,9.0,Mercado Central,Precos-Medios-Varejo-Mercado-Central-168-JULHO-2026.pdf
2026-07-06,2026,7,Julho,6,"07 Jul (1,6,8)",Origem animal,PALETA C/ OSSO,Kg,25.0,Mercado Central,Precos-Medios-Varejo-Mercado-Central-168-JULHO-2026.pdf
2026-07-06,2026,7,Julho,6,"07 Jul (1,6,8)",Origem animal,PATINHO,Kg,38.0,Mercado Central,Precos-Medios-Varejo-Mercado-Central-168-JULHO-2026.pdf
2026-07-06,2026,7,Julho,6,"07 Jul (1,6,8)",Origem animal,PEITO C/ OSSO,Kg,25.0,Mercado Central,Precos-Medios-Varejo-Mercado-Central-168-JULHO-2026.pdf
2026-07-06,2026,7,Julho,6,"07 Jul (1,6,8)",Origem animal,QUEIJO COALHO,Kg,28.0,Mercado Central,Precos-Medios-Varejo-Mercado-Central-168-JULHO-2026.pdf
2026-07-06,2026,7,Julho,6,"07 Jul (1,6,8)",Origem vegetal,ABACAXI GRANDE,Um,7.0,Mercado Central,Precos-Medios-Varejo-Mercado-Central-168-JULHO-2026.pdf
2026-07-06,2026,7,Julho,6,"07 Jul (1,6,8)",Origem vegetal,ABOBORA,Kg,5.0,Mercado Central,Precos-Medios-Varejo-Mercado-Central-168-JULHO-2026.pdf
2026-07-06,2026,7,Julho,6,"07 Jul (1,6,8)",Origem vegetal,ABOBRINHA,Kg,6.0,Mercado Central,Precos-Medios-Varejo-Mercado-Central-168-JULHO-2026.pdf
2026-07-06,2026,7,Julho,6,"07 Jul (1,6,8)",Origem vegetal,ACEROLA,Kg,8.0,Mercado Central,Precos-Medios-Varejo-Mercado-Central-168-JULHO-2026.pdf
2026-07-06,2026,7,Julho,6,"07 Jul (1,6,8)",Origem vegetal,ALFACE,Pe,2.0,Mercado Central,Precos-Medios-Varejo-Mercado-Central-168-JULHO-2026.pdf
2026-07-06,2026,7,Julho,6,"07 Jul (1,6,8)",Origem vegetal,ALHO,Cab.,2.0,Mercado Central,Precos-Medios-Varejo-Mercado-Central-168-JULHO-2026.pdf
2026-07-06,2026,7,Julho,6,"07 Jul (1,6,8)",Origem vegetal,AMENDOIM C/CASCA COZIDO,Lata,10.0,Mercado Central,Precos-Medios-Varejo-Mercado-Central-168-JULHO-2026.pdf
2026-07-06,2026,7,Julho,6,"07 Jul (1,6,8)",Origem vegetal,ARROZ AGULHA T 1,Kg,6.0,Mercado Central,Precos-Medios-Varejo-Mercado-Central-168-JULHO-2026.pdf
2026-07-06,2026,7,Julho,6,"07 Jul (1,6,8)",Origem vegetal,BANANA PRATA,Dz,5.0,Mercado Central,Precos-Medios-Varejo-Mercado-Central-168-JULHO-2026.pdf
2026-07-06,2026,7,Julho,6,"07 Jul (1,6,8)",Origem vegetal,BATATA DOCE,Kg,6.0,Mercado Central,Precos-Medios-Varejo-Mercado-Central-168-JULHO-2026.pdf
2026-07-06,2026,7,Julho,6,"07 Jul (1,6,8)",Origem vegetal,BATATA LISA,Kg,7.0,Mercado Central,Precos-Medios-Varejo-Mercado-Central-168-JULHO-2026.pdf
2026-07-06,2026,7,Julho,6,"07 Jul (1,6,8)",Origem vegetal,BETERRABA,Kg,7.0,Mercado Central,Precos-Medios-Varejo-Mercado-Central-168-JULHO-2026.pdf
2026-07-06,2026,7,Julho,6,"07 Jul (1,6,8)",Origem vegetal,CAJU,Um,1.0,Mercado Central,Precos-Medios-Varejo-Mercado-Central-168-JULHO-2026.pdf
2026-07-06,2026,7,Julho,6,"07 Jul (1,6,8)",Origem vegetal,CEBOLA BRANCA,Kg,6.0,Mercado Central,Precos-Medios-Varejo-Mercado-Central-168-JULHO-2026.pdf
2026-07-06,2026,7,Julho,6,"07 Jul (1,6,8)",Origem vegetal,CEBOLA ROXA,Kg,7.0,Mercado Central,Precos-Medios-Varejo-Mercado-Central-168-JULHO-2026.pdf
2026-07-06,2026,7,Julho,6,"07 Jul (1,6,8)",Origem vegetal,CEBOLINHA,Molho,2.0,Mercado Central,Precos-Medios-Varejo-Mercado-Central-168-JULHO-2026.pdf
2026-07-06,2026,7,Julho,6,"07 Jul (1,6,8)",Origem vegetal,CENOURA,Kg,7.0,Mercado Central,Precos-Medios-Varejo-Mercado-Central-168-JULHO-2026.pdf
2026-07-06,2026,7,Julho,6,"07 Jul (1,6,8)",Origem vegetal,CHUCHU,Um,1.0,Mercado Central,Precos-Medios-Varejo-Mercado-Central-168-JULHO-2026.pdf
2026-07-06,2026,7,Julho,6,"07 Jul (1,6,8)",Origem vegetal,COCO SECO,Um,6.0,Mercado Central,Precos-Medios-Varejo-Mercado-Central-168-JULHO-2026.pdf
2026-07-06,2026,7,Julho,6,"07 Jul (1,6,8)",Origem vegetal,COCO VERDE,Um,5.0,Mercado Central,Precos-Medios-Varejo-Mercado-Central-168-JULHO-2026.pdf
2026-07-06,2026,7,Julho,6,"07 Jul (1,6,8)",Origem vegetal,COENTRO,Molho,2.0,Mercado Central,Precos-Medios-Varejo-Mercado-Central-168-JULHO-2026.pdf
2026-07-06,2026,7,Julho,6,"07 Jul (1,6,8)",Origem vegetal,COUVE,Molho,2.0,Mercado Central,Precos-Medios-Varejo-Mercado-Central-168-JULHO-2026.pdf
2026-07-06,2026,7,Julho,6,"07 Jul (1,6,8)",Origem vegetal,COUVE-FLOR,Kg,14.0,Mercado Central,Precos-Medios-Varejo-Mercado-Central-168-JULHO-2026.pdf
2026-07-06,2026,7,Julho,6,"07 Jul (1,6,8)",Origem vegetal,FARINHA DE MANDIOCA,Kg,6.0,Mercado Central,Precos-Medios-Varejo-Mercado-Central-168-JULHO-2026.pdf
2026-07-06,2026,7,Julho,6,"07 Jul (1,6,8)",Origem vegetal,FEIJAO CARIOQUINHA,Kg,8.0,Mercado Central,Precos-Medios-Varejo-Mercado-Central-168-JULHO-2026.pdf
2026-07-06,2026,7,Julho,6,"07 Jul (1,6,8)",Origem vegetal,GOIABA VERMELHA,Kg,3.0,Mercado Central,Precos-Medios-Varejo-Mercado-Central-168-JULHO-2026.pdf
2026-07-06,2026,7,Julho,6,"07 Jul (1,6,8)",Origem vegetal,INHAME DA COSTA,Kg,12.0,Mercado Central,Precos-Medios-Varejo-Mercado-Central-168-JULHO-2026.pdf
2026-07-06,2026,7,Julho,6,"07 Jul (1,6,8)",Origem vegetal,LARANJA PERA,Uma,0.6,Mercado Central,Precos-Medios-Varejo-Mercado-Central-168-JULHO-2026.pdf
2026-07-06,2026,7,Julho,6,"07 Jul (1,6,8)",Origem vegetal,LIMAO TAITI,Kg,3.0,Mercado Central,Precos-Medios-Varejo-Mercado-Central-168-JULHO-2026.pdf
2026-07-06,2026,7,Julho,6,"07 Jul (1,6,8)",Origem vegetal,MACA NACIONAL,Kg,10.0,Mercado Central,Precos-Medios-Varejo-Mercado-Central-168-JULHO-2026.pdf
2026-07-06,2026,7,Julho,6,"07 Jul (1,6,8)",Origem vegetal,MACAXEIRA (AIPIM),Kg,3.0,Mercado Central,Precos-Medios-Varejo-Mercado-Central-168-JULHO-2026.pdf
2026-07-06,2026,7,Julho,6,"07 Jul (1,6,8)",Origem vegetal,MAMAO FORMOSA,Kg,3.0,Mercado Central,Precos-Medios-Varejo-Mercado-Central-168-JULHO-2026.pdf
2026-07-06,2026,7,Julho,6,"07 Jul (1,6,8)",Origem vegetal,MAMAO HAWAY,Kg,4.0,Mercado Central,Precos-Medios-Varejo-Mercado-Central-168-JULHO-2026.pdf
2026-07-06,2026,7,Julho,6,"07 Jul (1,6,8)",Origem vegetal,MANGA TOMMY,Kg,6.0,Mercado Central,Precos-Medios-Varejo-Mercado-Central-168-JULHO-2026.pdf
2026-07-06,2026,7,Julho,6,"07 Jul (1,6,8)",Origem vegetal,MARACUJA,Kg,7.0,Mercado Central,Precos-Medios-Varejo-Mercado-Central-168-JULHO-2026.pdf
2026-07-06,2026,7,Julho,6,"07 Jul (1,6,8)",Origem vegetal,MAXIXE,Kg,6.0,Mercado Central,Precos-Medios-Varejo-Mercado-Central-168-JULHO-2026.pdf
2026-07-06,2026,7,Julho,6,"07 Jul (1,6,8)",Origem vegetal,MELANCIA,Kg,1.5,Mercado Central,Precos-Medios-Varejo-Mercado-Central-168-JULHO-2026.pdf
2026-07-06,2026,7,Julho,6,"07 Jul (1,6,8)",Origem vegetal,MELAO ESPANHOL,Kg,4.0,Mercado Central,Precos-Medios-Varejo-Mercado-Central-168-JULHO-2026.pdf
2026-07-06,2026,7,Julho,6,"07 Jul (1,6,8)",Origem vegetal,MILHO EM GRAO,Kg,2.0,Mercado Central,Precos-Medios-Varejo-Mercado-Central-168-JULHO-2026.pdf
2026-07-06,2026,7,Julho,6,"07 Jul (1,6,8)",Origem vegetal,MILHO VERDE,Espiga,1.0,Mercado Central,Precos-Medios-Varejo-Mercado-Central-168-JULHO-2026.pdf
2026-07-06,2026,7,Julho,6,"07 Jul (1,6,8)",Origem vegetal,MORANGO,"Cx 0,3Kg",12.0,Mercado Central,Precos-Medios-Varejo-Mercado-Central-168-JULHO-2026.pdf
2026-07-06,2026,7,Julho,6,"07 Jul (1,6,8)",Origem vegetal,PIMENTAO VERDE,Um,2.0,Mercado Central,Precos-Medios-Varejo-Mercado-Central-168-JULHO-2026.pdf
2026-07-06,2026,7,Julho,6,"07 Jul (1,6,8)",Origem vegetal,QUIABO,Cento,20.0,Mercado Central,Precos-Medios-Varejo-Mercado-Central-168-JULHO-2026.pdf
2026-07-06,2026,7,Julho,6,"07 Jul (1,6,8)",Origem vegetal,REPOLHO VERDE,Kg,6.0,Mercado Central,Precos-Medios-Varejo-Mercado-Central-168-JULHO-2026.pdf
2026-07-06,2026,7,Julho,6,"07 Jul (1,6,8)",Origem vegetal,TOMATE,Kg,6.0,Mercado Central,Precos-Medios-Varejo-Mercado-Central-168-JULHO-2026.pdf
2026-07-06,2026,7,Julho,6,"07 Jul (1,6,8)",Origem vegetal,UVA SEM SEMENTE,Kg,12.0,Mercado Central,Precos-Medios-Varejo-Mercado-Central-168-JULHO-2026.pdf
2026-07-06,2026,7,Julho,6,"07 Jul (1,6,8)",Origem vegetal,VAGEM,Kg,25.0,Mercado Central,Precos-Medios-Varejo-Mercado-Central-168-JULHO-2026.pdf
2026-07-08,2026,7,Julho,8,"07 Jul (1,6,8)",Origem animal,ACEM C/ OSSO,Kg,26.0,Mercado Central,Precos-Medios-Varejo-Mercado-Central-168-JULHO-2026.pdf
2026-07-08,2026,7,Julho,8,"07 Jul (1,6,8)",Origem animal,ACEM S/ OSSO,Kg,35.0,Mercado Central,Precos-Medios-Varejo-Mercado-Central-168-JULHO-2026.pdf
2026-07-08,2026,7,Julho,8,"07 Jul (1,6,8)",Origem animal,ALCATRA,Kg,44.0,Mercado Central,Precos-Medios-Varejo-Mercado-Central-168-JULHO-2026.pdf
2026-07-08,2026,7,Julho,8,"07 Jul (1,6,8)",Origem animal,CARNE SUINA TRASEIRA,Kg,23.0,Mercado Central,Precos-Medios-Varejo-Mercado-Central-168-JULHO-2026.pdf
2026-07-08,2026,7,Julho,8,"07 Jul (1,6,8)",Origem animal,CHA DE DENTRO (COXAO MOLE),Kg,44.0,Mercado Central,Precos-Medios-Varejo-Mercado-Central-168-JULHO-2026.pdf
2026-07-08,2026,7,Julho,8,"07 Jul (1,6,8)",Origem animal,CHA DE FORA (COXAO DURO),Kg,39.0,Mercado Central,Precos-Medios-Varejo-Mercado-Central-168-JULHO-2026.pdf
2026-07-08,2026,7,Julho,8,"07 Jul (1,6,8)",Origem animal,CONTRA FILE,Kg,45.0,Mercado Central,Precos-Medios-Varejo-Mercado-Central-168-JULHO-2026.pdf
2026-07-08,2026,7,Julho,8,"07 Jul (1,6,8)",Origem animal,COSTELA,Kg,22.0,Mercado Central,Precos-Medios-Varejo-Mercado-Central-168-JULHO-2026.pdf
2026-07-08,2026,7,Julho,8,"07 Jul (1,6,8)",Origem animal,FILE MIGNION,Kg,55.0,Mercado Central,Precos-Medios-Varejo-Mercado-Central-168-JULHO-2026.pdf
2026-07-08,2026,7,Julho,8,"07 Jul (1,6,8)",Origem animal,FRANGO DE GRANJA,Kg,16.0,Mercado Central,Precos-Medios-Varejo-Mercado-Central-168-JULHO-2026.pdf
2026-07-08,2026,7,Julho,8,"07 Jul (1,6,8)",Origem animal,MANTEIGA,Kg,38.0,Mercado Central,Precos-Medios-Varejo-Mercado-Central-168-JULHO-2026.pdf
2026-07-08,2026,7,Julho,8,"07 Jul (1,6,8)",Origem animal,MUSCULO,Kg,27.0,Mercado Central,Precos-Medios-Varejo-Mercado-Central-168-JULHO-2026.pdf
2026-07-08,2026,7,Julho,8,"07 Jul (1,6,8)",Origem animal,OVO BRANCO GRANDE,Dz,8.0,Mercado Central,Precos-Medios-Varejo-Mercado-Central-168-JULHO-2026.pdf
2026-07-08,2026,7,Julho,8,"07 Jul (1,6,8)",Origem animal,OVO VERMELHO GRANDE,Dz,9.0,Mercado Central,Precos-Medios-Varejo-Mercado-Central-168-JULHO-2026.pdf
2026-07-08,2026,7,Julho,8,"07 Jul (1,6,8)",Origem animal,PALETA C/ OSSO,Kg,25.0,Mercado Central,Precos-Medios-Varejo-Mercado-Central-168-JULHO-2026.pdf
2026-07-08,2026,7,Julho,8,"07 Jul (1,6,8)",Origem animal,PATINHO,Kg,38.0,Mercado Central,Precos-Medios-Varejo-Mercado-Central-168-JULHO-2026.pdf
2026-07-08,2026,7,Julho,8,"07 Jul (1,6,8)",Origem animal,PEITO C/ OSSO,Kg,25.0,Mercado Central,Precos-Medios-Varejo-Mercado-Central-168-JULHO-2026.pdf
2026-07-08,2026,7,Julho,8,"07 Jul (1,6,8)",Origem animal,QUEIJO COALHO,Kg,28.0,Mercado Central,Precos-Medios-Varejo-Mercado-Central-168-JULHO-2026.pdf
2026-07-08,2026,7,Julho,8,"07 Jul (1,6,8)",Origem vegetal,ABACAXI GRANDE,Um,7.0,Mercado Central,Precos-Medios-Varejo-Mercado-Central-168-JULHO-2026.pdf
2026-07-08,2026,7,Julho,8,"07 Jul (1,6,8)",Origem vegetal,ABOBORA,Kg,5.0,Mercado Central,Precos-Medios-Varejo-Mercado-Central-168-JULHO-2026.pdf
2026-07-08,2026,7,Julho,8,"07 Jul (1,6,8)",Origem vegetal,ABOBRINHA,Kg,6.0,Mercado Central,Precos-Medios-Varejo-Mercado-Central-168-JULHO-2026.pdf
2026-07-08,2026,7,Julho,8,"07 Jul (1,6,8)",Origem vegetal,ACEROLA,Kg,8.0,Mercado Central,Precos-Medios-Varejo-Mercado-Central-168-JULHO-2026.pdf
2026-07-08,2026,7,Julho,8,"07 Jul (1,6,8)",Origem vegetal,ALFACE,Pe,2.0,Mercado Central,Precos-Medios-Varejo-Mercado-Central-168-JULHO-2026.pdf
2026-07-08,2026,7,Julho,8,"07 Jul (1,6,8)",Origem vegetal,ALHO,Cab.,2.0,Mercado Central,Precos-Medios-Varejo-Mercado-Central-168-JULHO-2026.pdf
2026-07-08,2026,7,Julho,8,"07 Jul (1,6,8)",Origem vegetal,AMENDOIM C/CASCA COZIDO,Lata,10.0,Mercado Central,Precos-Medios-Varejo-Mercado-Central-168-JULHO-2026.pdf
2026-07-08,2026,7,Julho,8,"07 Jul (1,6,8)",Origem vegetal,ARROZ AGULHA T 1,Kg,6.0,Mercado Central,Precos-Medios-Varejo-Mercado-Central-168-JULHO-2026.pdf
2026-07-08,2026,7,Julho,8,"07 Jul (1,6,8)",Origem vegetal,BANANA PRATA,Dz,5.0,Mercado Central,Precos-Medios-Varejo-Mercado-Central-168-JULHO-2026.pdf
2026-07-08,2026,7,Julho,8,"07 Jul (1,6,8)",Origem vegetal,BATATA DOCE,Kg,6.0,Mercado Central,Precos-Medios-Varejo-Mercado-Central-168-JULHO-2026.pdf
2026-07-08,2026,7,Julho,8,"07 Jul (1,6,8)",Origem vegetal,BATATA LISA,Kg,7.0,Mercado Central,Precos-Medios-Varejo-Mercado-Central-168-JULHO-2026.pdf
2026-07-08,2026,7,Julho,8,"07 Jul (1,6,8)",Origem vegetal,BETERRABA,Kg,7.0,Mercado Central,Precos-Medios-Varejo-Mercado-Central-168-JULHO-2026.pdf
2026-07-08,2026,7,Julho,8,"07 Jul (1,6,8)",Origem vegetal,CAJU,Um,1.0,Mercado Central,Precos-Medios-Varejo-Mercado-Central-168-JULHO-2026.pdf
2026-07-08,2026,7,Julho,8,"07 Jul (1,6,8)",Origem vegetal,CEBOLA BRANCA,Kg,6.0,Mercado Central,Precos-Medios-Varejo-Mercado-Central-168-JULHO-2026.pdf
2026-07-08,2026,7,Julho,8,"07 Jul (1,6,8)",Origem vegetal,CEBOLA ROXA,Kg,7.0,Mercado Central,Precos-Medios-Varejo-Mercado-Central-168-JULHO-2026.pdf
2026-07-08,2026,7,Julho,8,"07 Jul (1,6,8)",Origem vegetal,CEBOLINHA,Molho,2.0,Mercado Central,Precos-Medios-Varejo-Mercado-Central-168-JULHO-2026.pdf
2026-07-08,2026,7,Julho,8,"07 Jul (1,6,8)",Origem vegetal,CENOURA,Kg,7.0,Mercado Central,Precos-Medios-Varejo-Mercado-Central-168-JULHO-2026.pdf
2026-07-08,2026,7,Julho,8,"07 Jul (1,6,8)",Origem vegetal,CHUCHU,Um,1.0,Mercado Central,Precos-Medios-Varejo-Mercado-Central-168-JULHO-2026.pdf
2026-07-08,2026,7,Julho,8,"07 Jul (1,6,8)",Origem vegetal,COCO SECO,Um,6.0,Mercado Central,Precos-Medios-Varejo-Mercado-Central-168-JULHO-2026.pdf
2026-07-08,2026,7,Julho,8,"07 Jul (1,6,8)",Origem vegetal,COCO VERDE,Um,5.0,Mercado Central,Precos-Medios-Varejo-Mercado-Central-168-JULHO-2026.pdf
2026-07-08,2026,7,Julho,8,"07 Jul (1,6,8)",Origem vegetal,COENTRO,Molho,2.0,Mercado Central,Precos-Medios-Varejo-Mercado-Central-168-JULHO-2026.pdf
2026-07-08,2026,7,Julho,8,"07 Jul (1,6,8)",Origem vegetal,COUVE,Molho,2.0,Mercado Central,Precos-Medios-Varejo-Mercado-Central-168-JULHO-2026.pdf
2026-07-08,2026,7,Julho,8,"07 Jul (1,6,8)",Origem vegetal,COUVE-FLOR,Kg,14.0,Mercado Central,Precos-Medios-Varejo-Mercado-Central-168-JULHO-2026.pdf
2026-07-08,2026,7,Julho,8,"07 Jul (1,6,8)",Origem vegetal,FARINHA DE MANDIOCA,Kg,6.0,Mercado Central,Precos-Medios-Varejo-Mercado-Central-168-JULHO-2026.pdf
2026-07-08,2026,7,Julho,8,"07 Jul (1,6,8)",Origem vegetal,FEIJAO CARIOQUINHA,Kg,8.0,Mercado Central,Precos-Medios-Varejo-Mercado-Central-168-JULHO-2026.pdf
2026-07-08,2026,7,Julho,8,"07 Jul (1,6,8)",Origem vegetal,GOIABA VERMELHA,Kg,3.0,Mercado Central,Precos-Medios-Varejo-Mercado-Central-168-JULHO-2026.pdf
2026-07-08,2026,7,Julho,8,"07 Jul (1,6,8)",Origem vegetal,INHAME DA COSTA,Kg,12.0,Mercado Central,Precos-Medios-Varejo-Mercado-Central-168-JULHO-2026.pdf
2026-07-08,2026,7,Julho,8,"07 Jul (1,6,8)",Origem vegetal,LARANJA PERA,Uma,0.6,Mercado Central,Precos-Medios-Varejo-Mercado-Central-168-JULHO-2026.pdf
2026-07-08,2026,7,Julho,8,"07 Jul (1,6,8)",Origem vegetal,LIMAO TAITI,Kg,3.0,Mercado Central,Precos-Medios-Varejo-Mercado-Central-168-JULHO-2026.pdf
2026-07-08,2026,7,Julho,8,"07 Jul (1,6,8)",Origem vegetal,MACA NACIONAL,Kg,10.0,Mercado Central,Precos-Medios-Varejo-Mercado-Central-168-JULHO-2026.pdf
2026-07-08,2026,7,Julho,8,"07 Jul (1,6,8)",Origem vegetal,MACAXEIRA (AIPIM),Kg,3.0,Mercado Central,Precos-Medios-Varejo-Mercado-Central-168-JULHO-2026.pdf
2026-07-08,2026,7,Julho,8,"07 Jul (1,6,8)",Origem vegetal,MAMAO FORMOSA,Kg,3.0,Mercado Central,Precos-Medios-Varejo-Mercado-Central-168-JULHO-2026.pdf
2026-07-08,2026,7,Julho,8,"07 Jul (1,6,8)",Origem vegetal,MAMAO HAWAY,Kg,4.0,Mercado Central,Precos-Medios-Varejo-Mercado-Central-168-JULHO-2026.pdf
2026-07-08,2026,7,Julho,8,"07 Jul (1,6,8)",Origem vegetal,MANGA TOMMY,Kg,6.0,Mercado Central,Precos-Medios-Varejo-Mercado-Central-168-JULHO-2026.pdf
2026-07-08,2026,7,Julho,8,"07 Jul (1,6,8)",Origem vegetal,MARACUJA,Kg,7.0,Mercado Central,Precos-Medios-Varejo-Mercado-Central-168-JULHO-2026.pdf
2026-07-08,2026,7,Julho,8,"07 Jul (1,6,8)",Origem vegetal,MAXIXE,Kg,6.0,Mercado Central,Precos-Medios-Varejo-Mercado-Central-168-JULHO-2026.pdf
2026-07-08,2026,7,Julho,8,"07 Jul (1,6,8)",Origem vegetal,MELANCIA,Kg,1.5,Mercado Central,Precos-Medios-Varejo-Mercado-Central-168-JULHO-2026.pdf
2026-07-08,2026,7,Julho,8,"07 Jul (1,6,8)",Origem vegetal,MELAO ESPANHOL,Kg,4.0,Mercado Central,Precos-Medios-Varejo-Mercado-Central-168-JULHO-2026.pdf
2026-07-08,2026,7,Julho,8,"07 Jul (1,6,8)",Origem vegetal,MILHO EM GRAO,Kg,2.0,Mercado Central,Precos-Medios-Varejo-Mercado-Central-168-JULHO-2026.pdf
2026-07-08,2026,7,Julho,8,"07 Jul (1,6,8)",Origem vegetal,MILHO VERDE,Espiga,1.0,Mercado Central,Precos-Medios-Varejo-Mercado-Central-168-JULHO-2026.pdf
2026-07-08,2026,7,Julho,8,"07 Jul (1,6,8)",Origem vegetal,MORANGO,"Cx 0,3Kg",12.0,Mercado Central,Precos-Medios-Varejo-Mercado-Central-168-JULHO-2026.pdf
2026-07-08,2026,7,Julho,8,"07 Jul (1,6,8)",Origem vegetal,PIMENTAO VERDE,Um,2.0,Mercado Central,Precos-Medios-Varejo-Mercado-Central-168-JULHO-2026.pdf
2026-07-08,2026,7,Julho,8,"07 Jul (1,6,8)",Origem vegetal,QUIABO,Cento,20.0,Mercado Central,Precos-Medios-Varejo-Mercado-Central-168-JULHO-2026.pdf
2026-07-08,2026,7,Julho,8,"07 Jul (1,6,8)",Origem vegetal,REPOLHO VERDE,Kg,6.0,Mercado Central,Precos-Medios-Varejo-Mercado-Central-168-JULHO-2026.pdf
2026-07-08,2026,7,Julho,8,"07 Jul (1,6,8)",Origem vegetal,TOMATE,Kg,6.0,Mercado Central,Precos-Medios-Varejo-Mercado-Central-168-JULHO-2026.pdf
2026-07-08,2026,7,Julho,8,"07 Jul (1,6,8)",Origem vegetal,UVA SEM SEMENTE,Kg,10.0,Mercado Central,Precos-Medios-Varejo-Mercado-Central-168-JULHO-2026.pdf
2026-07-08,2026,7,Julho,8,"07 Jul (1,6,8)",Origem vegetal,VAGEM,Kg,25.0,Mercado Central,Precos-Medios-Varejo-Mercado-Central-168-JULHO-2026.pdf
2026-07-13,2026,7,Julho,13,"07 Jul (13,15,20)",Origem animal,ACEM C/ OSSO,Kg,26.0,Mercado Central,PRECOS-DE-VAREJO-MERCADO-CENTRAL-DE-ARACAJU-10-15-E-17-DE-JULHO-2026.pdf
2026-07-13,2026,7,Julho,13,"07 Jul (13,15,20)",Origem animal,ACEM S/ OSSO,Kg,35.0,Mercado Central,PRECOS-DE-VAREJO-MERCADO-CENTRAL-DE-ARACAJU-10-15-E-17-DE-JULHO-2026.pdf
2026-07-13,2026,7,Julho,13,"07 Jul (13,15,20)",Origem animal,ALCATRA,Kg,44.0,Mercado Central,PRECOS-DE-VAREJO-MERCADO-CENTRAL-DE-ARACAJU-10-15-E-17-DE-JULHO-2026.pdf
2026-07-13,2026,7,Julho,13,"07 Jul (13,15,20)",Origem animal,CARNE SUINA TRASEIRA,Kg,23.0,Mercado Central,PRECOS-DE-VAREJO-MERCADO-CENTRAL-DE-ARACAJU-10-15-E-17-DE-JULHO-2026.pdf
2026-07-13,2026,7,Julho,13,"07 Jul (13,15,20)",Origem animal,CHA DE DENTRO (COXAO MOLE),Kg,44.0,Mercado Central,PRECOS-DE-VAREJO-MERCADO-CENTRAL-DE-ARACAJU-10-15-E-17-DE-JULHO-2026.pdf
2026-07-13,2026,7,Julho,13,"07 Jul (13,15,20)",Origem animal,CHA DE FORA (COXAO DURO),Kg,39.0,Mercado Central,PRECOS-DE-VAREJO-MERCADO-CENTRAL-DE-ARACAJU-10-15-E-17-DE-JULHO-2026.pdf
2026-07-13,2026,7,Julho,13,"07 Jul (13,15,20)",Origem animal,CONTRA FILE,Kg,45.0,Mercado Central,PRECOS-DE-VAREJO-MERCADO-CENTRAL-DE-ARACAJU-10-15-E-17-DE-JULHO-2026.pdf
2026-07-13,2026,7,Julho,13,"07 Jul (13,15,20)",Origem animal,COSTELA,Kg,22.0,Mercado Central,PRECOS-DE-VAREJO-MERCADO-CENTRAL-DE-ARACAJU-10-15-E-17-DE-JULHO-2026.pdf
2026-07-13,2026,7,Julho,13,"07 Jul (13,15,20)",Origem animal,FILE MIGNION,Kg,55.0,Mercado Central,PRECOS-DE-VAREJO-MERCADO-CENTRAL-DE-ARACAJU-10-15-E-17-DE-JULHO-2026.pdf
2026-07-13,2026,7,Julho,13,"07 Jul (13,15,20)",Origem animal,FRANGO DE GRANJA,Kg,16.0,Mercado Central,PRECOS-DE-VAREJO-MERCADO-CENTRAL-DE-ARACAJU-10-15-E-17-DE-JULHO-2026.pdf
2026-07-13,2026,7,Julho,13,"07 Jul (13,15,20)",Origem animal,MANTEIGA,Kg,38.0,Mercado Central,PRECOS-DE-VAREJO-MERCADO-CENTRAL-DE-ARACAJU-10-15-E-17-DE-JULHO-2026.pdf
2026-07-13,2026,7,Julho,13,"07 Jul (13,15,20)",Origem animal,MUSCULO,Kg,27.0,Mercado Central,PRECOS-DE-VAREJO-MERCADO-CENTRAL-DE-ARACAJU-10-15-E-17-DE-JULHO-2026.pdf
2026-07-13,2026,7,Julho,13,"07 Jul (13,15,20)",Origem animal,OVO BRANCO GRANDE,Dz,8.0,Mercado Central,PRECOS-DE-VAREJO-MERCADO-CENTRAL-DE-ARACAJU-10-15-E-17-DE-JULHO-2026.pdf
2026-07-13,2026,7,Julho,13,"07 Jul (13,15,20)",Origem animal,OVO VERMELHO GRANDE,Dz,9.0,Mercado Central,PRECOS-DE-VAREJO-MERCADO-CENTRAL-DE-ARACAJU-10-15-E-17-DE-JULHO-2026.pdf
2026-07-13,2026,7,Julho,13,"07 Jul (13,15,20)",Origem animal,PALETA C/ OSSO,Kg,25.0,Mercado Central,PRECOS-DE-VAREJO-MERCADO-CENTRAL-DE-ARACAJU-10-15-E-17-DE-JULHO-2026.pdf
2026-07-13,2026,7,Julho,13,"07 Jul (13,15,20)",Origem animal,PATINHO,Kg,38.0,Mercado Central,PRECOS-DE-VAREJO-MERCADO-CENTRAL-DE-ARACAJU-10-15-E-17-DE-JULHO-2026.pdf
2026-07-13,2026,7,Julho,13,"07 Jul (13,15,20)",Origem animal,PEITO C/ OSSO,Kg,25.0,Mercado Central,PRECOS-DE-VAREJO-MERCADO-CENTRAL-DE-ARACAJU-10-15-E-17-DE-JULHO-2026.pdf
2026-07-13,2026,7,Julho,13,"07 Jul (13,15,20)",Origem animal,QUEIJO COALHO,Kg,28.0,Mercado Central,PRECOS-DE-VAREJO-MERCADO-CENTRAL-DE-ARACAJU-10-15-E-17-DE-JULHO-2026.pdf
2026-07-13,2026,7,Julho,13,"07 Jul (13,15,20)",Origem vegetal,ABACAXI GRANDE,Um,7.0,Mercado Central,PRECOS-DE-VAREJO-MERCADO-CENTRAL-DE-ARACAJU-10-15-E-17-DE-JULHO-2026.pdf
2026-07-13,2026,7,Julho,13,"07 Jul (13,15,20)",Origem vegetal,ABOBORA,Kg,5.0,Mercado Central,PRECOS-DE-VAREJO-MERCADO-CENTRAL-DE-ARACAJU-10-15-E-17-DE-JULHO-2026.pdf
2026-07-13,2026,7,Julho,13,"07 Jul (13,15,20)",Origem vegetal,ABOBRINHA,Kg,6.0,Mercado Central,PRECOS-DE-VAREJO-MERCADO-CENTRAL-DE-ARACAJU-10-15-E-17-DE-JULHO-2026.pdf
2026-07-13,2026,7,Julho,13,"07 Jul (13,15,20)",Origem vegetal,ACEROLA,Kg,10.0,Mercado Central,PRECOS-DE-VAREJO-MERCADO-CENTRAL-DE-ARACAJU-10-15-E-17-DE-JULHO-2026.pdf
2026-07-13,2026,7,Julho,13,"07 Jul (13,15,20)",Origem vegetal,ALFACE,Pe,2.0,Mercado Central,PRECOS-DE-VAREJO-MERCADO-CENTRAL-DE-ARACAJU-10-15-E-17-DE-JULHO-2026.pdf
2026-07-13,2026,7,Julho,13,"07 Jul (13,15,20)",Origem vegetal,ALHO,Cab.,2.0,Mercado Central,PRECOS-DE-VAREJO-MERCADO-CENTRAL-DE-ARACAJU-10-15-E-17-DE-JULHO-2026.pdf
2026-07-13,2026,7,Julho,13,"07 Jul (13,15,20)",Origem vegetal,AMENDOIM C/CASCA COZIDO,Lata,10.0,Mercado Central,PRECOS-DE-VAREJO-MERCADO-CENTRAL-DE-ARACAJU-10-15-E-17-DE-JULHO-2026.pdf
2026-07-13,2026,7,Julho,13,"07 Jul (13,15,20)",Origem vegetal,ARROZ AGULHA T 1,Kg,6.0,Mercado Central,PRECOS-DE-VAREJO-MERCADO-CENTRAL-DE-ARACAJU-10-15-E-17-DE-JULHO-2026.pdf
2026-07-13,2026,7,Julho,13,"07 Jul (13,15,20)",Origem vegetal,BANANA PRATA,Dz,5.0,Mercado Central,PRECOS-DE-VAREJO-MERCADO-CENTRAL-DE-ARACAJU-10-15-E-17-DE-JULHO-2026.pdf
2026-07-13,2026,7,Julho,13,"07 Jul (13,15,20)",Origem vegetal,BATATA DOCE,Kg,6.0,Mercado Central,PRECOS-DE-VAREJO-MERCADO-CENTRAL-DE-ARACAJU-10-15-E-17-DE-JULHO-2026.pdf
2026-07-13,2026,7,Julho,13,"07 Jul (13,15,20)",Origem vegetal,BATATA LISA,Kg,7.0,Mercado Central,PRECOS-DE-VAREJO-MERCADO-CENTRAL-DE-ARACAJU-10-15-E-17-DE-JULHO-2026.pdf
2026-07-13,2026,7,Julho,13,"07 Jul (13,15,20)",Origem vegetal,BETERRABA,Kg,7.0,Mercado Central,PRECOS-DE-VAREJO-MERCADO-CENTRAL-DE-ARACAJU-10-15-E-17-DE-JULHO-2026.pdf
2026-07-13,2026,7,Julho,13,"07 Jul (13,15,20)",Origem vegetal,CAJU,Um,1.0,Mercado Central,PRECOS-DE-VAREJO-MERCADO-CENTRAL-DE-ARACAJU-10-15-E-17-DE-JULHO-2026.pdf
2026-07-13,2026,7,Julho,13,"07 Jul (13,15,20)",Origem vegetal,CEBOLA BRANCA,Kg,6.0,Mercado Central,PRECOS-DE-VAREJO-MERCADO-CENTRAL-DE-ARACAJU-10-15-E-17-DE-JULHO-2026.pdf
2026-07-13,2026,7,Julho,13,"07 Jul (13,15,20)",Origem vegetal,CEBOLA ROXA,Kg,7.0,Mercado Central,PRECOS-DE-VAREJO-MERCADO-CENTRAL-DE-ARACAJU-10-15-E-17-DE-JULHO-2026.pdf
2026-07-13,2026,7,Julho,13,"07 Jul (13,15,20)",Origem vegetal,CEBOLINHA,Molho,2.0,Mercado Central,PRECOS-DE-VAREJO-MERCADO-CENTRAL-DE-ARACAJU-10-15-E-17-DE-JULHO-2026.pdf
2026-07-13,2026,7,Julho,13,"07 Jul (13,15,20)",Origem vegetal,CENOURA,Kg,7.0,Mercado Central,PRECOS-DE-VAREJO-MERCADO-CENTRAL-DE-ARACAJU-10-15-E-17-DE-JULHO-2026.pdf
2026-07-13,2026,7,Julho,13,"07 Jul (13,15,20)",Origem vegetal,CHUCHU,Um,1.0,Mercado Central,PRECOS-DE-VAREJO-MERCADO-CENTRAL-DE-ARACAJU-10-15-E-17-DE-JULHO-2026.pdf
2026-07-13,2026,7,Julho,13,"07 Jul (13,15,20)",Origem vegetal,COCO SECO,Um,6.0,Mercado Central,PRECOS-DE-VAREJO-MERCADO-CENTRAL-DE-ARACAJU-10-15-E-17-DE-JULHO-2026.pdf
2026-07-13,2026,7,Julho,13,"07 Jul (13,15,20)",Origem vegetal,COCO VERDE,Um,4.0,Mercado Central,PRECOS-DE-VAREJO-MERCADO-CENTRAL-DE-ARACAJU-10-15-E-17-DE-JULHO-2026.pdf
2026-07-13,2026,7,Julho,13,"07 Jul (13,15,20)",Origem vegetal,COENTRO,Molho,2.0,Mercado Central,PRECOS-DE-VAREJO-MERCADO-CENTRAL-DE-ARACAJU-10-15-E-17-DE-JULHO-2026.pdf
2026-07-13,2026,7,Julho,13,"07 Jul (13,15,20)",Origem vegetal,COUVE,Molho,2.0,Mercado Central,PRECOS-DE-VAREJO-MERCADO-CENTRAL-DE-ARACAJU-10-15-E-17-DE-JULHO-2026.pdf
2026-07-13,2026,7,Julho,13,"07 Jul (13,15,20)",Origem vegetal,COUVE-FLOR,Kg,14.0,Mercado Central,PRECOS-DE-VAREJO-MERCADO-CENTRAL-DE-ARACAJU-10-15-E-17-DE-JULHO-2026.pdf
2026-07-13,2026,7,Julho,13,"07 Jul (13,15,20)",Origem vegetal,FARINHA DE MANDIOCA,Kg,6.0,Mercado Central,PRECOS-DE-VAREJO-MERCADO-CENTRAL-DE-ARACAJU-10-15-E-17-DE-JULHO-2026.pdf
2026-07-13,2026,7,Julho,13,"07 Jul (13,15,20)",Origem vegetal,FEIJAO CARIOQUINHA,Kg,8.0,Mercado Central,PRECOS-DE-VAREJO-MERCADO-CENTRAL-DE-ARACAJU-10-15-E-17-DE-JULHO-2026.pdf
2026-07-13,2026,7,Julho,13,"07 Jul (13,15,20)",Origem vegetal,GOIABA VERMELHA,Kg,3.0,Mercado Central,PRECOS-DE-VAREJO-MERCADO-CENTRAL-DE-ARACAJU-10-15-E-17-DE-JULHO-2026.pdf
2026-07-13,2026,7,Julho,13,"07 Jul (13,15,20)",Origem vegetal,INHAME DA COSTA,Kg,12.0,Mercado Central,PRECOS-DE-VAREJO-MERCADO-CENTRAL-DE-ARACAJU-10-15-E-17-DE-JULHO-2026.pdf
2026-07-13,2026,7,Julho,13,"07 Jul (13,15,20)",Origem vegetal,LARANJA PERA,Uma,0.6,Mercado Central,PRECOS-DE-VAREJO-MERCADO-CENTRAL-DE-ARACAJU-10-15-E-17-DE-JULHO-2026.pdf
2026-07-13,2026,7,Julho,13,"07 Jul (13,15,20)",Origem vegetal,LIMAO TAITI,Kg,3.0,Mercado Central,PRECOS-DE-VAREJO-MERCADO-CENTRAL-DE-ARACAJU-10-15-E-17-DE-JULHO-2026.pdf
2026-07-13,2026,7,Julho,13,"07 Jul (13,15,20)",Origem vegetal,MACA NACIONAL,Kg,10.0,Mercado Central,PRECOS-DE-VAREJO-MERCADO-CENTRAL-DE-ARACAJU-10-15-E-17-DE-JULHO-2026.pdf
2026-07-13,2026,7,Julho,13,"07 Jul (13,15,20)",Origem vegetal,MACAXEIRA (AIPIM),Kg,3.0,Mercado Central,PRECOS-DE-VAREJO-MERCADO-CENTRAL-DE-ARACAJU-10-15-E-17-DE-JULHO-2026.pdf
2026-07-13,2026,7,Julho,13,"07 Jul (13,15,20)",Origem vegetal,MAMAO FORMOSA,Kg,3.0,Mercado Central,PRECOS-DE-VAREJO-MERCADO-CENTRAL-DE-ARACAJU-10-15-E-17-DE-JULHO-2026.pdf
2026-07-13,2026,7,Julho,13,"07 Jul (13,15,20)",Origem vegetal,MAMAO HAWAY,Kg,4.0,Mercado Central,PRECOS-DE-VAREJO-MERCADO-CENTRAL-DE-ARACAJU-10-15-E-17-DE-JULHO-2026.pdf
2026-07-13,2026,7,Julho,13,"07 Jul (13,15,20)",Origem vegetal,MANGA TOMMY,Kg,6.0,Mercado Central,PRECOS-DE-VAREJO-MERCADO-CENTRAL-DE-ARACAJU-10-15-E-17-DE-JULHO-2026.pdf
2026-07-13,2026,7,Julho,13,"07 Jul (13,15,20)",Origem vegetal,MARACUJA,Kg,7.0,Mercado Central,PRECOS-DE-VAREJO-MERCADO-CENTRAL-DE-ARACAJU-10-15-E-17-DE-JULHO-2026.pdf
2026-07-13,2026,7,Julho,13,"07 Jul (13,15,20)",Origem vegetal,MAXIXE,Kg,6.0,Mercado Central,PRECOS-DE-VAREJO-MERCADO-CENTRAL-DE-ARACAJU-10-15-E-17-DE-JULHO-2026.pdf
2026-07-13,2026,7,Julho,13,"07 Jul (13,15,20)",Origem vegetal,MELANCIA,Kg,1.5,Mercado Central,PRECOS-DE-VAREJO-MERCADO-CENTRAL-DE-ARACAJU-10-15-E-17-DE-JULHO-2026.pdf
2026-07-13,2026,7,Julho,13,"07 Jul (13,15,20)",Origem vegetal,MELAO ESPANHOL,Kg,4.0,Mercado Central,PRECOS-DE-VAREJO-MERCADO-CENTRAL-DE-ARACAJU-10-15-E-17-DE-JULHO-2026.pdf
2026-07-13,2026,7,Julho,13,"07 Jul (13,15,20)",Origem vegetal,MILHO EM GRAO,Kg,2.0,Mercado Central,PRECOS-DE-VAREJO-MERCADO-CENTRAL-DE-ARACAJU-10-15-E-17-DE-JULHO-2026.pdf
2026-07-13,2026,7,Julho,13,"07 Jul (13,15,20)",Origem vegetal,MILHO VERDE,Espiga,1.0,Mercado Central,PRECOS-DE-VAREJO-MERCADO-CENTRAL-DE-ARACAJU-10-15-E-17-DE-JULHO-2026.pdf
2026-07-13,2026,7,Julho,13,"07 Jul (13,15,20)",Origem vegetal,MORANGO,"Cx 0,3Kg",10.0,Mercado Central,PRECOS-DE-VAREJO-MERCADO-CENTRAL-DE-ARACAJU-10-15-E-17-DE-JULHO-2026.pdf
2026-07-13,2026,7,Julho,13,"07 Jul (13,15,20)",Origem vegetal,PIMENTAO VERDE,Um,1.0,Mercado Central,PRECOS-DE-VAREJO-MERCADO-CENTRAL-DE-ARACAJU-10-15-E-17-DE-JULHO-2026.pdf
2026-07-13,2026,7,Julho,13,"07 Jul (13,15,20)",Origem vegetal,QUIABO,Cento,10.0,Mercado Central,PRECOS-DE-VAREJO-MERCADO-CENTRAL-DE-ARACAJU-10-15-E-17-DE-JULHO-2026.pdf
2026-07-13,2026,7,Julho,13,"07 Jul (13,15,20)",Origem vegetal,REPOLHO VERDE,Kg,6.0,Mercado Central,PRECOS-DE-VAREJO-MERCADO-CENTRAL-DE-ARACAJU-10-15-E-17-DE-JULHO-2026.pdf
2026-07-13,2026,7,Julho,13,"07 Jul (13,15,20)",Origem vegetal,TOMATE,Kg,4.0,Mercado Central,PRECOS-DE-VAREJO-MERCADO-CENTRAL-DE-ARACAJU-10-15-E-17-DE-JULHO-2026.pdf
2026-07-13,2026,7,Julho,13,"07 Jul (13,15,20)",Origem vegetal,UVA SEM SEMENTE,Kg,10.0,Mercado Central,PRECOS-DE-VAREJO-MERCADO-CENTRAL-DE-ARACAJU-10-15-E-17-DE-JULHO-2026.pdf
2026-07-13,2026,7,Julho,13,"07 Jul (13,15,20)",Origem vegetal,VAGEM,Kg,25.0,Mercado Central,PRECOS-DE-VAREJO-MERCADO-CENTRAL-DE-ARACAJU-10-15-E-17-DE-JULHO-2026.pdf
2026-07-15,2026,7,Julho,15,"07 Jul (13,15,20)",Origem animal,ACEM C/ OSSO,Kg,26.0,Mercado Central,PRECOS-DE-VAREJO-MERCADO-CENTRAL-DE-ARACAJU-10-15-E-17-DE-JULHO-2026.pdf
2026-07-15,2026,7,Julho,15,"07 Jul (13,15,20)",Origem animal,ACEM S/ OSSO,Kg,35.0,Mercado Central,PRECOS-DE-VAREJO-MERCADO-CENTRAL-DE-ARACAJU-10-15-E-17-DE-JULHO-2026.pdf
2026-07-15,2026,7,Julho,15,"07 Jul (13,15,20)",Origem animal,ALCATRA,Kg,44.0,Mercado Central,PRECOS-DE-VAREJO-MERCADO-CENTRAL-DE-ARACAJU-10-15-E-17-DE-JULHO-2026.pdf
2026-07-15,2026,7,Julho,15,"07 Jul (13,15,20)",Origem animal,CARNE SUINA TRASEIRA,Kg,23.0,Mercado Central,PRECOS-DE-VAREJO-MERCADO-CENTRAL-DE-ARACAJU-10-15-E-17-DE-JULHO-2026.pdf
2026-07-15,2026,7,Julho,15,"07 Jul (13,15,20)",Origem animal,CHA DE DENTRO (COXAO MOLE),Kg,44.0,Mercado Central,PRECOS-DE-VAREJO-MERCADO-CENTRAL-DE-ARACAJU-10-15-E-17-DE-JULHO-2026.pdf
2026-07-15,2026,7,Julho,15,"07 Jul (13,15,20)",Origem animal,CHA DE FORA (COXAO DURO),Kg,39.0,Mercado Central,PRECOS-DE-VAREJO-MERCADO-CENTRAL-DE-ARACAJU-10-15-E-17-DE-JULHO-2026.pdf
2026-07-15,2026,7,Julho,15,"07 Jul (13,15,20)",Origem animal,CONTRA FILE,Kg,45.0,Mercado Central,PRECOS-DE-VAREJO-MERCADO-CENTRAL-DE-ARACAJU-10-15-E-17-DE-JULHO-2026.pdf
2026-07-15,2026,7,Julho,15,"07 Jul (13,15,20)",Origem animal,COSTELA,Kg,22.0,Mercado Central,PRECOS-DE-VAREJO-MERCADO-CENTRAL-DE-ARACAJU-10-15-E-17-DE-JULHO-2026.pdf
2026-07-15,2026,7,Julho,15,"07 Jul (13,15,20)",Origem animal,FILE MIGNION,Kg,55.0,Mercado Central,PRECOS-DE-VAREJO-MERCADO-CENTRAL-DE-ARACAJU-10-15-E-17-DE-JULHO-2026.pdf
2026-07-15,2026,7,Julho,15,"07 Jul (13,15,20)",Origem animal,FRANGO DE GRANJA,Kg,16.0,Mercado Central,PRECOS-DE-VAREJO-MERCADO-CENTRAL-DE-ARACAJU-10-15-E-17-DE-JULHO-2026.pdf
2026-07-15,2026,7,Julho,15,"07 Jul (13,15,20)",Origem animal,MANTEIGA,Kg,38.0,Mercado Central,PRECOS-DE-VAREJO-MERCADO-CENTRAL-DE-ARACAJU-10-15-E-17-DE-JULHO-2026.pdf
2026-07-15,2026,7,Julho,15,"07 Jul (13,15,20)",Origem animal,MUSCULO,Kg,27.0,Mercado Central,PRECOS-DE-VAREJO-MERCADO-CENTRAL-DE-ARACAJU-10-15-E-17-DE-JULHO-2026.pdf
2026-07-15,2026,7,Julho,15,"07 Jul (13,15,20)",Origem animal,OVO BRANCO GRANDE,Dz,8.0,Mercado Central,PRECOS-DE-VAREJO-MERCADO-CENTRAL-DE-ARACAJU-10-15-E-17-DE-JULHO-2026.pdf
2026-07-15,2026,7,Julho,15,"07 Jul (13,15,20)",Origem animal,OVO VERMELHO GRANDE,Dz,9.0,Mercado Central,PRECOS-DE-VAREJO-MERCADO-CENTRAL-DE-ARACAJU-10-15-E-17-DE-JULHO-2026.pdf
2026-07-15,2026,7,Julho,15,"07 Jul (13,15,20)",Origem animal,PALETA C/ OSSO,Kg,25.0,Mercado Central,PRECOS-DE-VAREJO-MERCADO-CENTRAL-DE-ARACAJU-10-15-E-17-DE-JULHO-2026.pdf
2026-07-15,2026,7,Julho,15,"07 Jul (13,15,20)",Origem animal,PATINHO,Kg,38.0,Mercado Central,PRECOS-DE-VAREJO-MERCADO-CENTRAL-DE-ARACAJU-10-15-E-17-DE-JULHO-2026.pdf
2026-07-15,2026,7,Julho,15,"07 Jul (13,15,20)",Origem animal,PEITO C/ OSSO,Kg,25.0,Mercado Central,PRECOS-DE-VAREJO-MERCADO-CENTRAL-DE-ARACAJU-10-15-E-17-DE-JULHO-2026.pdf
2026-07-15,2026,7,Julho,15,"07 Jul (13,15,20)",Origem animal,QUEIJO COALHO,Kg,28.0,Mercado Central,PRECOS-DE-VAREJO-MERCADO-CENTRAL-DE-ARACAJU-10-15-E-17-DE-JULHO-2026.pdf
2026-07-15,2026,7,Julho,15,"07 Jul (13,15,20)",Origem vegetal,ABACAXI GRANDE,Um,7.0,Mercado Central,PRECOS-DE-VAREJO-MERCADO-CENTRAL-DE-ARACAJU-10-15-E-17-DE-JULHO-2026.pdf
2026-07-15,2026,7,Julho,15,"07 Jul (13,15,20)",Origem vegetal,ABOBORA,Kg,5.0,Mercado Central,PRECOS-DE-VAREJO-MERCADO-CENTRAL-DE-ARACAJU-10-15-E-17-DE-JULHO-2026.pdf
2026-07-15,2026,7,Julho,15,"07 Jul (13,15,20)",Origem vegetal,ABOBRINHA,Kg,6.0,Mercado Central,PRECOS-DE-VAREJO-MERCADO-CENTRAL-DE-ARACAJU-10-15-E-17-DE-JULHO-2026.pdf
2026-07-15,2026,7,Julho,15,"07 Jul (13,15,20)",Origem vegetal,ACEROLA,Kg,10.0,Mercado Central,PRECOS-DE-VAREJO-MERCADO-CENTRAL-DE-ARACAJU-10-15-E-17-DE-JULHO-2026.pdf
2026-07-15,2026,7,Julho,15,"07 Jul (13,15,20)",Origem vegetal,ALFACE,Pe,2.0,Mercado Central,PRECOS-DE-VAREJO-MERCADO-CENTRAL-DE-ARACAJU-10-15-E-17-DE-JULHO-2026.pdf
2026-07-15,2026,7,Julho,15,"07 Jul (13,15,20)",Origem vegetal,ALHO,Cab.,2.0,Mercado Central,PRECOS-DE-VAREJO-MERCADO-CENTRAL-DE-ARACAJU-10-15-E-17-DE-JULHO-2026.pdf
2026-07-15,2026,7,Julho,15,"07 Jul (13,15,20)",Origem vegetal,AMENDOIM C/CASCA COZIDO,Lata,10.0,Mercado Central,PRECOS-DE-VAREJO-MERCADO-CENTRAL-DE-ARACAJU-10-15-E-17-DE-JULHO-2026.pdf
2026-07-15,2026,7,Julho,15,"07 Jul (13,15,20)",Origem vegetal,ARROZ AGULHA T 1,Kg,6.0,Mercado Central,PRECOS-DE-VAREJO-MERCADO-CENTRAL-DE-ARACAJU-10-15-E-17-DE-JULHO-2026.pdf
2026-07-15,2026,7,Julho,15,"07 Jul (13,15,20)",Origem vegetal,BANANA PRATA,Dz,5.0,Mercado Central,PRECOS-DE-VAREJO-MERCADO-CENTRAL-DE-ARACAJU-10-15-E-17-DE-JULHO-2026.pdf
2026-07-15,2026,7,Julho,15,"07 Jul (13,15,20)",Origem vegetal,BATATA DOCE,Kg,6.0,Mercado Central,PRECOS-DE-VAREJO-MERCADO-CENTRAL-DE-ARACAJU-10-15-E-17-DE-JULHO-2026.pdf
2026-07-15,2026,7,Julho,15,"07 Jul (13,15,20)",Origem vegetal,BATATA LISA,Kg,7.0,Mercado Central,PRECOS-DE-VAREJO-MERCADO-CENTRAL-DE-ARACAJU-10-15-E-17-DE-JULHO-2026.pdf
2026-07-15,2026,7,Julho,15,"07 Jul (13,15,20)",Origem vegetal,BETERRABA,Kg,7.0,Mercado Central,PRECOS-DE-VAREJO-MERCADO-CENTRAL-DE-ARACAJU-10-15-E-17-DE-JULHO-2026.pdf
2026-07-15,2026,7,Julho,15,"07 Jul (13,15,20)",Origem vegetal,CAJU,Um,1.0,Mercado Central,PRECOS-DE-VAREJO-MERCADO-CENTRAL-DE-ARACAJU-10-15-E-17-DE-JULHO-2026.pdf
2026-07-15,2026,7,Julho,15,"07 Jul (13,15,20)",Origem vegetal,CEBOLA BRANCA,Kg,6.0,Mercado Central,PRECOS-DE-VAREJO-MERCADO-CENTRAL-DE-ARACAJU-10-15-E-17-DE-JULHO-2026.pdf
2026-07-15,2026,7,Julho,15,"07 Jul (13,15,20)",Origem vegetal,CEBOLA ROXA,Kg,7.0,Mercado Central,PRECOS-DE-VAREJO-MERCADO-CENTRAL-DE-ARACAJU-10-15-E-17-DE-JULHO-2026.pdf
2026-07-15,2026,7,Julho,15,"07 Jul (13,15,20)",Origem vegetal,CEBOLINHA,Molho,2.0,Mercado Central,PRECOS-DE-VAREJO-MERCADO-CENTRAL-DE-ARACAJU-10-15-E-17-DE-JULHO-2026.pdf
2026-07-15,2026,7,Julho,15,"07 Jul (13,15,20)",Origem vegetal,CENOURA,Kg,7.0,Mercado Central,PRECOS-DE-VAREJO-MERCADO-CENTRAL-DE-ARACAJU-10-15-E-17-DE-JULHO-2026.pdf
2026-07-15,2026,7,Julho,15,"07 Jul (13,15,20)",Origem vegetal,CHUCHU,Um,1.0,Mercado Central,PRECOS-DE-VAREJO-MERCADO-CENTRAL-DE-ARACAJU-10-15-E-17-DE-JULHO-2026.pdf
2026-07-15,2026,7,Julho,15,"07 Jul (13,15,20)",Origem vegetal,COCO SECO,Um,6.0,Mercado Central,PRECOS-DE-VAREJO-MERCADO-CENTRAL-DE-ARACAJU-10-15-E-17-DE-JULHO-2026.pdf
2026-07-15,2026,7,Julho,15,"07 Jul (13,15,20)",Origem vegetal,COCO VERDE,Um,4.0,Mercado Central,PRECOS-DE-VAREJO-MERCADO-CENTRAL-DE-ARACAJU-10-15-E-17-DE-JULHO-2026.pdf
2026-07-15,2026,7,Julho,15,"07 Jul (13,15,20)",Origem vegetal,COENTRO,Molho,2.0,Mercado Central,PRECOS-DE-VAREJO-MERCADO-CENTRAL-DE-ARACAJU-10-15-E-17-DE-JULHO-2026.pdf
2026-07-15,2026,7,Julho,15,"07 Jul (13,15,20)",Origem vegetal,COUVE,Molho,2.0,Mercado Central,PRECOS-DE-VAREJO-MERCADO-CENTRAL-DE-ARACAJU-10-15-E-17-DE-JULHO-2026.pdf
2026-07-15,2026,7,Julho,15,"07 Jul (13,15,20)",Origem vegetal,COUVE-FLOR,Kg,14.0,Mercado Central,PRECOS-DE-VAREJO-MERCADO-CENTRAL-DE-ARACAJU-10-15-E-17-DE-JULHO-2026.pdf
2026-07-15,2026,7,Julho,15,"07 Jul (13,15,20)",Origem vegetal,FARINHA DE MANDIOCA,Kg,6.0,Mercado Central,PRECOS-DE-VAREJO-MERCADO-CENTRAL-DE-ARACAJU-10-15-E-17-DE-JULHO-2026.pdf
2026-07-15,2026,7,Julho,15,"07 Jul (13,15,20)",Origem vegetal,FEIJAO CARIOQUINHA,Kg,8.0,Mercado Central,PRECOS-DE-VAREJO-MERCADO-CENTRAL-DE-ARACAJU-10-15-E-17-DE-JULHO-2026.pdf
2026-07-15,2026,7,Julho,15,"07 Jul (13,15,20)",Origem vegetal,GOIABA VERMELHA,Kg,3.0,Mercado Central,PRECOS-DE-VAREJO-MERCADO-CENTRAL-DE-ARACAJU-10-15-E-17-DE-JULHO-2026.pdf
2026-07-15,2026,7,Julho,15,"07 Jul (13,15,20)",Origem vegetal,INHAME DA COSTA,Kg,12.0,Mercado Central,PRECOS-DE-VAREJO-MERCADO-CENTRAL-DE-ARACAJU-10-15-E-17-DE-JULHO-2026.pdf
2026-07-15,2026,7,Julho,15,"07 Jul (13,15,20)",Origem vegetal,LARANJA PERA,Uma,0.6,Mercado Central,PRECOS-DE-VAREJO-MERCADO-CENTRAL-DE-ARACAJU-10-15-E-17-DE-JULHO-2026.pdf
2026-07-15,2026,7,Julho,15,"07 Jul (13,15,20)",Origem vegetal,LIMAO TAITI,Kg,3.0,Mercado Central,PRECOS-DE-VAREJO-MERCADO-CENTRAL-DE-ARACAJU-10-15-E-17-DE-JULHO-2026.pdf
2026-07-15,2026,7,Julho,15,"07 Jul (13,15,20)",Origem vegetal,MACA NACIONAL,Kg,10.0,Mercado Central,PRECOS-DE-VAREJO-MERCADO-CENTRAL-DE-ARACAJU-10-15-E-17-DE-JULHO-2026.pdf
2026-07-15,2026,7,Julho,15,"07 Jul (13,15,20)",Origem vegetal,MACAXEIRA (AIPIM),Kg,3.0,Mercado Central,PRECOS-DE-VAREJO-MERCADO-CENTRAL-DE-ARACAJU-10-15-E-17-DE-JULHO-2026.pdf
2026-07-15,2026,7,Julho,15,"07 Jul (13,15,20)",Origem vegetal,MAMAO FORMOSA,Kg,3.0,Mercado Central,PRECOS-DE-VAREJO-MERCADO-CENTRAL-DE-ARACAJU-10-15-E-17-DE-JULHO-2026.pdf
2026-07-15,2026,7,Julho,15,"07 Jul (13,15,20)",Origem vegetal,MAMAO HAWAY,Kg,4.0,Mercado Central,PRECOS-DE-VAREJO-MERCADO-CENTRAL-DE-ARACAJU-10-15-E-17-DE-JULHO-2026.pdf
2026-07-15,2026,7,Julho,15,"07 Jul (13,15,20)",Origem vegetal,MANGA TOMMY,Kg,6.0,Mercado Central,PRECOS-DE-VAREJO-MERCADO-CENTRAL-DE-ARACAJU-10-15-E-17-DE-JULHO-2026.pdf
2026-07-15,2026,7,Julho,15,"07 Jul (13,15,20)",Origem vegetal,MARACUJA,Kg,7.0,Mercado Central,PRECOS-DE-VAREJO-MERCADO-CENTRAL-DE-ARACAJU-10-15-E-17-DE-JULHO-2026.pdf
2026-07-15,2026,7,Julho,15,"07 Jul (13,15,20)",Origem vegetal,MAXIXE,Kg,6.0,Mercado Central,PRECOS-DE-VAREJO-MERCADO-CENTRAL-DE-ARACAJU-10-15-E-17-DE-JULHO-2026.pdf
2026-07-15,2026,7,Julho,15,"07 Jul (13,15,20)",Origem vegetal,MELANCIA,Kg,1.5,Mercado Central,PRECOS-DE-VAREJO-MERCADO-CENTRAL-DE-ARACAJU-10-15-E-17-DE-JULHO-2026.pdf
2026-07-15,2026,7,Julho,15,"07 Jul (13,15,20)",Origem vegetal,MELAO ESPANHOL,Kg,4.0,Mercado Central,PRECOS-DE-VAREJO-MERCADO-CENTRAL-DE-ARACAJU-10-15-E-17-DE-JULHO-2026.pdf
2026-07-15,2026,7,Julho,15,"07 Jul (13,15,20)",Origem vegetal,MILHO EM GRAO,Kg,2.0,Mercado Central,PRECOS-DE-VAREJO-MERCADO-CENTRAL-DE-ARACAJU-10-15-E-17-DE-JULHO-2026.pdf
2026-07-15,2026,7,Julho,15,"07 Jul (13,15,20)",Origem vegetal,MILHO VERDE,Espiga,1.0,Mercado Central,PRECOS-DE-VAREJO-MERCADO-CENTRAL-DE-ARACAJU-10-15-E-17-DE-JULHO-2026.pdf
2026-07-15,2026,7,Julho,15,"07 Jul (13,15,20)",Origem vegetal,MORANGO,"Cx 0,3Kg",10.0,Mercado Central,PRECOS-DE-VAREJO-MERCADO-CENTRAL-DE-ARACAJU-10-15-E-17-DE-JULHO-2026.pdf
2026-07-15,2026,7,Julho,15,"07 Jul (13,15,20)",Origem vegetal,PIMENTAO VERDE,Um,1.0,Mercado Central,PRECOS-DE-VAREJO-MERCADO-CENTRAL-DE-ARACAJU-10-15-E-17-DE-JULHO-2026.pdf
2026-07-15,2026,7,Julho,15,"07 Jul (13,15,20)",Origem vegetal,QUIABO,Cento,10.0,Mercado Central,PRECOS-DE-VAREJO-MERCADO-CENTRAL-DE-ARACAJU-10-15-E-17-DE-JULHO-2026.pdf
2026-07-15,2026,7,Julho,15,"07 Jul (13,15,20)",Origem vegetal,REPOLHO VERDE,Kg,6.0,Mercado Central,PRECOS-DE-VAREJO-MERCADO-CENTRAL-DE-ARACAJU-10-15-E-17-DE-JULHO-2026.pdf
2026-07-15,2026,7,Julho,15,"07 Jul (13,15,20)",Origem vegetal,TOMATE,Kg,4.0,Mercado Central,PRECOS-DE-VAREJO-MERCADO-CENTRAL-DE-ARACAJU-10-15-E-17-DE-JULHO-2026.pdf
2026-07-15,2026,7,Julho,15,"07 Jul (13,15,20)",Origem vegetal,UVA SEM SEMENTE,Kg,10.0,Mercado Central,PRECOS-DE-VAREJO-MERCADO-CENTRAL-DE-ARACAJU-10-15-E-17-DE-JULHO-2026.pdf
2026-07-15,2026,7,Julho,15,"07 Jul (13,15,20)",Origem vegetal,VAGEM,Kg,25.0,Mercado Central,PRECOS-DE-VAREJO-MERCADO-CENTRAL-DE-ARACAJU-10-15-E-17-DE-JULHO-2026.pdf
2026-07-20,2026,7,Julho,20,"07 Jul (13,15,20)",Origem animal,ACEM C/ OSSO,Kg,26.0,Mercado Central,PRECOS-DE-VAREJO-MERCADO-CENTRAL-DE-ARACAJU-10-15-E-17-DE-JULHO-2026.pdf
2026-07-20,2026,7,Julho,20,"07 Jul (13,15,20)",Origem animal,ACEM S/ OSSO,Kg,35.0,Mercado Central,PRECOS-DE-VAREJO-MERCADO-CENTRAL-DE-ARACAJU-10-15-E-17-DE-JULHO-2026.pdf
2026-07-20,2026,7,Julho,20,"07 Jul (13,15,20)",Origem animal,ALCATRA,Kg,44.0,Mercado Central,PRECOS-DE-VAREJO-MERCADO-CENTRAL-DE-ARACAJU-10-15-E-17-DE-JULHO-2026.pdf
2026-07-20,2026,7,Julho,20,"07 Jul (13,15,20)",Origem animal,CARNE SUINA TRASEIRA,Kg,23.0,Mercado Central,PRECOS-DE-VAREJO-MERCADO-CENTRAL-DE-ARACAJU-10-15-E-17-DE-JULHO-2026.pdf
2026-07-20,2026,7,Julho,20,"07 Jul (13,15,20)",Origem animal,CHA DE DENTRO (COXAO MOLE),Kg,44.0,Mercado Central,PRECOS-DE-VAREJO-MERCADO-CENTRAL-DE-ARACAJU-10-15-E-17-DE-JULHO-2026.pdf
2026-07-20,2026,7,Julho,20,"07 Jul (13,15,20)",Origem animal,CHA DE FORA (COXAO DURO),Kg,39.0,Mercado Central,PRECOS-DE-VAREJO-MERCADO-CENTRAL-DE-ARACAJU-10-15-E-17-DE-JULHO-2026.pdf
2026-07-20,2026,7,Julho,20,"07 Jul (13,15,20)",Origem animal,CONTRA FILE,Kg,45.0,Mercado Central,PRECOS-DE-VAREJO-MERCADO-CENTRAL-DE-ARACAJU-10-15-E-17-DE-JULHO-2026.pdf
2026-07-20,2026,7,Julho,20,"07 Jul (13,15,20)",Origem animal,COSTELA,Kg,22.0,Mercado Central,PRECOS-DE-VAREJO-MERCADO-CENTRAL-DE-ARACAJU-10-15-E-17-DE-JULHO-2026.pdf
2026-07-20,2026,7,Julho,20,"07 Jul (13,15,20)",Origem animal,FILE MIGNION,Kg,55.0,Mercado Central,PRECOS-DE-VAREJO-MERCADO-CENTRAL-DE-ARACAJU-10-15-E-17-DE-JULHO-2026.pdf
2026-07-20,2026,7,Julho,20,"07 Jul (13,15,20)",Origem animal,FRANGO DE GRANJA,Kg,16.0,Mercado Central,PRECOS-DE-VAREJO-MERCADO-CENTRAL-DE-ARACAJU-10-15-E-17-DE-JULHO-2026.pdf
2026-07-20,2026,7,Julho,20,"07 Jul (13,15,20)",Origem animal,MANTEIGA,Kg,38.0,Mercado Central,PRECOS-DE-VAREJO-MERCADO-CENTRAL-DE-ARACAJU-10-15-E-17-DE-JULHO-2026.pdf
2026-07-20,2026,7,Julho,20,"07 Jul (13,15,20)",Origem animal,MUSCULO,Kg,27.0,Mercado Central,PRECOS-DE-VAREJO-MERCADO-CENTRAL-DE-ARACAJU-10-15-E-17-DE-JULHO-2026.pdf
2026-07-20,2026,7,Julho,20,"07 Jul (13,15,20)",Origem animal,OVO BRANCO GRANDE,Dz,8.0,Mercado Central,PRECOS-DE-VAREJO-MERCADO-CENTRAL-DE-ARACAJU-10-15-E-17-DE-JULHO-2026.pdf
2026-07-20,2026,7,Julho,20,"07 Jul (13,15,20)",Origem animal,OVO VERMELHO GRANDE,Dz,9.0,Mercado Central,PRECOS-DE-VAREJO-MERCADO-CENTRAL-DE-ARACAJU-10-15-E-17-DE-JULHO-2026.pdf
2026-07-20,2026,7,Julho,20,"07 Jul (13,15,20)",Origem animal,PALETA C/ OSSO,Kg,25.0,Mercado Central,PRECOS-DE-VAREJO-MERCADO-CENTRAL-DE-ARACAJU-10-15-E-17-DE-JULHO-2026.pdf
2026-07-20,2026,7,Julho,20,"07 Jul (13,15,20)",Origem animal,PATINHO,Kg,38.0,Mercado Central,PRECOS-DE-VAREJO-MERCADO-CENTRAL-DE-ARACAJU-10-15-E-17-DE-JULHO-2026.pdf
2026-07-20,2026,7,Julho,20,"07 Jul (13,15,20)",Origem animal,PEITO C/ OSSO,Kg,25.0,Mercado Central,PRECOS-DE-VAREJO-MERCADO-CENTRAL-DE-ARACAJU-10-15-E-17-DE-JULHO-2026.pdf
2026-07-20,2026,7,Julho,20,"07 Jul (13,15,20)",Origem animal,QUEIJO COALHO,Kg,28.0,Mercado Central,PRECOS-DE-VAREJO-MERCADO-CENTRAL-DE-ARACAJU-10-15-E-17-DE-JULHO-2026.pdf
2026-07-20,2026,7,Julho,20,"07 Jul (13,15,20)",Origem vegetal,ABACAXI GRANDE,Um,7.0,Mercado Central,PRECOS-DE-VAREJO-MERCADO-CENTRAL-DE-ARACAJU-10-15-E-17-DE-JULHO-2026.pdf
2026-07-20,2026,7,Julho,20,"07 Jul (13,15,20)",Origem vegetal,ABOBORA,Kg,5.0,Mercado Central,PRECOS-DE-VAREJO-MERCADO-CENTRAL-DE-ARACAJU-10-15-E-17-DE-JULHO-2026.pdf
2026-07-20,2026,7,Julho,20,"07 Jul (13,15,20)",Origem vegetal,ABOBRINHA,Kg,6.0,Mercado Central,PRECOS-DE-VAREJO-MERCADO-CENTRAL-DE-ARACAJU-10-15-E-17-DE-JULHO-2026.pdf
2026-07-20,2026,7,Julho,20,"07 Jul (13,15,20)",Origem vegetal,ACEROLA,Kg,10.0,Mercado Central,PRECOS-DE-VAREJO-MERCADO-CENTRAL-DE-ARACAJU-10-15-E-17-DE-JULHO-2026.pdf
2026-07-20,2026,7,Julho,20,"07 Jul (13,15,20)",Origem vegetal,ALFACE,Pe,2.0,Mercado Central,PRECOS-DE-VAREJO-MERCADO-CENTRAL-DE-ARACAJU-10-15-E-17-DE-JULHO-2026.pdf
2026-07-20,2026,7,Julho,20,"07 Jul (13,15,20)",Origem vegetal,ALHO,Cab.,2.0,Mercado Central,PRECOS-DE-VAREJO-MERCADO-CENTRAL-DE-ARACAJU-10-15-E-17-DE-JULHO-2026.pdf
2026-07-20,2026,7,Julho,20,"07 Jul (13,15,20)",Origem vegetal,AMENDOIM C/CASCA COZIDO,Lata,10.0,Mercado Central,PRECOS-DE-VAREJO-MERCADO-CENTRAL-DE-ARACAJU-10-15-E-17-DE-JULHO-2026.pdf
2026-07-20,2026,7,Julho,20,"07 Jul (13,15,20)",Origem vegetal,ARROZ AGULHA T 1,Kg,6.0,Mercado Central,PRECOS-DE-VAREJO-MERCADO-CENTRAL-DE-ARACAJU-10-15-E-17-DE-JULHO-2026.pdf
2026-07-20,2026,7,Julho,20,"07 Jul (13,15,20)",Origem vegetal,BANANA PRATA,Dz,5.0,Mercado Central,PRECOS-DE-VAREJO-MERCADO-CENTRAL-DE-ARACAJU-10-15-E-17-DE-JULHO-2026.pdf
2026-07-20,2026,7,Julho,20,"07 Jul (13,15,20)",Origem vegetal,BATATA DOCE,Kg,6.0,Mercado Central,PRECOS-DE-VAREJO-MERCADO-CENTRAL-DE-ARACAJU-10-15-E-17-DE-JULHO-2026.pdf
2026-07-20,2026,7,Julho,20,"07 Jul (13,15,20)",Origem vegetal,BATATA LISA,Kg,6.0,Mercado Central,PRECOS-DE-VAREJO-MERCADO-CENTRAL-DE-ARACAJU-10-15-E-17-DE-JULHO-2026.pdf
2026-07-20,2026,7,Julho,20,"07 Jul (13,15,20)",Origem vegetal,BETERRABA,Kg,7.0,Mercado Central,PRECOS-DE-VAREJO-MERCADO-CENTRAL-DE-ARACAJU-10-15-E-17-DE-JULHO-2026.pdf
2026-07-20,2026,7,Julho,20,"07 Jul (13,15,20)",Origem vegetal,CAJU,Um,1.0,Mercado Central,PRECOS-DE-VAREJO-MERCADO-CENTRAL-DE-ARACAJU-10-15-E-17-DE-JULHO-2026.pdf
2026-07-20,2026,7,Julho,20,"07 Jul (13,15,20)",Origem vegetal,CEBOLA BRANCA,Kg,6.0,Mercado Central,PRECOS-DE-VAREJO-MERCADO-CENTRAL-DE-ARACAJU-10-15-E-17-DE-JULHO-2026.pdf
2026-07-20,2026,7,Julho,20,"07 Jul (13,15,20)",Origem vegetal,CEBOLA ROXA,Kg,7.0,Mercado Central,PRECOS-DE-VAREJO-MERCADO-CENTRAL-DE-ARACAJU-10-15-E-17-DE-JULHO-2026.pdf
2026-07-20,2026,7,Julho,20,"07 Jul (13,15,20)",Origem vegetal,CEBOLINHA,Molho,2.0,Mercado Central,PRECOS-DE-VAREJO-MERCADO-CENTRAL-DE-ARACAJU-10-15-E-17-DE-JULHO-2026.pdf
2026-07-20,2026,7,Julho,20,"07 Jul (13,15,20)",Origem vegetal,CENOURA,Kg,6.0,Mercado Central,PRECOS-DE-VAREJO-MERCADO-CENTRAL-DE-ARACAJU-10-15-E-17-DE-JULHO-2026.pdf
2026-07-20,2026,7,Julho,20,"07 Jul (13,15,20)",Origem vegetal,CHUCHU,Um,1.0,Mercado Central,PRECOS-DE-VAREJO-MERCADO-CENTRAL-DE-ARACAJU-10-15-E-17-DE-JULHO-2026.pdf
2026-07-20,2026,7,Julho,20,"07 Jul (13,15,20)",Origem vegetal,COCO SECO,Um,6.0,Mercado Central,PRECOS-DE-VAREJO-MERCADO-CENTRAL-DE-ARACAJU-10-15-E-17-DE-JULHO-2026.pdf
2026-07-20,2026,7,Julho,20,"07 Jul (13,15,20)",Origem vegetal,COCO VERDE,Um,4.0,Mercado Central,PRECOS-DE-VAREJO-MERCADO-CENTRAL-DE-ARACAJU-10-15-E-17-DE-JULHO-2026.pdf
2026-07-20,2026,7,Julho,20,"07 Jul (13,15,20)",Origem vegetal,COENTRO,Molho,2.0,Mercado Central,PRECOS-DE-VAREJO-MERCADO-CENTRAL-DE-ARACAJU-10-15-E-17-DE-JULHO-2026.pdf
2026-07-20,2026,7,Julho,20,"07 Jul (13,15,20)",Origem vegetal,COUVE,Molho,2.0,Mercado Central,PRECOS-DE-VAREJO-MERCADO-CENTRAL-DE-ARACAJU-10-15-E-17-DE-JULHO-2026.pdf
2026-07-20,2026,7,Julho,20,"07 Jul (13,15,20)",Origem vegetal,COUVE-FLOR,Kg,14.0,Mercado Central,PRECOS-DE-VAREJO-MERCADO-CENTRAL-DE-ARACAJU-10-15-E-17-DE-JULHO-2026.pdf
2026-07-20,2026,7,Julho,20,"07 Jul (13,15,20)",Origem vegetal,FARINHA DE MANDIOCA,Kg,6.0,Mercado Central,PRECOS-DE-VAREJO-MERCADO-CENTRAL-DE-ARACAJU-10-15-E-17-DE-JULHO-2026.pdf
2026-07-20,2026,7,Julho,20,"07 Jul (13,15,20)",Origem vegetal,FEIJAO CARIOQUINHA,Kg,8.0,Mercado Central,PRECOS-DE-VAREJO-MERCADO-CENTRAL-DE-ARACAJU-10-15-E-17-DE-JULHO-2026.pdf
2026-07-20,2026,7,Julho,20,"07 Jul (13,15,20)",Origem vegetal,GOIABA VERMELHA,Kg,3.0,Mercado Central,PRECOS-DE-VAREJO-MERCADO-CENTRAL-DE-ARACAJU-10-15-E-17-DE-JULHO-2026.pdf
2026-07-20,2026,7,Julho,20,"07 Jul (13,15,20)",Origem vegetal,INHAME DA COSTA,Kg,12.0,Mercado Central,PRECOS-DE-VAREJO-MERCADO-CENTRAL-DE-ARACAJU-10-15-E-17-DE-JULHO-2026.pdf
2026-07-20,2026,7,Julho,20,"07 Jul (13,15,20)",Origem vegetal,LARANJA PERA,Uma,0.5,Mercado Central,PRECOS-DE-VAREJO-MERCADO-CENTRAL-DE-ARACAJU-10-15-E-17-DE-JULHO-2026.pdf
2026-07-20,2026,7,Julho,20,"07 Jul (13,15,20)",Origem vegetal,LIMAO TAITI,Kg,3.0,Mercado Central,PRECOS-DE-VAREJO-MERCADO-CENTRAL-DE-ARACAJU-10-15-E-17-DE-JULHO-2026.pdf
2026-07-20,2026,7,Julho,20,"07 Jul (13,15,20)",Origem vegetal,MACA NACIONAL,Kg,10.0,Mercado Central,PRECOS-DE-VAREJO-MERCADO-CENTRAL-DE-ARACAJU-10-15-E-17-DE-JULHO-2026.pdf
2026-07-20,2026,7,Julho,20,"07 Jul (13,15,20)",Origem vegetal,MACAXEIRA (AIPIM),Kg,3.0,Mercado Central,PRECOS-DE-VAREJO-MERCADO-CENTRAL-DE-ARACAJU-10-15-E-17-DE-JULHO-2026.pdf
2026-07-20,2026,7,Julho,20,"07 Jul (13,15,20)",Origem vegetal,MAMAO FORMOSA,Kg,3.0,Mercado Central,PRECOS-DE-VAREJO-MERCADO-CENTRAL-DE-ARACAJU-10-15-E-17-DE-JULHO-2026.pdf
2026-07-20,2026,7,Julho,20,"07 Jul (13,15,20)",Origem vegetal,MAMAO HAWAY,Kg,4.0,Mercado Central,PRECOS-DE-VAREJO-MERCADO-CENTRAL-DE-ARACAJU-10-15-E-17-DE-JULHO-2026.pdf
2026-07-20,2026,7,Julho,20,"07 Jul (13,15,20)",Origem vegetal,MANGA TOMMY,Kg,6.0,Mercado Central,PRECOS-DE-VAREJO-MERCADO-CENTRAL-DE-ARACAJU-10-15-E-17-DE-JULHO-2026.pdf
2026-07-20,2026,7,Julho,20,"07 Jul (13,15,20)",Origem vegetal,MARACUJA,Kg,7.0,Mercado Central,PRECOS-DE-VAREJO-MERCADO-CENTRAL-DE-ARACAJU-10-15-E-17-DE-JULHO-2026.pdf
2026-07-20,2026,7,Julho,20,"07 Jul (13,15,20)",Origem vegetal,MAXIXE,Kg,6.0,Mercado Central,PRECOS-DE-VAREJO-MERCADO-CENTRAL-DE-ARACAJU-10-15-E-17-DE-JULHO-2026.pdf
2026-07-20,2026,7,Julho,20,"07 Jul (13,15,20)",Origem vegetal,MELANCIA,Kg,1.5,Mercado Central,PRECOS-DE-VAREJO-MERCADO-CENTRAL-DE-ARACAJU-10-15-E-17-DE-JULHO-2026.pdf
2026-07-20,2026,7,Julho,20,"07 Jul (13,15,20)",Origem vegetal,MELAO ESPANHOL,Kg,4.0,Mercado Central,PRECOS-DE-VAREJO-MERCADO-CENTRAL-DE-ARACAJU-10-15-E-17-DE-JULHO-2026.pdf
2026-07-20,2026,7,Julho,20,"07 Jul (13,15,20)",Origem vegetal,MILHO EM GRAO,Kg,2.0,Mercado Central,PRECOS-DE-VAREJO-MERCADO-CENTRAL-DE-ARACAJU-10-15-E-17-DE-JULHO-2026.pdf
2026-07-20,2026,7,Julho,20,"07 Jul (13,15,20)",Origem vegetal,MILHO VERDE,Espiga,1.0,Mercado Central,PRECOS-DE-VAREJO-MERCADO-CENTRAL-DE-ARACAJU-10-15-E-17-DE-JULHO-2026.pdf
2026-07-20,2026,7,Julho,20,"07 Jul (13,15,20)",Origem vegetal,MORANGO,"Cx 0,3Kg",10.0,Mercado Central,PRECOS-DE-VAREJO-MERCADO-CENTRAL-DE-ARACAJU-10-15-E-17-DE-JULHO-2026.pdf
2026-07-20,2026,7,Julho,20,"07 Jul (13,15,20)",Origem vegetal,PIMENTAO VERDE,Um,1.0,Mercado Central,PRECOS-DE-VAREJO-MERCADO-CENTRAL-DE-ARACAJU-10-15-E-17-DE-JULHO-2026.pdf
2026-07-20,2026,7,Julho,20,"07 Jul (13,15,20)",Origem vegetal,QUIABO,Cento,10.0,Mercado Central,PRECOS-DE-VAREJO-MERCADO-CENTRAL-DE-ARACAJU-10-15-E-17-DE-JULHO-2026.pdf
2026-07-20,2026,7,Julho,20,"07 Jul (13,15,20)",Origem vegetal,REPOLHO VERDE,Kg,6.0,Mercado Central,PRECOS-DE-VAREJO-MERCADO-CENTRAL-DE-ARACAJU-10-15-E-17-DE-JULHO-2026.pdf
2026-07-20,2026,7,Julho,20,"07 Jul (13,15,20)",Origem vegetal,TOMATE,Kg,3.0,Mercado Central,PRECOS-DE-VAREJO-MERCADO-CENTRAL-DE-ARACAJU-10-15-E-17-DE-JULHO-2026.pdf
2026-07-20,2026,7,Julho,20,"07 Jul (13,15,20)",Origem vegetal,UVA SEM SEMENTE,Kg,10.0,Mercado Central,PRECOS-DE-VAREJO-MERCADO-CENTRAL-DE-ARACAJU-10-15-E-17-DE-JULHO-2026.pdf
2026-07-20,2026,7,Julho,20,"07 Jul (13,15,20)",Origem vegetal,VAGEM,Kg,25.0,Mercado Central,PRECOS-DE-VAREJO-MERCADO-CENTRAL-DE-ARACAJU-10-15-E-17-DE-JULHO-2026.pdf
2026-07-22,2026,7,Julho,22,"07 Jul (22,27,29)",Origem animal,ACEM C/ OSSO,Kg,26.0,Mercado Central,PRECOS-DE-VAREJO-MERCADO-CENTRAL-DE-ARACAJU-2227-e-29-DE-JULHO-2026.pdf
2026-07-22,2026,7,Julho,22,"07 Jul (22,27,29)",Origem animal,ACEM S/ OSSO,Kg,35.0,Mercado Central,PRECOS-DE-VAREJO-MERCADO-CENTRAL-DE-ARACAJU-2227-e-29-DE-JULHO-2026.pdf
2026-07-22,2026,7,Julho,22,"07 Jul (22,27,29)",Origem animal,ALCATRA,Kg,44.0,Mercado Central,PRECOS-DE-VAREJO-MERCADO-CENTRAL-DE-ARACAJU-2227-e-29-DE-JULHO-2026.pdf
2026-07-22,2026,7,Julho,22,"07 Jul (22,27,29)",Origem animal,CARNE SUINA TRASEIRA,Kg,23.0,Mercado Central,PRECOS-DE-VAREJO-MERCADO-CENTRAL-DE-ARACAJU-2227-e-29-DE-JULHO-2026.pdf
2026-07-22,2026,7,Julho,22,"07 Jul (22,27,29)",Origem animal,CHA DE DENTRO (COXAO MOLE),Kg,44.0,Mercado Central,PRECOS-DE-VAREJO-MERCADO-CENTRAL-DE-ARACAJU-2227-e-29-DE-JULHO-2026.pdf
2026-07-22,2026,7,Julho,22,"07 Jul (22,27,29)",Origem animal,CHA DE FORA (COXAO DURO),Kg,39.0,Mercado Central,PRECOS-DE-VAREJO-MERCADO-CENTRAL-DE-ARACAJU-2227-e-29-DE-JULHO-2026.pdf
2026-07-22,2026,7,Julho,22,"07 Jul (22,27,29)",Origem animal,CONTRA FILE,Kg,45.0,Mercado Central,PRECOS-DE-VAREJO-MERCADO-CENTRAL-DE-ARACAJU-2227-e-29-DE-JULHO-2026.pdf
2026-07-22,2026,7,Julho,22,"07 Jul (22,27,29)",Origem animal,COSTELA,Kg,22.0,Mercado Central,PRECOS-DE-VAREJO-MERCADO-CENTRAL-DE-ARACAJU-2227-e-29-DE-JULHO-2026.pdf
2026-07-22,2026,7,Julho,22,"07 Jul (22,27,29)",Origem animal,FILE MIGNION,Kg,55.0,Mercado Central,PRECOS-DE-VAREJO-MERCADO-CENTRAL-DE-ARACAJU-2227-e-29-DE-JULHO-2026.pdf
2026-07-22,2026,7,Julho,22,"07 Jul (22,27,29)",Origem animal,FRANGO DE GRANJA,Kg,16.0,Mercado Central,PRECOS-DE-VAREJO-MERCADO-CENTRAL-DE-ARACAJU-2227-e-29-DE-JULHO-2026.pdf
2026-07-22,2026,7,Julho,22,"07 Jul (22,27,29)",Origem animal,MANTEIGA,Kg,38.0,Mercado Central,PRECOS-DE-VAREJO-MERCADO-CENTRAL-DE-ARACAJU-2227-e-29-DE-JULHO-2026.pdf
2026-07-22,2026,7,Julho,22,"07 Jul (22,27,29)",Origem animal,MUSCULO,Kg,27.0,Mercado Central,PRECOS-DE-VAREJO-MERCADO-CENTRAL-DE-ARACAJU-2227-e-29-DE-JULHO-2026.pdf
2026-07-22,2026,7,Julho,22,"07 Jul (22,27,29)",Origem animal,OVO BRANCO GRANDE,Dz,8.0,Mercado Central,PRECOS-DE-VAREJO-MERCADO-CENTRAL-DE-ARACAJU-2227-e-29-DE-JULHO-2026.pdf
2026-07-22,2026,7,Julho,22,"07 Jul (22,27,29)",Origem animal,OVO VERMELHO GRANDE,Dz,9.0,Mercado Central,PRECOS-DE-VAREJO-MERCADO-CENTRAL-DE-ARACAJU-2227-e-29-DE-JULHO-2026.pdf
2026-07-22,2026,7,Julho,22,"07 Jul (22,27,29)",Origem animal,PALETA C/ OSSO,Kg,25.0,Mercado Central,PRECOS-DE-VAREJO-MERCADO-CENTRAL-DE-ARACAJU-2227-e-29-DE-JULHO-2026.pdf
2026-07-22,2026,7,Julho,22,"07 Jul (22,27,29)",Origem animal,PATINHO,Kg,38.0,Mercado Central,PRECOS-DE-VAREJO-MERCADO-CENTRAL-DE-ARACAJU-2227-e-29-DE-JULHO-2026.pdf
2026-07-22,2026,7,Julho,22,"07 Jul (22,27,29)",Origem animal,PEITO C/ OSSO,Kg,25.0,Mercado Central,PRECOS-DE-VAREJO-MERCADO-CENTRAL-DE-ARACAJU-2227-e-29-DE-JULHO-2026.pdf
2026-07-22,2026,7,Julho,22,"07 Jul (22,27,29)",Origem animal,QUEIJO COALHO,Kg,28.0,Mercado Central,PRECOS-DE-VAREJO-MERCADO-CENTRAL-DE-ARACAJU-2227-e-29-DE-JULHO-2026.pdf
2026-07-22,2026,7,Julho,22,"07 Jul (22,27,29)",Origem vegetal,ABACAXI GRANDE,Um,7.0,Mercado Central,PRECOS-DE-VAREJO-MERCADO-CENTRAL-DE-ARACAJU-2227-e-29-DE-JULHO-2026.pdf
2026-07-22,2026,7,Julho,22,"07 Jul (22,27,29)",Origem vegetal,ABOBORA,Kg,5.0,Mercado Central,PRECOS-DE-VAREJO-MERCADO-CENTRAL-DE-ARACAJU-2227-e-29-DE-JULHO-2026.pdf
2026-07-22,2026,7,Julho,22,"07 Jul (22,27,29)",Origem vegetal,ABOBRINHA,Kg,6.0,Mercado Central,PRECOS-DE-VAREJO-MERCADO-CENTRAL-DE-ARACAJU-2227-e-29-DE-JULHO-2026.pdf
2026-07-22,2026,7,Julho,22,"07 Jul (22,27,29)",Origem vegetal,ACEROLA,Kg,10.0,Mercado Central,PRECOS-DE-VAREJO-MERCADO-CENTRAL-DE-ARACAJU-2227-e-29-DE-JULHO-2026.pdf
2026-07-22,2026,7,Julho,22,"07 Jul (22,27,29)",Origem vegetal,ALFACE,Unidade,2.0,Mercado Central,PRECOS-DE-VAREJO-MERCADO-CENTRAL-DE-ARACAJU-2227-e-29-DE-JULHO-2026.pdf
2026-07-22,2026,7,Julho,22,"07 Jul (22,27,29)",Origem vegetal,ALHO,Kg,2.0,Mercado Central,PRECOS-DE-VAREJO-MERCADO-CENTRAL-DE-ARACAJU-2227-e-29-DE-JULHO-2026.pdf
2026-07-22,2026,7,Julho,22,"07 Jul (22,27,29)",Origem vegetal,AMENDOIM C/CASCA COZIDO,Kg,10.0,Mercado Central,PRECOS-DE-VAREJO-MERCADO-CENTRAL-DE-ARACAJU-2227-e-29-DE-JULHO-2026.pdf
2026-07-22,2026,7,Julho,22,"07 Jul (22,27,29)",Origem vegetal,ARROZ AGULHA T 1,Kg,6.0,Mercado Central,PRECOS-DE-VAREJO-MERCADO-CENTRAL-DE-ARACAJU-2227-e-29-DE-JULHO-2026.pdf
2026-07-22,2026,7,Julho,22,"07 Jul (22,27,29)",Origem vegetal,BANANA PRATA,Dz,5.0,Mercado Central,PRECOS-DE-VAREJO-MERCADO-CENTRAL-DE-ARACAJU-2227-e-29-DE-JULHO-2026.pdf
2026-07-22,2026,7,Julho,22,"07 Jul (22,27,29)",Origem vegetal,BATATA DOCE,Kg,6.0,Mercado Central,PRECOS-DE-VAREJO-MERCADO-CENTRAL-DE-ARACAJU-2227-e-29-DE-JULHO-2026.pdf
2026-07-22,2026,7,Julho,22,"07 Jul (22,27,29)",Origem vegetal,BATATA LISA,Kg,6.0,Mercado Central,PRECOS-DE-VAREJO-MERCADO-CENTRAL-DE-ARACAJU-2227-e-29-DE-JULHO-2026.pdf
2026-07-22,2026,7,Julho,22,"07 Jul (22,27,29)",Origem vegetal,BETERRABA,Kg,7.0,Mercado Central,PRECOS-DE-VAREJO-MERCADO-CENTRAL-DE-ARACAJU-2227-e-29-DE-JULHO-2026.pdf
2026-07-22,2026,7,Julho,22,"07 Jul (22,27,29)",Origem vegetal,CAJU,Kg,1.0,Mercado Central,PRECOS-DE-VAREJO-MERCADO-CENTRAL-DE-ARACAJU-2227-e-29-DE-JULHO-2026.pdf
2026-07-22,2026,7,Julho,22,"07 Jul (22,27,29)",Origem vegetal,CEBOLA BRANCA,Kg,6.0,Mercado Central,PRECOS-DE-VAREJO-MERCADO-CENTRAL-DE-ARACAJU-2227-e-29-DE-JULHO-2026.pdf
2026-07-22,2026,7,Julho,22,"07 Jul (22,27,29)",Origem vegetal,CEBOLA ROXA,Kg,7.0,Mercado Central,PRECOS-DE-VAREJO-MERCADO-CENTRAL-DE-ARACAJU-2227-e-29-DE-JULHO-2026.pdf
2026-07-22,2026,7,Julho,22,"07 Jul (22,27,29)",Origem vegetal,CEBOLINHA,Molho,2.0,Mercado Central,PRECOS-DE-VAREJO-MERCADO-CENTRAL-DE-ARACAJU-2227-e-29-DE-JULHO-2026.pdf
2026-07-22,2026,7,Julho,22,"07 Jul (22,27,29)",Origem vegetal,CENOURA,Kg,6.0,Mercado Central,PRECOS-DE-VAREJO-MERCADO-CENTRAL-DE-ARACAJU-2227-e-29-DE-JULHO-2026.pdf
2026-07-22,2026,7,Julho,22,"07 Jul (22,27,29)",Origem vegetal,CHUCHU,Kg,1.0,Mercado Central,PRECOS-DE-VAREJO-MERCADO-CENTRAL-DE-ARACAJU-2227-e-29-DE-JULHO-2026.pdf
2026-07-22,2026,7,Julho,22,"07 Jul (22,27,29)",Origem vegetal,COCO SECO,Um,6.0,Mercado Central,PRECOS-DE-VAREJO-MERCADO-CENTRAL-DE-ARACAJU-2227-e-29-DE-JULHO-2026.pdf
2026-07-22,2026,7,Julho,22,"07 Jul (22,27,29)",Origem vegetal,COCO VERDE,Um,4.0,Mercado Central,PRECOS-DE-VAREJO-MERCADO-CENTRAL-DE-ARACAJU-2227-e-29-DE-JULHO-2026.pdf
2026-07-22,2026,7,Julho,22,"07 Jul (22,27,29)",Origem vegetal,COENTRO,Molho,2.0,Mercado Central,PRECOS-DE-VAREJO-MERCADO-CENTRAL-DE-ARACAJU-2227-e-29-DE-JULHO-2026.pdf
2026-07-22,2026,7,Julho,22,"07 Jul (22,27,29)",Origem vegetal,COUVE,Molho,2.0,Mercado Central,PRECOS-DE-VAREJO-MERCADO-CENTRAL-DE-ARACAJU-2227-e-29-DE-JULHO-2026.pdf
2026-07-22,2026,7,Julho,22,"07 Jul (22,27,29)",Origem vegetal,COUVE-FLOR,Kg,14.0,Mercado Central,PRECOS-DE-VAREJO-MERCADO-CENTRAL-DE-ARACAJU-2227-e-29-DE-JULHO-2026.pdf
2026-07-22,2026,7,Julho,22,"07 Jul (22,27,29)",Origem vegetal,FARINHA DE MANDIOCA,Kg,6.0,Mercado Central,PRECOS-DE-VAREJO-MERCADO-CENTRAL-DE-ARACAJU-2227-e-29-DE-JULHO-2026.pdf
2026-07-22,2026,7,Julho,22,"07 Jul (22,27,29)",Origem vegetal,FEIJAO CARIOQUINHA,Kg,8.0,Mercado Central,PRECOS-DE-VAREJO-MERCADO-CENTRAL-DE-ARACAJU-2227-e-29-DE-JULHO-2026.pdf
2026-07-22,2026,7,Julho,22,"07 Jul (22,27,29)",Origem vegetal,GOIABA VERMELHA,Kg,3.0,Mercado Central,PRECOS-DE-VAREJO-MERCADO-CENTRAL-DE-ARACAJU-2227-e-29-DE-JULHO-2026.pdf
2026-07-22,2026,7,Julho,22,"07 Jul (22,27,29)",Origem vegetal,INHAME DA COSTA,Kg,12.0,Mercado Central,PRECOS-DE-VAREJO-MERCADO-CENTRAL-DE-ARACAJU-2227-e-29-DE-JULHO-2026.pdf
2026-07-22,2026,7,Julho,22,"07 Jul (22,27,29)",Origem vegetal,LARANJA PERA,Uma,0.5,Mercado Central,PRECOS-DE-VAREJO-MERCADO-CENTRAL-DE-ARACAJU-2227-e-29-DE-JULHO-2026.pdf
2026-07-22,2026,7,Julho,22,"07 Jul (22,27,29)",Origem vegetal,LIMAO TAITI,Kg,3.0,Mercado Central,PRECOS-DE-VAREJO-MERCADO-CENTRAL-DE-ARACAJU-2227-e-29-DE-JULHO-2026.pdf
2026-07-22,2026,7,Julho,22,"07 Jul (22,27,29)",Origem vegetal,MACA NACIONAL,Kg,10.0,Mercado Central,PRECOS-DE-VAREJO-MERCADO-CENTRAL-DE-ARACAJU-2227-e-29-DE-JULHO-2026.pdf
2026-07-22,2026,7,Julho,22,"07 Jul (22,27,29)",Origem vegetal,MACAXEIRA (AIPIM),Kg,3.0,Mercado Central,PRECOS-DE-VAREJO-MERCADO-CENTRAL-DE-ARACAJU-2227-e-29-DE-JULHO-2026.pdf
2026-07-22,2026,7,Julho,22,"07 Jul (22,27,29)",Origem vegetal,MAMAO FORMOSA,Kg,3.0,Mercado Central,PRECOS-DE-VAREJO-MERCADO-CENTRAL-DE-ARACAJU-2227-e-29-DE-JULHO-2026.pdf
2026-07-22,2026,7,Julho,22,"07 Jul (22,27,29)",Origem vegetal,MAMAO HAWAY,Kg,4.0,Mercado Central,PRECOS-DE-VAREJO-MERCADO-CENTRAL-DE-ARACAJU-2227-e-29-DE-JULHO-2026.pdf
2026-07-22,2026,7,Julho,22,"07 Jul (22,27,29)",Origem vegetal,MANGA TOMMY,Kg,6.0,Mercado Central,PRECOS-DE-VAREJO-MERCADO-CENTRAL-DE-ARACAJU-2227-e-29-DE-JULHO-2026.pdf
2026-07-22,2026,7,Julho,22,"07 Jul (22,27,29)",Origem vegetal,MARACUJA,Kg,7.0,Mercado Central,PRECOS-DE-VAREJO-MERCADO-CENTRAL-DE-ARACAJU-2227-e-29-DE-JULHO-2026.pdf
2026-07-22,2026,7,Julho,22,"07 Jul (22,27,29)",Origem vegetal,MAXIXE,Kg,6.0,Mercado Central,PRECOS-DE-VAREJO-MERCADO-CENTRAL-DE-ARACAJU-2227-e-29-DE-JULHO-2026.pdf
2026-07-22,2026,7,Julho,22,"07 Jul (22,27,29)",Origem vegetal,MELANCIA,Kg,1.5,Mercado Central,PRECOS-DE-VAREJO-MERCADO-CENTRAL-DE-ARACAJU-2227-e-29-DE-JULHO-2026.pdf
2026-07-22,2026,7,Julho,22,"07 Jul (22,27,29)",Origem vegetal,MELAO ESPANHOL,Kg,4.0,Mercado Central,PRECOS-DE-VAREJO-MERCADO-CENTRAL-DE-ARACAJU-2227-e-29-DE-JULHO-2026.pdf
2026-07-22,2026,7,Julho,22,"07 Jul (22,27,29)",Origem vegetal,MILHO EM GRAO,Kg,2.0,Mercado Central,PRECOS-DE-VAREJO-MERCADO-CENTRAL-DE-ARACAJU-2227-e-29-DE-JULHO-2026.pdf
2026-07-22,2026,7,Julho,22,"07 Jul (22,27,29)",Origem vegetal,MILHO VERDE,Espiga,1.0,Mercado Central,PRECOS-DE-VAREJO-MERCADO-CENTRAL-DE-ARACAJU-2227-e-29-DE-JULHO-2026.pdf
2026-07-22,2026,7,Julho,22,"07 Jul (22,27,29)",Origem vegetal,MORANGO,"Cx 0,3Kg",10.0,Mercado Central,PRECOS-DE-VAREJO-MERCADO-CENTRAL-DE-ARACAJU-2227-e-29-DE-JULHO-2026.pdf
2026-07-22,2026,7,Julho,22,"07 Jul (22,27,29)",Origem vegetal,PIMENTAO VERDE,Kg,1.0,Mercado Central,PRECOS-DE-VAREJO-MERCADO-CENTRAL-DE-ARACAJU-2227-e-29-DE-JULHO-2026.pdf
2026-07-22,2026,7,Julho,22,"07 Jul (22,27,29)",Origem vegetal,QUIABO,Cento,10.0,Mercado Central,PRECOS-DE-VAREJO-MERCADO-CENTRAL-DE-ARACAJU-2227-e-29-DE-JULHO-2026.pdf
2026-07-22,2026,7,Julho,22,"07 Jul (22,27,29)",Origem vegetal,REPOLHO VERDE,Kg,6.0,Mercado Central,PRECOS-DE-VAREJO-MERCADO-CENTRAL-DE-ARACAJU-2227-e-29-DE-JULHO-2026.pdf
2026-07-22,2026,7,Julho,22,"07 Jul (22,27,29)",Origem vegetal,TOMATE,Kg,3.0,Mercado Central,PRECOS-DE-VAREJO-MERCADO-CENTRAL-DE-ARACAJU-2227-e-29-DE-JULHO-2026.pdf
2026-07-22,2026,7,Julho,22,"07 Jul (22,27,29)",Origem vegetal,UVA SEM SEMENTE,Kg,10.0,Mercado Central,PRECOS-DE-VAREJO-MERCADO-CENTRAL-DE-ARACAJU-2227-e-29-DE-JULHO-2026.pdf
2026-07-22,2026,7,Julho,22,"07 Jul (22,27,29)",Origem vegetal,VAGEM,Kg,25.0,Mercado Central,PRECOS-DE-VAREJO-MERCADO-CENTRAL-DE-ARACAJU-2227-e-29-DE-JULHO-2026.pdf
2026-07-27,2026,7,Julho,27,"07 Jul (22,27,29)",Origem animal,ACEM C/ OSSO,Kg,26.0,Mercado Central,PRECOS-DE-VAREJO-MERCADO-CENTRAL-DE-ARACAJU-2227-e-29-DE-JULHO-2026.pdf
2026-07-27,2026,7,Julho,27,"07 Jul (22,27,29)",Origem animal,ACEM S/ OSSO,Kg,35.0,Mercado Central,PRECOS-DE-VAREJO-MERCADO-CENTRAL-DE-ARACAJU-2227-e-29-DE-JULHO-2026.pdf
2026-07-27,2026,7,Julho,27,"07 Jul (22,27,29)",Origem animal,ALCATRA,Kg,44.0,Mercado Central,PRECOS-DE-VAREJO-MERCADO-CENTRAL-DE-ARACAJU-2227-e-29-DE-JULHO-2026.pdf
2026-07-27,2026,7,Julho,27,"07 Jul (22,27,29)",Origem animal,CARNE SUINA TRASEIRA,Kg,23.0,Mercado Central,PRECOS-DE-VAREJO-MERCADO-CENTRAL-DE-ARACAJU-2227-e-29-DE-JULHO-2026.pdf
2026-07-27,2026,7,Julho,27,"07 Jul (22,27,29)",Origem animal,CHA DE DENTRO (COXAO MOLE),Kg,44.0,Mercado Central,PRECOS-DE-VAREJO-MERCADO-CENTRAL-DE-ARACAJU-2227-e-29-DE-JULHO-2026.pdf
2026-07-27,2026,7,Julho,27,"07 Jul (22,27,29)",Origem animal,CHA DE FORA (COXAO DURO),Kg,39.0,Mercado Central,PRECOS-DE-VAREJO-MERCADO-CENTRAL-DE-ARACAJU-2227-e-29-DE-JULHO-2026.pdf
2026-07-27,2026,7,Julho,27,"07 Jul (22,27,29)",Origem animal,CONTRA FILE,Kg,45.0,Mercado Central,PRECOS-DE-VAREJO-MERCADO-CENTRAL-DE-ARACAJU-2227-e-29-DE-JULHO-2026.pdf
2026-07-27,2026,7,Julho,27,"07 Jul (22,27,29)",Origem animal,COSTELA,Kg,22.0,Mercado Central,PRECOS-DE-VAREJO-MERCADO-CENTRAL-DE-ARACAJU-2227-e-29-DE-JULHO-2026.pdf
2026-07-27,2026,7,Julho,27,"07 Jul (22,27,29)",Origem animal,FILE MIGNION,Kg,55.0,Mercado Central,PRECOS-DE-VAREJO-MERCADO-CENTRAL-DE-ARACAJU-2227-e-29-DE-JULHO-2026.pdf
2026-07-27,2026,7,Julho,27,"07 Jul (22,27,29)",Origem animal,FRANGO DE GRANJA,Kg,16.0,Mercado Central,PRECOS-DE-VAREJO-MERCADO-CENTRAL-DE-ARACAJU-2227-e-29-DE-JULHO-2026.pdf
2026-07-27,2026,7,Julho,27,"07 Jul (22,27,29)",Origem animal,MANTEIGA,Kg,38.0,Mercado Central,PRECOS-DE-VAREJO-MERCADO-CENTRAL-DE-ARACAJU-2227-e-29-DE-JULHO-2026.pdf
2026-07-27,2026,7,Julho,27,"07 Jul (22,27,29)",Origem animal,MUSCULO,Kg,27.0,Mercado Central,PRECOS-DE-VAREJO-MERCADO-CENTRAL-DE-ARACAJU-2227-e-29-DE-JULHO-2026.pdf
2026-07-27,2026,7,Julho,27,"07 Jul (22,27,29)",Origem animal,OVO BRANCO GRANDE,Dz,8.0,Mercado Central,PRECOS-DE-VAREJO-MERCADO-CENTRAL-DE-ARACAJU-2227-e-29-DE-JULHO-2026.pdf
2026-07-27,2026,7,Julho,27,"07 Jul (22,27,29)",Origem animal,OVO VERMELHO GRANDE,Dz,9.0,Mercado Central,PRECOS-DE-VAREJO-MERCADO-CENTRAL-DE-ARACAJU-2227-e-29-DE-JULHO-2026.pdf
2026-07-27,2026,7,Julho,27,"07 Jul (22,27,29)",Origem animal,PALETA C/ OSSO,Kg,25.0,Mercado Central,PRECOS-DE-VAREJO-MERCADO-CENTRAL-DE-ARACAJU-2227-e-29-DE-JULHO-2026.pdf
2026-07-27,2026,7,Julho,27,"07 Jul (22,27,29)",Origem animal,PATINHO,Kg,38.0,Mercado Central,PRECOS-DE-VAREJO-MERCADO-CENTRAL-DE-ARACAJU-2227-e-29-DE-JULHO-2026.pdf
2026-07-27,2026,7,Julho,27,"07 Jul (22,27,29)",Origem animal,PEITO C/ OSSO,Kg,25.0,Mercado Central,PRECOS-DE-VAREJO-MERCADO-CENTRAL-DE-ARACAJU-2227-e-29-DE-JULHO-2026.pdf
2026-07-27,2026,7,Julho,27,"07 Jul (22,27,29)",Origem animal,QUEIJO COALHO,Kg,28.0,Mercado Central,PRECOS-DE-VAREJO-MERCADO-CENTRAL-DE-ARACAJU-2227-e-29-DE-JULHO-2026.pdf
2026-07-27,2026,7,Julho,27,"07 Jul (22,27,29)",Origem vegetal,ABACAXI GRANDE,Um,7.0,Mercado Central,PRECOS-DE-VAREJO-MERCADO-CENTRAL-DE-ARACAJU-2227-e-29-DE-JULHO-2026.pdf
2026-07-27,2026,7,Julho,27,"07 Jul (22,27,29)",Origem vegetal,ABOBORA,Kg,5.0,Mercado Central,PRECOS-DE-VAREJO-MERCADO-CENTRAL-DE-ARACAJU-2227-e-29-DE-JULHO-2026.pdf
2026-07-27,2026,7,Julho,27,"07 Jul (22,27,29)",Origem vegetal,ABOBRINHA,Kg,6.0,Mercado Central,PRECOS-DE-VAREJO-MERCADO-CENTRAL-DE-ARACAJU-2227-e-29-DE-JULHO-2026.pdf
2026-07-27,2026,7,Julho,27,"07 Jul (22,27,29)",Origem vegetal,ACEROLA,Kg,10.0,Mercado Central,PRECOS-DE-VAREJO-MERCADO-CENTRAL-DE-ARACAJU-2227-e-29-DE-JULHO-2026.pdf
2026-07-27,2026,7,Julho,27,"07 Jul (22,27,29)",Origem vegetal,ALFACE,Unidade,2.0,Mercado Central,PRECOS-DE-VAREJO-MERCADO-CENTRAL-DE-ARACAJU-2227-e-29-DE-JULHO-2026.pdf
2026-07-27,2026,7,Julho,27,"07 Jul (22,27,29)",Origem vegetal,ALHO,Kg,25.0,Mercado Central,PRECOS-DE-VAREJO-MERCADO-CENTRAL-DE-ARACAJU-2227-e-29-DE-JULHO-2026.pdf
2026-07-27,2026,7,Julho,27,"07 Jul (22,27,29)",Origem vegetal,AMENDOIM C/CASCA COZIDO,Kg,40.0,Mercado Central,PRECOS-DE-VAREJO-MERCADO-CENTRAL-DE-ARACAJU-2227-e-29-DE-JULHO-2026.pdf
2026-07-27,2026,7,Julho,27,"07 Jul (22,27,29)",Origem vegetal,ARROZ AGULHA T 1,Kg,6.0,Mercado Central,PRECOS-DE-VAREJO-MERCADO-CENTRAL-DE-ARACAJU-2227-e-29-DE-JULHO-2026.pdf
2026-07-27,2026,7,Julho,27,"07 Jul (22,27,29)",Origem vegetal,BANANA PRATA,Dz,5.0,Mercado Central,PRECOS-DE-VAREJO-MERCADO-CENTRAL-DE-ARACAJU-2227-e-29-DE-JULHO-2026.pdf
2026-07-27,2026,7,Julho,27,"07 Jul (22,27,29)",Origem vegetal,BATATA DOCE,Kg,6.0,Mercado Central,PRECOS-DE-VAREJO-MERCADO-CENTRAL-DE-ARACAJU-2227-e-29-DE-JULHO-2026.pdf
2026-07-27,2026,7,Julho,27,"07 Jul (22,27,29)",Origem vegetal,BATATA LISA,Kg,6.0,Mercado Central,PRECOS-DE-VAREJO-MERCADO-CENTRAL-DE-ARACAJU-2227-e-29-DE-JULHO-2026.pdf
2026-07-27,2026,7,Julho,27,"07 Jul (22,27,29)",Origem vegetal,BETERRABA,Kg,7.0,Mercado Central,PRECOS-DE-VAREJO-MERCADO-CENTRAL-DE-ARACAJU-2227-e-29-DE-JULHO-2026.pdf
2026-07-27,2026,7,Julho,27,"07 Jul (22,27,29)",Origem vegetal,CAJU,Kg,10.0,Mercado Central,PRECOS-DE-VAREJO-MERCADO-CENTRAL-DE-ARACAJU-2227-e-29-DE-JULHO-2026.pdf
2026-07-27,2026,7,Julho,27,"07 Jul (22,27,29)",Origem vegetal,CEBOLA BRANCA,Kg,6.0,Mercado Central,PRECOS-DE-VAREJO-MERCADO-CENTRAL-DE-ARACAJU-2227-e-29-DE-JULHO-2026.pdf
2026-07-27,2026,7,Julho,27,"07 Jul (22,27,29)",Origem vegetal,CEBOLA ROXA,Kg,7.0,Mercado Central,PRECOS-DE-VAREJO-MERCADO-CENTRAL-DE-ARACAJU-2227-e-29-DE-JULHO-2026.pdf
2026-07-27,2026,7,Julho,27,"07 Jul (22,27,29)",Origem vegetal,CEBOLINHA,Molho,2.0,Mercado Central,PRECOS-DE-VAREJO-MERCADO-CENTRAL-DE-ARACAJU-2227-e-29-DE-JULHO-2026.pdf
2026-07-27,2026,7,Julho,27,"07 Jul (22,27,29)",Origem vegetal,CENOURA,Kg,6.0,Mercado Central,PRECOS-DE-VAREJO-MERCADO-CENTRAL-DE-ARACAJU-2227-e-29-DE-JULHO-2026.pdf
2026-07-27,2026,7,Julho,27,"07 Jul (22,27,29)",Origem vegetal,CHUCHU,Kg,4.0,Mercado Central,PRECOS-DE-VAREJO-MERCADO-CENTRAL-DE-ARACAJU-2227-e-29-DE-JULHO-2026.pdf
2026-07-27,2026,7,Julho,27,"07 Jul (22,27,29)",Origem vegetal,COCO SECO,Um,6.0,Mercado Central,PRECOS-DE-VAREJO-MERCADO-CENTRAL-DE-ARACAJU-2227-e-29-DE-JULHO-2026.pdf
2026-07-27,2026,7,Julho,27,"07 Jul (22,27,29)",Origem vegetal,COCO VERDE,Um,4.0,Mercado Central,PRECOS-DE-VAREJO-MERCADO-CENTRAL-DE-ARACAJU-2227-e-29-DE-JULHO-2026.pdf
2026-07-27,2026,7,Julho,27,"07 Jul (22,27,29)",Origem vegetal,COENTRO,Molho,2.0,Mercado Central,PRECOS-DE-VAREJO-MERCADO-CENTRAL-DE-ARACAJU-2227-e-29-DE-JULHO-2026.pdf
2026-07-27,2026,7,Julho,27,"07 Jul (22,27,29)",Origem vegetal,COUVE,Molho,2.0,Mercado Central,PRECOS-DE-VAREJO-MERCADO-CENTRAL-DE-ARACAJU-2227-e-29-DE-JULHO-2026.pdf
2026-07-27,2026,7,Julho,27,"07 Jul (22,27,29)",Origem vegetal,COUVE-FLOR,Kg,26.0,Mercado Central,PRECOS-DE-VAREJO-MERCADO-CENTRAL-DE-ARACAJU-2227-e-29-DE-JULHO-2026.pdf
2026-07-27,2026,7,Julho,27,"07 Jul (22,27,29)",Origem vegetal,FARINHA DE MANDIOCA,Kg,6.0,Mercado Central,PRECOS-DE-VAREJO-MERCADO-CENTRAL-DE-ARACAJU-2227-e-29-DE-JULHO-2026.pdf
2026-07-27,2026,7,Julho,27,"07 Jul (22,27,29)",Origem vegetal,FEIJAO CARIOQUINHA,Kg,8.0,Mercado Central,PRECOS-DE-VAREJO-MERCADO-CENTRAL-DE-ARACAJU-2227-e-29-DE-JULHO-2026.pdf
2026-07-27,2026,7,Julho,27,"07 Jul (22,27,29)",Origem vegetal,GOIABA VERMELHA,Kg,3.0,Mercado Central,PRECOS-DE-VAREJO-MERCADO-CENTRAL-DE-ARACAJU-2227-e-29-DE-JULHO-2026.pdf
2026-07-27,2026,7,Julho,27,"07 Jul (22,27,29)",Origem vegetal,INHAME DA COSTA,Kg,12.0,Mercado Central,PRECOS-DE-VAREJO-MERCADO-CENTRAL-DE-ARACAJU-2227-e-29-DE-JULHO-2026.pdf
2026-07-27,2026,7,Julho,27,"07 Jul (22,27,29)",Origem vegetal,LARANJA PERA,Uma,0.5,Mercado Central,PRECOS-DE-VAREJO-MERCADO-CENTRAL-DE-ARACAJU-2227-e-29-DE-JULHO-2026.pdf
2026-07-27,2026,7,Julho,27,"07 Jul (22,27,29)",Origem vegetal,LIMAO TAITI,Kg,3.0,Mercado Central,PRECOS-DE-VAREJO-MERCADO-CENTRAL-DE-ARACAJU-2227-e-29-DE-JULHO-2026.pdf
2026-07-27,2026,7,Julho,27,"07 Jul (22,27,29)",Origem vegetal,MACA NACIONAL,Kg,10.0,Mercado Central,PRECOS-DE-VAREJO-MERCADO-CENTRAL-DE-ARACAJU-2227-e-29-DE-JULHO-2026.pdf
2026-07-27,2026,7,Julho,27,"07 Jul (22,27,29)",Origem vegetal,MACAXEIRA (AIPIM),Kg,3.0,Mercado Central,PRECOS-DE-VAREJO-MERCADO-CENTRAL-DE-ARACAJU-2227-e-29-DE-JULHO-2026.pdf
2026-07-27,2026,7,Julho,27,"07 Jul (22,27,29)",Origem vegetal,MAMAO FORMOSA,Kg,3.0,Mercado Central,PRECOS-DE-VAREJO-MERCADO-CENTRAL-DE-ARACAJU-2227-e-29-DE-JULHO-2026.pdf
2026-07-27,2026,7,Julho,27,"07 Jul (22,27,29)",Origem vegetal,MAMAO HAWAY,Kg,4.0,Mercado Central,PRECOS-DE-VAREJO-MERCADO-CENTRAL-DE-ARACAJU-2227-e-29-DE-JULHO-2026.pdf
2026-07-27,2026,7,Julho,27,"07 Jul (22,27,29)",Origem vegetal,MANGA TOMMY,Kg,7.0,Mercado Central,PRECOS-DE-VAREJO-MERCADO-CENTRAL-DE-ARACAJU-2227-e-29-DE-JULHO-2026.pdf
2026-07-27,2026,7,Julho,27,"07 Jul (22,27,29)",Origem vegetal,MARACUJA,Kg,10.0,Mercado Central,PRECOS-DE-VAREJO-MERCADO-CENTRAL-DE-ARACAJU-2227-e-29-DE-JULHO-2026.pdf
2026-07-27,2026,7,Julho,27,"07 Jul (22,27,29)",Origem vegetal,MAXIXE,Kg,10.0,Mercado Central,PRECOS-DE-VAREJO-MERCADO-CENTRAL-DE-ARACAJU-2227-e-29-DE-JULHO-2026.pdf
2026-07-27,2026,7,Julho,27,"07 Jul (22,27,29)",Origem vegetal,MELANCIA,Kg,1.5,Mercado Central,PRECOS-DE-VAREJO-MERCADO-CENTRAL-DE-ARACAJU-2227-e-29-DE-JULHO-2026.pdf
2026-07-27,2026,7,Julho,27,"07 Jul (22,27,29)",Origem vegetal,MELAO ESPANHOL,Kg,4.0,Mercado Central,PRECOS-DE-VAREJO-MERCADO-CENTRAL-DE-ARACAJU-2227-e-29-DE-JULHO-2026.pdf
2026-07-27,2026,7,Julho,27,"07 Jul (22,27,29)",Origem vegetal,MILHO EM GRAO,Kg,2.0,Mercado Central,PRECOS-DE-VAREJO-MERCADO-CENTRAL-DE-ARACAJU-2227-e-29-DE-JULHO-2026.pdf
2026-07-27,2026,7,Julho,27,"07 Jul (22,27,29)",Origem vegetal,MILHO VERDE,Espiga,0.8,Mercado Central,PRECOS-DE-VAREJO-MERCADO-CENTRAL-DE-ARACAJU-2227-e-29-DE-JULHO-2026.pdf
2026-07-27,2026,7,Julho,27,"07 Jul (22,27,29)",Origem vegetal,MORANGO,"Cx 0,3Kg",8.0,Mercado Central,PRECOS-DE-VAREJO-MERCADO-CENTRAL-DE-ARACAJU-2227-e-29-DE-JULHO-2026.pdf
2026-07-27,2026,7,Julho,27,"07 Jul (22,27,29)",Origem vegetal,PIMENTAO VERDE,Kg,6.0,Mercado Central,PRECOS-DE-VAREJO-MERCADO-CENTRAL-DE-ARACAJU-2227-e-29-DE-JULHO-2026.pdf
2026-07-27,2026,7,Julho,27,"07 Jul (22,27,29)",Origem vegetal,QUIABO,Cento,10.0,Mercado Central,PRECOS-DE-VAREJO-MERCADO-CENTRAL-DE-ARACAJU-2227-e-29-DE-JULHO-2026.pdf
2026-07-27,2026,7,Julho,27,"07 Jul (22,27,29)",Origem vegetal,REPOLHO VERDE,Kg,7.0,Mercado Central,PRECOS-DE-VAREJO-MERCADO-CENTRAL-DE-ARACAJU-2227-e-29-DE-JULHO-2026.pdf
2026-07-27,2026,7,Julho,27,"07 Jul (22,27,29)",Origem vegetal,TOMATE,Kg,3.0,Mercado Central,PRECOS-DE-VAREJO-MERCADO-CENTRAL-DE-ARACAJU-2227-e-29-DE-JULHO-2026.pdf
2026-07-27,2026,7,Julho,27,"07 Jul (22,27,29)",Origem vegetal,UVA SEM SEMENTE,Kg,12.0,Mercado Central,PRECOS-DE-VAREJO-MERCADO-CENTRAL-DE-ARACAJU-2227-e-29-DE-JULHO-2026.pdf
2026-07-27,2026,7,Julho,27,"07 Jul (22,27,29)",Origem vegetal,VAGEM,Kg,25.0,Mercado Central,PRECOS-DE-VAREJO-MERCADO-CENTRAL-DE-ARACAJU-2227-e-29-DE-JULHO-2026.pdf
2026-07-29,2026,7,Julho,29,"07 Jul (22,27,29)",Origem animal,ACEM C/ OSSO,Kg,26.0,Mercado Central,PRECOS-DE-VAREJO-MERCADO-CENTRAL-DE-ARACAJU-2227-e-29-DE-JULHO-2026.pdf
2026-07-29,2026,7,Julho,29,"07 Jul (22,27,29)",Origem animal,ACEM S/ OSSO,Kg,35.0,Mercado Central,PRECOS-DE-VAREJO-MERCADO-CENTRAL-DE-ARACAJU-2227-e-29-DE-JULHO-2026.pdf
2026-07-29,2026,7,Julho,29,"07 Jul (22,27,29)",Origem animal,ALCATRA,Kg,44.0,Mercado Central,PRECOS-DE-VAREJO-MERCADO-CENTRAL-DE-ARACAJU-2227-e-29-DE-JULHO-2026.pdf
2026-07-29,2026,7,Julho,29,"07 Jul (22,27,29)",Origem animal,CARNE SUINA TRASEIRA,Kg,23.0,Mercado Central,PRECOS-DE-VAREJO-MERCADO-CENTRAL-DE-ARACAJU-2227-e-29-DE-JULHO-2026.pdf
2026-07-29,2026,7,Julho,29,"07 Jul (22,27,29)",Origem animal,CHA DE DENTRO (COXAO MOLE),Kg,44.0,Mercado Central,PRECOS-DE-VAREJO-MERCADO-CENTRAL-DE-ARACAJU-2227-e-29-DE-JULHO-2026.pdf
2026-07-29,2026,7,Julho,29,"07 Jul (22,27,29)",Origem animal,CHA DE FORA (COXAO DURO),Kg,39.0,Mercado Central,PRECOS-DE-VAREJO-MERCADO-CENTRAL-DE-ARACAJU-2227-e-29-DE-JULHO-2026.pdf
2026-07-29,2026,7,Julho,29,"07 Jul (22,27,29)",Origem animal,CONTRA FILE,Kg,45.0,Mercado Central,PRECOS-DE-VAREJO-MERCADO-CENTRAL-DE-ARACAJU-2227-e-29-DE-JULHO-2026.pdf
2026-07-29,2026,7,Julho,29,"07 Jul (22,27,29)",Origem animal,COSTELA,Kg,22.0,Mercado Central,PRECOS-DE-VAREJO-MERCADO-CENTRAL-DE-ARACAJU-2227-e-29-DE-JULHO-2026.pdf
2026-07-29,2026,7,Julho,29,"07 Jul (22,27,29)",Origem animal,FILE MIGNION,Kg,55.0,Mercado Central,PRECOS-DE-VAREJO-MERCADO-CENTRAL-DE-ARACAJU-2227-e-29-DE-JULHO-2026.pdf
2026-07-29,2026,7,Julho,29,"07 Jul (22,27,29)",Origem animal,FRANGO DE GRANJA,Kg,16.0,Mercado Central,PRECOS-DE-VAREJO-MERCADO-CENTRAL-DE-ARACAJU-2227-e-29-DE-JULHO-2026.pdf
2026-07-29,2026,7,Julho,29,"07 Jul (22,27,29)",Origem animal,MANTEIGA,Kg,38.0,Mercado Central,PRECOS-DE-VAREJO-MERCADO-CENTRAL-DE-ARACAJU-2227-e-29-DE-JULHO-2026.pdf
2026-07-29,2026,7,Julho,29,"07 Jul (22,27,29)",Origem animal,MUSCULO,Kg,27.0,Mercado Central,PRECOS-DE-VAREJO-MERCADO-CENTRAL-DE-ARACAJU-2227-e-29-DE-JULHO-2026.pdf
2026-07-29,2026,7,Julho,29,"07 Jul (22,27,29)",Origem animal,OVO BRANCO GRANDE,Dz,8.0,Mercado Central,PRECOS-DE-VAREJO-MERCADO-CENTRAL-DE-ARACAJU-2227-e-29-DE-JULHO-2026.pdf
2026-07-29,2026,7,Julho,29,"07 Jul (22,27,29)",Origem animal,OVO VERMELHO GRANDE,Dz,9.0,Mercado Central,PRECOS-DE-VAREJO-MERCADO-CENTRAL-DE-ARACAJU-2227-e-29-DE-JULHO-2026.pdf
2026-07-29,2026,7,Julho,29,"07 Jul (22,27,29)",Origem animal,PALETA C/ OSSO,Kg,25.0,Mercado Central,PRECOS-DE-VAREJO-MERCADO-CENTRAL-DE-ARACAJU-2227-e-29-DE-JULHO-2026.pdf
2026-07-29,2026,7,Julho,29,"07 Jul (22,27,29)",Origem animal,PATINHO,Kg,38.0,Mercado Central,PRECOS-DE-VAREJO-MERCADO-CENTRAL-DE-ARACAJU-2227-e-29-DE-JULHO-2026.pdf
2026-07-29,2026,7,Julho,29,"07 Jul (22,27,29)",Origem animal,PEITO C/ OSSO,Kg,25.0,Mercado Central,PRECOS-DE-VAREJO-MERCADO-CENTRAL-DE-ARACAJU-2227-e-29-DE-JULHO-2026.pdf
2026-07-29,2026,7,Julho,29,"07 Jul (22,27,29)",Origem animal,QUEIJO COALHO,Kg,28.0,Mercado Central,PRECOS-DE-VAREJO-MERCADO-CENTRAL-DE-ARACAJU-2227-e-29-DE-JULHO-2026.pdf
2026-07-29,2026,7,Julho,29,"07 Jul (22,27,29)",Origem vegetal,ABACAXI GRANDE,Um,7.0,Mercado Central,PRECOS-DE-VAREJO-MERCADO-CENTRAL-DE-ARACAJU-2227-e-29-DE-JULHO-2026.pdf
2026-07-29,2026,7,Julho,29,"07 Jul (22,27,29)",Origem vegetal,ABOBORA,Kg,5.0,Mercado Central,PRECOS-DE-VAREJO-MERCADO-CENTRAL-DE-ARACAJU-2227-e-29-DE-JULHO-2026.pdf
2026-07-29,2026,7,Julho,29,"07 Jul (22,27,29)",Origem vegetal,ABOBRINHA,Kg,6.0,Mercado Central,PRECOS-DE-VAREJO-MERCADO-CENTRAL-DE-ARACAJU-2227-e-29-DE-JULHO-2026.pdf
2026-07-29,2026,7,Julho,29,"07 Jul (22,27,29)",Origem vegetal,ACEROLA,Kg,10.0,Mercado Central,PRECOS-DE-VAREJO-MERCADO-CENTRAL-DE-ARACAJU-2227-e-29-DE-JULHO-2026.pdf
2026-07-29,2026,7,Julho,29,"07 Jul (22,27,29)",Origem vegetal,ALFACE,Unidade,2.0,Mercado Central,PRECOS-DE-VAREJO-MERCADO-CENTRAL-DE-ARACAJU-2227-e-29-DE-JULHO-2026.pdf
2026-07-29,2026,7,Julho,29,"07 Jul (22,27,29)",Origem vegetal,ALHO,Kg,25.0,Mercado Central,PRECOS-DE-VAREJO-MERCADO-CENTRAL-DE-ARACAJU-2227-e-29-DE-JULHO-2026.pdf
2026-07-29,2026,7,Julho,29,"07 Jul (22,27,29)",Origem vegetal,AMENDOIM C/CASCA COZIDO,Kg,40.0,Mercado Central,PRECOS-DE-VAREJO-MERCADO-CENTRAL-DE-ARACAJU-2227-e-29-DE-JULHO-2026.pdf
2026-07-29,2026,7,Julho,29,"07 Jul (22,27,29)",Origem vegetal,ARROZ AGULHA T 1,Kg,6.0,Mercado Central,PRECOS-DE-VAREJO-MERCADO-CENTRAL-DE-ARACAJU-2227-e-29-DE-JULHO-2026.pdf
2026-07-29,2026,7,Julho,29,"07 Jul (22,27,29)",Origem vegetal,BANANA PRATA,Dz,5.0,Mercado Central,PRECOS-DE-VAREJO-MERCADO-CENTRAL-DE-ARACAJU-2227-e-29-DE-JULHO-2026.pdf
2026-07-29,2026,7,Julho,29,"07 Jul (22,27,29)",Origem vegetal,BATATA DOCE,Kg,6.0,Mercado Central,PRECOS-DE-VAREJO-MERCADO-CENTRAL-DE-ARACAJU-2227-e-29-DE-JULHO-2026.pdf
2026-07-29,2026,7,Julho,29,"07 Jul (22,27,29)",Origem vegetal,BATATA LISA,Kg,6.0,Mercado Central,PRECOS-DE-VAREJO-MERCADO-CENTRAL-DE-ARACAJU-2227-e-29-DE-JULHO-2026.pdf
2026-07-29,2026,7,Julho,29,"07 Jul (22,27,29)",Origem vegetal,BETERRABA,Kg,7.0,Mercado Central,PRECOS-DE-VAREJO-MERCADO-CENTRAL-DE-ARACAJU-2227-e-29-DE-JULHO-2026.pdf
2026-07-29,2026,7,Julho,29,"07 Jul (22,27,29)",Origem vegetal,CAJU,Kg,10.0,Mercado Central,PRECOS-DE-VAREJO-MERCADO-CENTRAL-DE-ARACAJU-2227-e-29-DE-JULHO-2026.pdf
2026-07-29,2026,7,Julho,29,"07 Jul (22,27,29)",Origem vegetal,CEBOLA BRANCA,Kg,6.0,Mercado Central,PRECOS-DE-VAREJO-MERCADO-CENTRAL-DE-ARACAJU-2227-e-29-DE-JULHO-2026.pdf
2026-07-29,2026,7,Julho,29,"07 Jul (22,27,29)",Origem vegetal,CEBOLA ROXA,Kg,7.0,Mercado Central,PRECOS-DE-VAREJO-MERCADO-CENTRAL-DE-ARACAJU-2227-e-29-DE-JULHO-2026.pdf
2026-07-29,2026,7,Julho,29,"07 Jul (22,27,29)",Origem vegetal,CEBOLINHA,Molho,2.0,Mercado Central,PRECOS-DE-VAREJO-MERCADO-CENTRAL-DE-ARACAJU-2227-e-29-DE-JULHO-2026.pdf
2026-07-29,2026,7,Julho,29,"07 Jul (22,27,29)",Origem vegetal,CENOURA,Kg,6.0,Mercado Central,PRECOS-DE-VAREJO-MERCADO-CENTRAL-DE-ARACAJU-2227-e-29-DE-JULHO-2026.pdf
2026-07-29,2026,7,Julho,29,"07 Jul (22,27,29)",Origem vegetal,CHUCHU,Kg,4.0,Mercado Central,PRECOS-DE-VAREJO-MERCADO-CENTRAL-DE-ARACAJU-2227-e-29-DE-JULHO-2026.pdf
2026-07-29,2026,7,Julho,29,"07 Jul (22,27,29)",Origem vegetal,COCO SECO,Um,6.0,Mercado Central,PRECOS-DE-VAREJO-MERCADO-CENTRAL-DE-ARACAJU-2227-e-29-DE-JULHO-2026.pdf
2026-07-29,2026,7,Julho,29,"07 Jul (22,27,29)",Origem vegetal,COCO VERDE,Um,4.0,Mercado Central,PRECOS-DE-VAREJO-MERCADO-CENTRAL-DE-ARACAJU-2227-e-29-DE-JULHO-2026.pdf
2026-07-29,2026,7,Julho,29,"07 Jul (22,27,29)",Origem vegetal,COENTRO,Molho,2.0,Mercado Central,PRECOS-DE-VAREJO-MERCADO-CENTRAL-DE-ARACAJU-2227-e-29-DE-JULHO-2026.pdf
2026-07-29,2026,7,Julho,29,"07 Jul (22,27,29)",Origem vegetal,COUVE,Molho,2.0,Mercado Central,PRECOS-DE-VAREJO-MERCADO-CENTRAL-DE-ARACAJU-2227-e-29-DE-JULHO-2026.pdf
2026-07-29,2026,7,Julho,29,"07 Jul (22,27,29)",Origem vegetal,COUVE-FLOR,Kg,26.0,Mercado Central,PRECOS-DE-VAREJO-MERCADO-CENTRAL-DE-ARACAJU-2227-e-29-DE-JULHO-2026.pdf
2026-07-29,2026,7,Julho,29,"07 Jul (22,27,29)",Origem vegetal,FARINHA DE MANDIOCA,Kg,6.0,Mercado Central,PRECOS-DE-VAREJO-MERCADO-CENTRAL-DE-ARACAJU-2227-e-29-DE-JULHO-2026.pdf
2026-07-29,2026,7,Julho,29,"07 Jul (22,27,29)",Origem vegetal,FEIJAO CARIOQUINHA,Kg,8.0,Mercado Central,PRECOS-DE-VAREJO-MERCADO-CENTRAL-DE-ARACAJU-2227-e-29-DE-JULHO-2026.pdf
2026-07-29,2026,7,Julho,29,"07 Jul (22,27,29)",Origem vegetal,GOIABA VERMELHA,Kg,3.0,Mercado Central,PRECOS-DE-VAREJO-MERCADO-CENTRAL-DE-ARACAJU-2227-e-29-DE-JULHO-2026.pdf
2026-07-29,2026,7,Julho,29,"07 Jul (22,27,29)",Origem vegetal,INHAME DA COSTA,Kg,12.0,Mercado Central,PRECOS-DE-VAREJO-MERCADO-CENTRAL-DE-ARACAJU-2227-e-29-DE-JULHO-2026.pdf
2026-07-29,2026,7,Julho,29,"07 Jul (22,27,29)",Origem vegetal,LARANJA PERA,Uma,0.5,Mercado Central,PRECOS-DE-VAREJO-MERCADO-CENTRAL-DE-ARACAJU-2227-e-29-DE-JULHO-2026.pdf
2026-07-29,2026,7,Julho,29,"07 Jul (22,27,29)",Origem vegetal,LIMAO TAITI,Kg,3.0,Mercado Central,PRECOS-DE-VAREJO-MERCADO-CENTRAL-DE-ARACAJU-2227-e-29-DE-JULHO-2026.pdf
2026-07-29,2026,7,Julho,29,"07 Jul (22,27,29)",Origem vegetal,MACA NACIONAL,Kg,10.0,Mercado Central,PRECOS-DE-VAREJO-MERCADO-CENTRAL-DE-ARACAJU-2227-e-29-DE-JULHO-2026.pdf
2026-07-29,2026,7,Julho,29,"07 Jul (22,27,29)",Origem vegetal,MACAXEIRA (AIPIM),Kg,3.0,Mercado Central,PRECOS-DE-VAREJO-MERCADO-CENTRAL-DE-ARACAJU-2227-e-29-DE-JULHO-2026.pdf
2026-07-29,2026,7,Julho,29,"07 Jul (22,27,29)",Origem vegetal,MAMAO FORMOSA,Kg,3.0,Mercado Central,PRECOS-DE-VAREJO-MERCADO-CENTRAL-DE-ARACAJU-2227-e-29-DE-JULHO-2026.pdf
2026-07-29,2026,7,Julho,29,"07 Jul (22,27,29)",Origem vegetal,MAMAO HAWAY,Kg,4.0,Mercado Central,PRECOS-DE-VAREJO-MERCADO-CENTRAL-DE-ARACAJU-2227-e-29-DE-JULHO-2026.pdf
2026-07-29,2026,7,Julho,29,"07 Jul (22,27,29)",Origem vegetal,MANGA TOMMY,Kg,7.0,Mercado Central,PRECOS-DE-VAREJO-MERCADO-CENTRAL-DE-ARACAJU-2227-e-29-DE-JULHO-2026.pdf
2026-07-29,2026,7,Julho,29,"07 Jul (22,27,29)",Origem vegetal,MARACUJA,Kg,10.0,Mercado Central,PRECOS-DE-VAREJO-MERCADO-CENTRAL-DE-ARACAJU-2227-e-29-DE-JULHO-2026.pdf
2026-07-29,2026,7,Julho,29,"07 Jul (22,27,29)",Origem vegetal,MAXIXE,Kg,10.0,Mercado Central,PRECOS-DE-VAREJO-MERCADO-CENTRAL-DE-ARACAJU-2227-e-29-DE-JULHO-2026.pdf
2026-07-29,2026,7,Julho,29,"07 Jul (22,27,29)",Origem vegetal,MELANCIA,Kg,1.5,Mercado Central,PRECOS-DE-VAREJO-MERCADO-CENTRAL-DE-ARACAJU-2227-e-29-DE-JULHO-2026.pdf
2026-07-29,2026,7,Julho,29,"07 Jul (22,27,29)",Origem vegetal,MELAO ESPANHOL,Kg,4.0,Mercado Central,PRECOS-DE-VAREJO-MERCADO-CENTRAL-DE-ARACAJU-2227-e-29-DE-JULHO-2026.pdf
2026-07-29,2026,7,Julho,29,"07 Jul (22,27,29)",Origem vegetal,MILHO EM GRAO,Kg,2.0,Mercado Central,PRECOS-DE-VAREJO-MERCADO-CENTRAL-DE-ARACAJU-2227-e-29-DE-JULHO-2026.pdf
2026-07-29,2026,7,Julho,29,"07 Jul (22,27,29)",Origem vegetal,MILHO VERDE,Espiga,0.8,Mercado Central,PRECOS-DE-VAREJO-MERCADO-CENTRAL-DE-ARACAJU-2227-e-29-DE-JULHO-2026.pdf
2026-07-29,2026,7,Julho,29,"07 Jul (22,27,29)",Origem vegetal,MORANGO,"Cx 0,3Kg",8.0,Mercado Central,PRECOS-DE-VAREJO-MERCADO-CENTRAL-DE-ARACAJU-2227-e-29-DE-JULHO-2026.pdf
2026-07-29,2026,7,Julho,29,"07 Jul (22,27,29)",Origem vegetal,PIMENTAO VERDE,Kg,6.0,Mercado Central,PRECOS-DE-VAREJO-MERCADO-CENTRAL-DE-ARACAJU-2227-e-29-DE-JULHO-2026.pdf
2026-07-29,2026,7,Julho,29,"07 Jul (22,27,29)",Origem vegetal,QUIABO,Cento,10.0,Mercado Central,PRECOS-DE-VAREJO-MERCADO-CENTRAL-DE-ARACAJU-2227-e-29-DE-JULHO-2026.pdf
2026-07-29,2026,7,Julho,29,"07 Jul (22,27,29)",Origem vegetal,REPOLHO VERDE,Kg,7.0,Mercado Central,PRECOS-DE-VAREJO-MERCADO-CENTRAL-DE-ARACAJU-2227-e-29-DE-JULHO-2026.pdf
2026-07-29,2026,7,Julho,29,"07 Jul (22,27,29)",Origem vegetal,TOMATE,Kg,3.0,Mercado Central,PRECOS-DE-VAREJO-MERCADO-CENTRAL-DE-ARACAJU-2227-e-29-DE-JULHO-2026.pdf
2026-07-29,2026,7,Julho,29,"07 Jul (22,27,29)",Origem vegetal,UVA SEM SEMENTE,Kg,12.0,Mercado Central,PRECOS-DE-VAREJO-MERCADO-CENTRAL-DE-ARACAJU-2227-e-29-DE-JULHO-2026.pdf
2026-07-29,2026,7,Julho,29,"07 Jul (22,27,29)",Origem vegetal,VAGEM,Kg,25.0,Mercado Central,PRECOS-DE-VAREJO-MERCADO-CENTRAL-DE-ARACAJU-2227-e-29-DE-JULHO-2026.pdf
